A,20151030,37.720001,38.099998,37.68,37.759998,2191900
A,20151029,37.470001,37.77,37.279999,37.700001,1337800
A,20151028,37.060001,37.610001,36.77,37.52,1780100
A,20151027,36.669998,37.060001,36.470001,37.049999,2525700
A,20151026,36.98,37.110001,36.689999,36.830002,1694100
A,20151023,36.50,37.27,36.18,37.110001,2716400
A,20151022,36.029999,36.950001,36.00,36.09,3696200
A,20151021,36.540001,36.599998,35.799999,35.900002,2886400
A,20151020,36.110001,36.52,36.029999,36.32,2573300
A,20151019,35.689999,36.23,35.59,36.23,3685800
A,20151016,35.689999,36.02,35.369999,35.779999,1754300
A,20151015,35.119999,35.68,34.790001,35.580002,1427300
A,20151014,35.639999,35.77,34.970001,35.049999,1644300
A,20151013,35.759998,36.240002,35.529999,35.630001,2379300
A,20151012,36.080002,36.18,35.860001,35.990002,1258300
A,20151009,35.939999,36.34,35.880001,36.23,3230000
A,20151008,35.389999,36.07,35.34,36.009998,2597900
A,20151007,35.200001,35.779999,35.099998,35.540001,3085400
A,20151006,35.130001,35.209999,34.529999,34.900002,1828000
A,20151005,35.040001,35.389999,34.84,35.34,1669600
A,20151002,33.18,34.68,33.119999,34.669998,3512400
A,20151001,34.32,34.48,33.48,33.740002,3011400
A,20150930,34.080002,34.43,33.669998,34.330002,2539800
A,20150929,33.360001,34.060001,33.240002,33.740002,2252400
A,20150928,34.130001,34.27,33.32,33.369999,2612200
A,20150925,34.700001,35.02,34.099998,34.450001,2727800
A,20150924,34.560001,34.639999,34.150002,34.45,2028900
A,20150923,35.099998,35.240002,34.810001,34.848844,1962600
A,20150922,35.189999,35.330002,34.939999,34.948553,2283300
A,20150921,35.959999,36.07,35.41,35.5867,2640200
A,20150918,35.860001,36.220001,35.59,35.636558,3352300
A,20150917,36.630001,36.990002,36.290001,36.294647,1819100
A,20150916,36.150002,36.869999,36.060001,36.414299,2130100
A,20150915,35.75,36.299999,35.509998,36.045371,1752700
A,20150914,35.919998,36.09,35.32,35.447105,2223300
A,20150911,35.66,35.959999,35.439999,35.855919,1443300
A,20150910,35.610001,36.040001,35.439999,35.75621,1628700
A,20150909,36.50,36.799999,35.439999,35.437136,1885300
A,20150908,35.82,36.25,35.509998,36.105195,1787400
A,20150904,35.040001,35.509998,34.900002,34.958526,2819000
A,20150903,35.610001,36.119999,35.529999,35.646527,2140400
A,20150902,35.330002,35.529999,34.880001,35.427163,2118300
A,20150901,35.299999,35.580002,34.57,34.649422,2953900
A,20150831,36.439999,36.549999,35.950001,36.204908,2554700
A,20150828,36.450001,36.66,36.150002,36.404326,1783600
A,20150827,36.169998,36.669998,35.889999,36.533951,2406300
A,20150826,35.360001,35.700001,34.470001,35.516902,3233800
A,20150825,35.68,36.169998,34.299999,34.260551,3802700
A,20150824,33.869999,36.009998,33.57,34.579625,4115000
A,20150821,37.130001,37.490002,36.169998,36.125138,3827500
A,20150820,38.009998,38.310001,37.50,37.401432,2144600
A,20150819,38.689999,38.810001,38.299999,38.288859,2730400
A,20150818,39.110001,40.349998,39.00,38.907063,6416900
A,20150817,38.360001,39.02,38.119999,38.707641,3302100
A,20150814,38.619999,38.73,38.32,38.538135,2632700
A,20150813,38.939999,38.939999,38.459999,38.448396,2848900
A,20150812,39.049999,39.110001,38.27,38.777438,3431000
A,20150811,40.189999,40.189999,39.299999,39.305903,1575700
A,20150810,40.240002,40.639999,40.16,40.352867,1554500
A,20150807,40.139999,40.209999,39.630001,39.874257,1513100
A,20150806,40.950001,40.959999,39.91,40.003878,1932000
A,20150805,40.939999,41.189999,40.689999,40.602144,949500
A,20150804,40.939999,41.349998,40.549999,40.502431,1448100
A,20150803,40.919998,41.130001,40.580002,40.881332,2104200
A,20150731,41.049999,41.139999,40.779999,40.831477,2247700
A,20150730,40.259998,41.049999,40.07,40.85142,2440400
A,20150729,40.50,40.73,40.240002,40.28307,2014100
A,20150728,40.00,40.470001,39.50,40.332925,2768200
A,20150727,39.040001,39.650002,38.610001,39.495356,5261300
A,20150724,40.110001,40.169998,39.220001,39.196225,1844900
A,20150723,40.369999,40.369999,40.009998,40.133503,1708800
A,20150722,39.290001,40.419998,39.290001,40.213273,2949400
A,20150721,39.970001,40.009998,39.540001,39.455471,1160900
A,20150720,40.060001,40.130001,39.950001,39.944054,1155200
A,20150717,40.200001,40.330002,39.84,39.834372,2412400
A,20150716,40.360001,40.439999,40.119999,40.223242,1826300
A,20150715,40.419998,40.52,40.02,40.013851,2247700
A,20150714,40.049999,40.66,39.889999,40.37281,2800900
A,20150713,39.720001,40.00,39.540001,39.844341,1579700
A,20150710,39.290001,39.439999,39.16,39.285964,2107100
A,20150709,39.27,39.330002,38.91,38.80735,2237900
A,20150708,39.48,39.48,38.709999,38.637844,3391000
A,20150707,39.529999,39.790001,39.139999,39.674835,2927800
A,20150706,39.110001,39.66,39.080002,39.246079,2509400
A,20150702,39.360001,39.639999,39.150002,39.465444,2160800
A,20150701,38.889999,39.299999,38.75,39.146366,4486400
A,20150630,39.080002,39.189999,38.48,38.468338,3037400
A,20150629,39.599998,39.799999,38.740002,38.627875,2516400
A,20150626,40.00,40.169998,39.779999,39.904169,3350500
A,20150625,39.799999,40.52,39.380001,39.834369,5265800
A,20150624,39.470001,40.450001,39.029999,39.973615,6127700
A,20150623,39.889999,39.950001,39.419998,39.386791,2053600
A,20150622,39.810001,40.009998,39.73,39.595663,3909300
A,20150619,39.799999,39.939999,39.490002,39.277386,2658800
A,20150618,39.799999,40.060001,39.720001,39.685179,1865000
A,20150617,39.759998,39.799999,39.32,39.386791,1519400
A,20150616,39.59,39.810001,39.380001,39.57577,1422600
A,20150615,39.630001,39.630001,39.25,39.307224,2361900
A,20150612,40.330002,40.490002,39.740002,39.6255,2769600
A,20150611,40.57,40.599998,40.290001,40.311784,1577000
A,20150610,40.400002,40.59,40.27,40.30184,1789300
A,20150609,39.93,40.330002,39.830002,39.903992,1439000
A,20150608,40.259998,40.349998,39.91,39.734909,1353000
A,20150605,40.540001,40.669998,40.200001,40.092971,1760300
A,20150604,40.889999,41.080002,40.009998,40.321732,4091900
A,20150603,41.310001,41.360001,40.939999,40.878715,2722100
A,20150602,40.939999,41.139999,40.669998,40.888663,2947500
A,20150601,41.43,41.43,40.849998,40.699684,2440000
A,20150529,41.790001,41.830002,40.82,40.968231,5022600
A,20150528,42.450001,42.709999,41.349998,41.525217,3347400
A,20150527,42.27,42.93,42.099998,42.380587,2506300
A,20150526,42.48,42.630001,41.990002,41.833549,1919600
A,20150522,42.27,42.669998,42.07,42.271179,1484800
A,20150521,42.57,42.73,42.200001,42.092148,2126300
A,20150520,42.50,42.84,42.43,42.380587,2652300
A,20150519,41.57,42.830002,41.50,42.141878,5277300
A,20150518,42.049999,42.700001,41.98,42.40048,1966100
A,20150515,42.139999,42.259998,41.990002,41.813656,2147400
A,20150514,42.18,42.23,41.869999,41.823601,2883700
A,20150513,42.049999,42.389999,41.709999,41.584895,1992800
A,20150512,42.360001,42.50,41.50,41.684355,2617800
A,20150511,42.389999,42.830002,42.389999,42.390532,975500
A,20150508,42.23,42.529999,42.209999,42.271179,1033800
A,20150507,41.59,41.849998,41.310001,41.574947,999700
A,20150506,41.860001,41.860001,41.360001,41.366078,934600
A,20150505,41.720001,41.849998,41.459999,41.366078,1254800
A,20150504,41.880001,42.080002,41.700001,41.714193,1073800
A,20150501,41.41,41.93,41.240002,41.604788,1880200
A,20150430,41.830002,41.939999,41.110001,41.147262,1726300
A,20150429,42.040001,42.200001,41.439999,41.734085,2161000
A,20150428,41.869999,42.310001,41.57,41.952902,1803500
A,20150427,42.740002,42.77,41.970001,41.753978,2297800
A,20150424,42.709999,42.810001,42.419998,42.261234,2200200
A,20150423,42.419998,42.860001,42.240002,42.390532,3972800
A,20150422,42.720001,42.84,42.369999,42.480047,2726100
A,20150421,43.419998,43.50,42.869999,42.659078,1719700
A,20150420,43.330002,43.439999,43.150002,42.957462,1410600
A,20150417,42.740002,43.049999,42.599998,42.748594,2332500
A,20150416,43.139999,43.360001,43.060001,42.897788,1070200
A,20150415,43.279999,43.560001,43.18,43.146442,1445600
A,20150414,42.959999,43.200001,42.580002,42.83811,1777700
A,20150413,43.59,43.59,42.990002,42.808272,3708600
A,20150410,42.799999,43.560001,42.57,43.315525,3370600
A,20150409,42.16,42.59,42.07,42.261234,1332300
A,20150408,42.43,42.59,42.029999,42.032469,2442800
A,20150407,41.939999,42.52,41.869999,42.2115,3072400
A,20150406,41.68,42.200001,41.509998,41.704248,2379800
A,20150402,41.470001,42.130001,41.330002,41.823601,2135900
A,20150401,41.459999,41.52,40.720001,41.167154,2170300
A,20150331,41.279999,41.779999,41.099998,41.326293,1659200
A,20150330,41.52,41.860001,41.32,41.49538,2064200
A,20150327,40.599998,41.18,40.580002,40.888663,1932700
A,20150326,40.68,40.970001,40.369999,40.381411,1573400
A,20150325,41.169998,41.700001,40.790001,40.490551,2776200
A,20150324,42.130001,42.130001,41.009998,40.768358,3626000
A,20150323,42.119999,42.439999,42.00,41.869669,1835400
A,20150320,42.389999,42.529999,42.200001,41.879589,2315500
A,20150319,42.049999,42.25,41.82,41.879589,1085700
A,20150318,41.450001,42.380001,41.169998,41.790294,1295600
A,20150317,41.52,41.689999,41.060001,41.254524,1504900
A,20150316,41.16,41.830002,41.110001,41.482723,2551400
A,20150313,40.959999,41.459999,40.52,40.550078,4704600
A,20150312,40.990002,41.240002,40.970001,40.778278,2719900
A,20150311,40.790001,41.130001,40.669998,40.530235,2064400
A,20150310,41.220001,41.27,40.630001,40.311959,1961300
A,20150309,41.540001,41.889999,41.439999,41.413271,1492400
A,20150306,41.950001,42.049999,41.490002,41.204912,1528600
A,20150305,41.990002,42.240002,41.84,41.889513,1376500
A,20150304,41.950001,42.16,41.73,41.671234,1306000
A,20150303,42.450001,42.57,42.139999,41.929197,1635400
A,20150302,42.34,42.740002,42.34,42.365755,1847100
A,20150227,42.299999,42.360001,42.049999,41.879589,1676400
A,20150226,42.23,42.380001,42.00,42.028417,1505300
A,20150225,42.34,42.490002,42.09,41.869669,2343500
A,20150224,41.619999,42.110001,41.599998,41.730766,1922100
A,20150223,41.889999,41.959999,41.490002,41.403347,1967900
A,20150220,41.09,42.110001,40.880001,41.621626,2971900
A,20150219,41.400002,41.57,41.040001,40.827889,3737300
A,20150218,41.119999,42.200001,40.91,41.214836,9007200
A,20150217,40.009998,40.529999,39.759998,40.20282,2875800
A,20150213,39.970001,40.310001,39.91,39.835717,2211900
A,20150212,39.580002,40.060001,39.529999,39.706734,1317700
A,20150211,39.639999,39.810001,39.23,39.022136,3336800
A,20150210,39.310001,39.759998,38.779999,39.359471,1408600
A,20150209,39.23,39.43,38.950001,38.734405,3586100
A,20150206,39.540001,39.810001,39.23,39.032056,2685900
A,20150205,39.220001,39.82,39.220001,39.220567,1826300
A,20150204,39.330002,39.459999,38.82,38.803857,2567400
A,20150203,39.040001,39.630001,38.919998,39.309863,2950400
A,20150202,37.900002,38.759998,37.709999,38.387143,2508500
A,20150130,38.009998,38.32,37.709999,37.474346,3054300
A,20150129,38.00,38.470001,37.689999,38.158943,2330000
A,20150128,39.009998,39.049999,37.959999,37.702545,2033500
A,20150127,38.700001,39.25,38.580002,38.446674,1703500
A,20150126,38.790001,39.169998,38.470001,38.843545,1510900
A,20150123,39.599998,39.599998,38.759998,38.506206,1519300
A,20150122,38.509998,39.860001,38.119999,39.339631,4856600
A,20150121,37.75,38.41,37.68,37.861293,2721600
A,20150120,38.43,38.66,37.759998,37.633093,5033600
A,20150116,37.830002,38.459999,37.759998,37.950588,3004000
A,20150115,39.060001,39.41,37.990002,37.712465,2628900
A,20150114,39.029999,39.099998,38.209999,38.754249,5134000
A,20150113,40.470001,40.700001,39.330002,39.240411,2013100
A,20150112,40.610001,40.720001,39.950001,39.796029,2770800
A,20150109,41.00,41.00,40.290001,40.272271,1643900
A,20150108,40.240002,40.98,40.18,40.569922,2116300
A,20150107,39.52,39.810001,39.290001,39.389239,3359700
A,20150106,39.810001,40.02,39.02,38.873309,2080600
A,20150105,40.32,40.459999,39.700001,39.488454,2041800
A,20150102,41.18,41.310001,40.369999,40.242507,1529200
A,20141231,41.389999,41.790001,40.900002,40.520311,1421100
A,20141230,41.209999,41.59,41.139999,40.945903,1323500
A,20141229,41.360001,41.57,41.310001,40.906316,975900
A,20141226,41.34,41.57,41.290001,40.955803,588000
A,20141224,41.419998,41.529999,40.959999,40.708366,1426900
A,20141223,41.98,42.009998,41.360001,40.945903,1867200
A,20141222,41.380001,41.880001,41.380001,41.450677,1585900
A,20141219,40.900002,41.43,40.860001,40.955803,3736300
A,20141218,40.48,40.799999,40.110001,40.282774,3104100
A,20141217,38.34,39.990002,38.09,39.352407,3502700
A,20141216,38.299999,39.48,38.099998,38.075634,3842600
A,20141215,40.07,40.169998,38.650002,38.283481,4507400
A,20141212,40.200001,40.619999,39.709999,39.31282,2333400
A,20141211,40.50,41.18,40.490002,40.203592,1640900
A,20141210,41.360001,41.360001,40.310001,39.926463,2650000
A,20141209,40.990002,41.43,40.98,40.975598,1798100
A,20141208,42.23,42.509998,41.419998,41.084468,1425800
A,20141205,42.23,42.490002,42.080002,41.86637,1019500
A,20141204,42.150002,42.68,42.02,41.836679,1345000
A,20141203,41.98,42.369999,41.82,41.797088,2250300
A,20141202,41.599998,42.099998,41.549999,41.549651,2014400
A,20141201,42.689999,42.73,41.580002,41.163649,4411200
A,20141128,42.740002,42.990002,42.59,42.301862,1091800
A,20141126,42.68,42.869999,42.529999,42.301862,1752700
A,20141125,42.330002,42.869999,42.310001,42.272167,2713900
A,20141124,42.439999,42.50,41.990002,41.816883,2122400
A,20141121,41.75,42.380001,41.700001,41.816883,5306200
A,20141120,40.560001,41.43,40.560001,40.83703,2303800
A,20141119,40.82,41.330002,40.700001,40.381747,4011900
A,20141118,40.25,41.16,40.049999,40.381747,5891400
A,20141117,41.57,41.700001,41.209999,40.817239,2696100
A,20141114,41.360001,41.650002,41.290001,41.143854,1331300
A,20141113,41.549999,41.740002,41.259998,41.025085,1805500
A,20141112,41.299999,41.540001,41.02,41.025085,2504300
A,20141111,41.52,42.110001,41.34,41.232931,2163800
A,20141110,40.98,41.549999,40.880001,41.104263,2583900
A,20141107,41.389999,41.48,40.860001,40.510415,2458700
A,20141106,40.389999,41.41,40.259998,40.945903,2968300
A,20141105,40.610001,40.669998,39.98,39.718617,2341400
A,20141104,40.259998,40.830002,39.84,39.768104,5765200
A,20141103,39.900002,41.240002,39.490002,40.421338,4559800
A,20141031,55.209998,55.409994,54.849998,39.13684,2918700
A,20141030,53.909996,54.380005,53.749997,38.457192,2883800
A,20141029,54.59,54.680005,54.130002,38.584622,2074200
A,20141028,54.120003,54.669995,53.879999,38.697897,2394800
A,20141027,53.94,54.109998,53.600003,38.223562,1545200
A,20141024,53.700006,54.109998,53.510004,38.26603,2108500
A,20141023,53.589993,54.209996,53.589993,38.025325,2453100
A,20141022,53.770001,53.860005,52.989999,37.558065,3021200
A,20141021,52.860003,54.030004,52.860003,38.230638,3120200
A,20141020,52.070007,52.380001,50.859994,37.062477,6909200
A,20141017,52.170005,53.410001,52.02,37.005843,5327500
A,20141016,50.779999,52.119998,50.55,36.609368,7496200
A,20141015,50.870003,51.880005,49.800001,36.666013,6604000
A,20141014,53.039995,53.389997,51.769997,36.666013,5554100
A,20141013,53.730004,54.23,52.730002,37.37399,3533200
A,20141010,54.909999,55.019996,53.42,37.975766,7176800
A,20141009,56.280001,56.280001,55.030006,38.959855,3531800
A,20141008,55.060004,56.519994,54.799991,39.972258,2970300
A,20141007,56.249997,56.330008,55.000003,38.938614,2117300
A,20141006,57.059997,57.159996,56.430006,40.050133,1618000
A,20141003,56.230004,57.00999,56.159993,40.290838,2205100
A,20141002,56.130006,56.240004,55.290003,39.526228,2387900
A,20141001,56.849991,56.930002,56.180003,39.788186,3468900
A,20140930,57.210003,57.400005,56.820004,40.340404,2964600
A,20140929,56.040002,57.180005,55.92,40.460759,2274000
A,20140926,56.790001,56.939995,56.070005,40.000575,3101300
A,20140925,57.860003,57.990005,56.890004,40.183236,2278200
A,20140924,56.880005,58.039996,56.779996,40.939009,2307400
A,20140923,57.25,57.479999,56.909992,40.246805,2282000
A,20140922,58.13,58.190001,57.270009,40.649412,2357900
A,20140919,58.819998,58.979997,58.099997,41.14385,3039300
A,20140918,59.200002,59.399999,58.310008,41.249792,4008100
A,20140917,57.999999,58.990007,57.919994,41.595892,3788400
A,20140916,57.819996,58.109996,57.370007,40.903688,1929000
A,20140915,58.499994,58.499994,57.740001,40.910751,2266300
A,20140912,57.61,58.629996,57.61,41.391055,3621400
A,20140911,57.519996,57.719998,57.410004,40.677663,1392300
A,20140910,57.600006,57.830006,57.180005,40.748295,2066100
A,20140909,57.689994,57.800002,57.450001,40.57878,1798000
A,20140908,57.719998,57.960002,57.500008,40.720043,1881400
A,20140905,57.579997,58.049995,57.299996,40.910751,1268400
A,20140904,58.120006,58.49,57.600006,40.748295,1105300
A,20140903,58.209994,58.459997,57.879997,41.009645,2066200
A,20140902,57.229996,58.099997,57.229996,41.016704,2817800
A,20140829,57.33001,57.500008,57.080007,40.373939,2767900
A,20140828,57.139992,57.529995,56.980003,40.36688,1950800
A,20140827,57.999999,57.999999,57.289997,40.529336,1667800
A,20140826,57.749995,57.900001,57.54,40.861307,1237600
A,20140825,57.879997,58.150004,57.579997,40.783616,1352000
A,20140822,57.900001,58.039996,57.479999,40.712984,2012600
A,20140821,58.359999,58.480001,57.970001,40.960202,1717300
A,20140820,58.320002,58.410006,57.939998,41.200348,2581500
A,20140819,58.519998,58.749998,58.160003,41.362804,1667800
A,20140818,57.749995,58.620002,57.349998,41.334553,3860700
A,20140815,58.949999,59.060007,57.349998,40.6706,7799200
A,20140814,54.780003,55.63,54.450005,39.286195,4862900
A,20140813,54.480003,54.970005,54.190003,38.692874,2406400
A,20140812,54.990009,55.070003,54.30,38.38208,3693700
A,20140811,55.439998,55.650004,55.060004,38.989535,1751300
A,20140808,55.309996,55.320006,54.859997,39.017786,2468900
A,20140807,55.980001,55.999994,54.979999,38.883581,2276600
A,20140806,55.230002,55.720004,54.900005,39.265003,2193200
A,20140805,55.899996,56.110002,55.100001,39.017786,2422600
A,20140804,56.189997,56.400003,55.590003,39.738238,1338700
A,20140801,55.769995,56.400003,55.569999,39.604044,2238800
A,20140731,56.219994,56.579995,55.829996,39.618166,3785900
A,20140730,56.219994,56.809994,56.019998,40.105534,1917100
A,20140729,56.289995,56.360006,55.880003,39.575782,2800300
A,20140728,56.490007,56.530004,55.889997,39.75943,2111300
A,20140725,56.519994,56.739999,56.349996,39.928956,2404000
A,20140724,57.600006,57.740001,56.709996,40.147914,3543100
A,20140723,58.109996,58.310008,57.450001,40.592909,2032100
A,20140722,56.999996,58.169997,56.950005,40.769487,3371600
A,20140721,55.859999,56.950005,55.789999,40.05609,2773500
A,20140718,55.419994,56.249997,55.290003,39.660547,2385300
A,20140717,56.470003,56.500001,55.139998,38.954213,6156900
A,20140716,56.880005,57.099995,56.829998,40.232676,2612200
A,20140715,56.700002,56.880005,56.149999,40.02078,2928100
A,20140714,56.920002,57.069997,56.619992,40.133793,2079900
A,20140711,56.330008,56.739999,56.149999,39.978396,1654300
A,20140710,56.409997,56.630002,56.010004,39.900705,1662600
A,20140709,57.050004,57.080007,56.519994,40.190295,1787300
A,20140708,57.84,57.930004,56.920002,40.36688,2259000
A,20140707,58.20,58.250007,57.849994,41.052026,1327000
A,20140703,58.190001,58.540008,58.020008,41.292172,839800
A,20140702,58.13,58.589999,57.779999,41.002575,1978200
A,20140701,57.740001,58.439993,57.380001,41.14385,2811100
A,20140630,57.500008,57.759989,57.180005,40.571717,1837500
A,20140627,57.519996,58.139994,57.180005,40.614101,2123600
A,20140626,57.990005,58.060005,57.400005,40.746883,1541200
A,20140625,57.61,58.099997,57.410004,40.852594,1482600
A,20140624,58.030002,58.49,57.579997,40.627081,1573900
A,20140623,58.710001,58.859995,57.970001,40.951252,2007000
A,20140620,57.84,59.060007,57.84,41.416374,2837100
A,20140619,59.200002,59.539994,58.150004,41.310662,4403000
A,20140618,58.859995,59.320004,58.529998,41.768727,1558400
A,20140617,58.269995,59.200002,58.190001,41.486845,1857200
A,20140616,58.569995,58.859995,58.150004,41.099247,1641800
A,20140613,58.529998,58.870005,58.180007,41.226091,1474800
A,20140612,58.900003,59.000006,58.20,41.15562,2345800
A,20140611,58.329996,59.130002,58.310008,41.515031,1972000
A,20140610,59.160005,59.249993,58.580005,41.500931,1772400
A,20140609,59.000006,59.580007,58.700007,41.775774,1661900
A,20140606,58.580005,59.279997,58.369993,41.585502,1797500
A,20140605,57.450001,58.749998,57.410004,41.296562,2562700
A,20140604,57.02,57.479999,56.959999,40.48614,1597800
A,20140603,56.73,57.489998,56.679993,40.324055,2575500
A,20140602,56.959999,56.990003,56.300005,40.0915,1782200
A,20140530,56.869995,57.110004,56.240004,40.126729,3561000
A,20140529,57.180005,57.380001,56.639996,40.140826,2179100
A,20140528,56.409997,57.229996,56.309998,40.246538,2518800
A,20140527,56.309998,56.500001,56.029992,39.661618,1664500
A,20140523,55.650004,56.219994,55.179995,39.591147,4907800
A,20140522,55.000003,55.709994,54.889995,39.140122,2357200
A,20140521,54.580001,55.139998,54.439995,38.752535,1541000
A,20140520,54.870007,54.959995,54.209996,38.273323,2572500
A,20140519,54.900005,55.230002,54.700009,38.738438,3833500
A,20140516,54.389999,55.130004,53.919996,38.780722,3363300
A,20140515,54.599994,56.149999,53.749997,38.400171,8024800
A,20140514,56.779996,56.790001,55.699995,39.358588,3622100
A,20140513,56.630002,56.980003,56.400003,40.049212,2048800
A,20140512,55.580009,56.619992,55.469995,39.753229,2854900
A,20140509,55.260005,55.63,54.810001,39.034422,1800500
A,20140508,55.030006,56.140005,54.689999,38.970994,3088300
A,20140507,55.130004,55.130004,54.269997,38.780722,3102400
A,20140506,55.079997,55.450007,54.459999,38.766625,3109400
A,20140505,54.310005,55.349993,53.890009,38.992134,2918000
A,20140502,54.499996,54.990009,54.090005,38.435408,2909100
A,20140501,53.94,54.870007,53.659993,38.38607,2058400
A,20140430,53.429994,54.070001,53.020002,38.083044,2346700
A,20140429,53.289999,53.550001,51.970009,37.561548,4688600
A,20140428,54.849998,54.930008,52.860003,37.864586,4206600
A,20140425,55.249995,55.249995,54.070001,38.329697,2209500
A,20140424,55.230002,55.520002,54.559997,38.956893,2525300
A,20140423,54.849998,55.200004,54.569991,38.766625,1250100
A,20140422,54.700009,55.599997,54.529994,38.738438,2062700
A,20140421,54.610004,54.799991,54.329998,38.541112,1657900
A,20140417,53.740003,54.889995,53.610002,38.512926,2882700
A,20140416,53.550001,53.770001,53.250002,37.829345,1738400
A,20140415,52.839994,53.359999,51.959999,37.427661,3037200
A,20140414,53.190001,53.250002,52.31,37.103491,3971200
A,20140411,53.689996,54.049992,52.650008,37.188051,3623600
A,20140410,55.569999,55.639994,53.900002,38.090087,2749000
A,20140409,55.439998,55.610007,54.380005,39.161266,2820500
A,20140408,54.209996,55.000003,53.819992,38.426948,2575800
A,20140407,55.56,55.659998,53.94,38.209017,3613100
A,20140404,57.099995,57.240006,55.550006,39.066697,3226200
A,20140403,56.769997,57.139992,56.270001,39.790805,2241000
A,20140402,56.419996,56.700002,56.200006,39.840016,2683500
A,20140401,56.200006,56.619992,55.840006,39.622085,2922800
A,20140331,54.970005,56.050001,54.569991,39.312754,3062700
A,20140328,54.849998,55.249995,54.420002,38.448041,2805600
A,20140327,55.599997,55.599997,54.220006,38.448041,4151800
A,20140326,55.40,55.99,55.160007,38.785491,3579900
A,20140325,55.499999,56.21,54.979999,38.778465,2414800
A,20140324,56.079999,56.230004,54.659995,38.848766,2776000
A,20140321,57.180005,57.779999,55.959997,39.432266,3862500
A,20140320,56.539998,56.930002,56.159993,39.861109,2528100
A,20140319,56.720006,57.150002,56.180003,39.811898,2522600
A,20140318,55.970007,56.809994,55.840006,39.92438,1810000
A,20140317,55.680007,56.409997,55.479995,39.22839,2009600
A,20140314,55.610007,55.980001,55.230002,38.975303,2439800
A,20140313,57.159996,57.400005,55.769995,39.263542,3241700
A,20140312,56.519994,57.080007,56.010004,40.114192,2309900
A,20140311,58.229998,58.299998,56.500001,39.973591,4783500
A,20140310,58.289999,58.339995,57.600006,40.880486,3583600
A,20140307,59.060007,59.200002,57.519996,41.070298,4539600
A,20140306,58.390002,59.320004,58.139994,41.316359,7240000
A,20140305,57.709998,57.999999,57.560009,40.634429,4352700
A,20140304,57.220002,57.999999,56.980003,40.620366,3973000
A,20140303,56.119996,57.120004,55.789999,39.868135,3478800
A,20140228,56.449994,57.110004,56.400003,40.022803,3998000
A,20140227,57.02,57.280003,56.189997,39.622085,4367100
A,20140226,56.980003,57.619994,56.750009,40.142311,3356500
A,20140225,56.80,57.570003,56.750009,39.994684,4718400
A,20140224,56.449994,56.980003,56.400003,39.896265,3345100
A,20140221,57.25,57.400005,56.319998,39.608022,3365300
A,20140220,56.140005,57.54,56.050001,40.275886,6471500
A,20140219,55.010002,56.650006,54.900005,39.326817,6764600
A,20140218,55.379997,56.040002,54.959995,38.771428,9161500
A,20140214,57.150002,57.769999,54.870007,38.841728,24946900
A,20140213,59.450006,60.379997,59.370001,42.237309,4323600
A,20140212,59.999992,60.460007,59.669995,42.103734,3280800
A,20140211,59.000006,59.999992,58.879999,41.991249,2985800
A,20140210,59.269997,59.439996,58.289999,41.485079,2461200
A,20140207,58.459997,59.469999,58.13,41.773318,2749600
A,20140206,57.510002,58.350005,57.459995,40.978905,2250100
A,20140205,57.579997,57.700004,56.959999,40.374305,3192900
A,20140204,56.319998,57.879997,56.089998,40.641455,4070800
A,20140203,58.150004,58.480001,56.079999,39.474447,4095200
A,20140131,58.610002,59.149995,58.049995,40.880486,4804200
A,20140130,58.42,60.11,58.42,41.836585,5233000
A,20140129,57.670001,58.220004,57.410004,40.528973,3023900
A,20140128,58.499994,58.879999,57.909995,40.84533,3545300
A,20140127,57.900001,58.369993,56.980003,40.985935,6527300
A,20140124,59.220006,59.459999,57.709998,40.68364,3713500
A,20140123,60.479995,60.509998,59.409998,41.808466,4282800
A,20140122,60.820002,61.22,60.709994,42.834872,3871600
A,20140121,60.690006,60.880009,59.859997,42.778635,4205900
A,20140117,60.830002,60.830002,60.330006,42.680205,2375900
A,20140116,60.240002,60.500004,60.040005,42.532578,2566700
A,20140115,59.82,60.370003,59.590001,42.420092,3264600
A,20140114,59.160005,59.950001,59.019994,42.096705,3582000
A,20140113,58.770007,59.100004,58.599992,41.428841,4119500
A,20140110,58.510004,59.01,58.139994,41.428841,2269200
A,20140109,58.399996,58.680003,57.870003,41.063272,2457100
A,20140108,57.33001,58.540008,57.169995,41.049209,3718000
A,20140107,56.950005,57.630004,56.930002,40.388372,2045600
A,20140106,57.400005,57.700004,56.560007,39.818924,2484700
A,20140103,56.389993,57.349998,56.259991,40.015773,2609600
A,20140102,57.099995,57.099995,56.149999,39.516629,2678800
A,20131231,57.450001,57.549999,57.080007,40.205585,1316100
A,20131230,57.050004,57.459995,56.920002,40.296979,1576900
A,20131227,57.229996,57.419998,57.120004,40.191522,913000
A,20131226,57.240006,57.709998,57.240006,40.3026,998700
A,20131224,57.500008,57.61,57.169995,40.141278,1090000
A,20131223,57.450001,57.660007,57.120004,40.358716,2206700
A,20131220,57.470005,57.670001,56.909992,39.951902,4129700
A,20131219,57.570003,57.830006,57.069997,40.246492,2646700
A,20131218,56.500001,57.939998,56.370005,40.604211,5782500
A,20131217,55.959997,57.289997,55.810008,39.538078,4484800
A,20131216,55.249995,55.789999,55.070003,38.74549,2356300
A,20131213,55.360003,55.899996,54.900005,38.689382,2827600
A,20131212,54.629998,55.520002,54.30,38.759521,3794600
A,20131211,55.349993,55.690001,54.680005,38.464931,3277800
A,20131210,54.909999,55.460001,54.629998,38.815629,3253000
A,20131209,54.799991,55.430004,54.740006,38.619239,2961700
A,20131206,53.759991,54.930008,53.759991,38.457921,4268500
A,20131205,53.35,53.800004,53.12,37.525052,2530900
A,20131204,52.839994,53.830002,52.720008,37.58116,3377300
A,20131203,52.920004,53.169997,52.560004,37.125248,3462700
A,20131202,53.470007,53.670003,53.110006,37.321645,2040000
A,20131129,53.849995,53.969997,53.459997,37.57415,1216800
A,20131127,53.779995,54.000001,53.64,37.742482,1663300
A,20131126,53.259996,53.930006,53.229998,37.630258,4468400
A,20131125,54.109998,54.130002,53.020002,37.251506,2446800
A,20131122,54.099999,54.339992,53.749997,37.770536,2671300
A,20131121,53.800004,54.550003,53.700006,37.945889,3379800
A,20131120,53.830002,54.260003,53.470007,37.546085,3245500
A,20131119,53.670003,54.190003,53.550001,37.749492,3457300
A,20131118,54.450005,54.979999,53.670003,37.910814,5775800
A,20131115,54.030004,55.740008,53.689996,38.52806,15398000
A,20131114,51.200001,51.200001,50.359998,35.4489,3963200
A,20131113,50.889997,51.299999,50.659997,35.911823,2949900
A,20131112,51.200001,51.400002,50.759995,35.911823,3295400
A,20131111,50.629994,51.409996,50.520002,35.981962,2774300
A,20131108,50.139998,50.940004,50.009996,35.617232,2601100
A,20131107,51.079999,51.200001,49.839998,35.105204,4961200
A,20131106,51.189991,51.319992,50.799993,35.799599,1997300
A,20131105,51.179997,51.360005,50.85,35.918836,2206200
A,20131104,51.390003,51.460003,50.949998,35.918836,1971000
A,20131101,50.919994,51.580005,50.840006,35.841684,2699500
A,20131031,51.149994,51.330002,50.450002,35.603202,2649900
A,20131030,51.759998,51.820004,50.859994,35.876748,1901300
A,20131029,51.520004,51.899993,51.230004,36.262521,1669200
A,20131028,51.790001,51.980003,51.119996,36.11523,2486600
A,20131025,51.339996,51.910003,51.089993,36.381758,3352800
A,20131024,50.669991,51.22001,50.669991,35.855707,2496700
A,20131023,50.759995,50.880003,50.299997,35.526053,3283300
A,20131022,52.099994,52.200008,50.840006,35.785568,5984100
A,20131021,53.039995,53.139994,51.899993,36.465928,3573800
A,20131018,52.929998,53.240008,52.630004,37.167332,4027500
A,20131017,51.249997,52.699999,51.130006,36.928861,4960700
A,20131016,51.22001,51.989997,50.940004,36.164328,3478200
A,20131015,51.079999,51.189991,50.599996,35.687375,2742700
A,20131014,51.200001,51.43,50.509992,36.02405,2950500
A,20131011,50.880003,51.669999,50.659997,36.094189,2098300
A,20131010,50.290003,51.200001,50.290003,35.764524,3392000
A,20131009,50.230002,50.380007,49.389999,35.035065,3398000
A,20131008,51.179997,51.330002,49.889994,35.161324,3367200
A,20131007,51.339996,51.590005,51.070005,35.862728,1932200
A,20131004,51.170003,51.860001,51.070005,36.31864,2611300
A,20131003,51.560001,51.569995,50.910001,35.81363,2626100
A,20131002,51.590005,51.709991,51.149994,36.171338,2825100
A,20131001,50.699994,52.080001,50.699994,36.402799,4189800
A,20130930,51.019998,51.620002,50.750001,35.94689,3704700
A,20130927,51.840008,52.099994,51.400002,36.213426,2949900
A,20130926,51.959999,52.119998,51.460003,36.451895,3747100
A,20130925,51.590005,52.130008,51.439999,36.269953,4005400
A,20130924,51.609992,51.920002,51.200001,36.109002,3080900
A,20130923,51.910003,52.24,51.379993,36.157987,3798200
A,20130920,51.030008,52.389995,50.980001,36.493887,14947300
A,20130919,52.920004,53.470007,50.750001,35.675136,25368700
A,20130918,48.770001,49.350002,48.289993,34.513488,2857800
A,20130917,48.730004,49.319998,48.619996,34.198584,2206600
A,20130916,49.060001,49.180003,48.579999,34.107611,2600100
A,20130913,48.600003,48.619996,48.229992,33.911666,2993300
A,20130912,48.899997,48.939994,48.490005,34.023635,2053000
A,20130911,48.600003,49.020004,48.219998,34.261568,2493200
A,20130910,48.040006,48.669998,48.040006,33.97465,2546200
A,20130909,47.590001,48.05,47.290007,33.554782,2333100
A,20130906,47.709992,47.790003,47.130003,33.190893,1863400
A,20130905,47.820001,48.089997,47.580007,33.365842,1835900
A,20130904,46.930006,47.959996,46.740004,33.498796,3525800
A,20130903,47.040004,47.509996,46.620002,32.841003,2188700
A,20130830,46.889999,46.979997,46.369999,32.638064,1899300
A,20130829,46.629996,47.029994,46.420001,32.750022,2657200
A,20130828,46.879999,46.970003,46.509994,32.708042,2223400
A,20130827,47.080001,47.390005,46.799994,32.868992,2982200
A,20130826,47.639998,48.200005,47.390005,33.309856,2813100
A,20130823,47.959996,47.999993,47.539994,33.365842,2378000
A,20130822,46.889999,48.330006,46.799994,33.568781,4400900
A,20130821,46.930006,47.24,46.640006,32.813006,2724800
A,20130820,46.43,47.270003,46.169997,32.910973,3207400
A,20130819,46.629996,46.940006,46.420001,32.498099,2415200
A,20130816,46.810004,47.219996,46.520004,32.743025,5067300
A,20130815,47.590001,48.169991,46.850001,32.861987,9378200
A,20130814,46.770007,47.000007,46.369999,32.547084,2778500
A,20130813,46.450004,46.979997,46.239998,32.833998,2905300
A,20130812,45.889991,46.509994,45.719998,32.505103,1743600
A,20130809,45.849994,46.459998,45.810002,32.344153,2737800
A,20130808,46.499995,46.550002,45.640004,32.085224,2380000
A,20130807,45.879997,46.459998,45.62,32.386133,2379500
A,20130806,45.930004,46.220004,45.610001,32.246175,3188700
A,20130805,46.260002,46.399997,45.800003,32.148208,2621800
A,20130802,46.060005,46.509994,45.990005,32.456118,3354100
A,20130801,45.510003,46.200001,45.32,32.218185,3827000
A,20130731,45.039994,45.299997,44.660006,31.301469,3924700
A,20130730,45.55,45.599991,44.820005,31.385436,3903100
A,20130729,45.589997,45.700005,44.979993,31.72834,2743000
A,20130726,46.310009,46.560001,45.429998,31.910275,5161800
A,20130725,46.620002,46.900009,46.390003,32.652055,1985600
A,20130724,46.669993,46.810004,46.490001,32.722033,2560400
A,20130723,46.310009,46.840002,46.310009,32.519094,4099200
A,20130722,46.229998,46.850001,46.100003,32.750022,2565100
A,20130719,45.830006,46.279995,45.689995,32.330154,1648800
A,20130718,45.659992,46.049995,45.55,32.120219,2793500
A,20130717,45.949997,46.100003,45.570004,31.91728,1671300
A,20130716,46.090003,46.469997,45.779999,32.127216,2833500
A,20130715,45.700005,46.279995,45.680001,32.267171,3401100
A,20130712,45.779999,45.949997,45.580003,32.015247,2766200
A,20130711,45.689995,45.979995,45.429998,31.994255,2979800
A,20130710,44.639999,45.649998,44.51,31.707348,4582100
A,20130709,44.600002,44.96,44.340002,31.210496,4859700
A,20130708,44.379999,44.67,44.119999,31.042541,3593000
A,20130705,43.460005,44.289995,43.400001,30.95157,2932700
A,20130703,42.82,43.460005,42.72,30.209801,2713000
A,20130702,43.499999,43.89,42.949999,30.153813,4175100
A,20130701,43.049997,43.769995,42.910002,30.503712,5988500
A,20130628,43.000006,43.309999,42.729996,29.922885,7767700
A,20130627,42.559998,43.290006,42.520003,30.062841,4816200
A,20130626,43.100004,43.290006,42.279994,29.546438,5163900
A,20130625,42.009998,42.82,42.009998,29.644143,4104100
A,20130624,42.439996,42.75,42.070001,29.525502,4013900
A,20130621,42.599995,43.230005,42.369998,29.993057,5107700
A,20130620,43.110001,43.110001,41.849996,29.532488,8818400
A,20130619,44.74,44.880006,43.499999,30.369893,8116600
A,20130618,44.379999,44.809995,44.270005,31.263122,3524600
A,20130617,44.379999,44.870001,44.189997,30.970029,2796300
A,20130614,44.340002,44.570001,43.850003,30.704848,2345400
A,20130613,43.869996,44.560005,43.660001,31.046797,3627400
A,20130612,44.779997,44.830004,43.790002,30.649025,3817500
A,20130611,44.219997,44.630002,43.999995,30.983991,5472300
A,20130610,45.350004,45.350004,44.490007,31.214275,3817700
A,20130607,45.160001,45.919994,44.939996,31.507366,3888500
A,20130606,44.500004,45.009996,44.210004,31.409665,5284600
A,20130605,45.32,45.380001,44.500004,31.074709,3488100
A,20130604,46.179997,46.450004,45.380001,31.69578,4703200
A,20130603,45.649998,45.84,45.039994,31.758588,5158200
A,20130531,45.91,46.469997,45.429998,31.716717,6442500
A,20130530,46.209995,47.049998,46.009998,32.135415,4321100
A,20130529,45.979995,46.350006,45.400011,32.135415,5062400
A,20130528,46.090003,46.940006,46.090003,32.400597,6701900
A,20130524,45.359997,45.689995,45.25,31.814411,3111100
A,20130523,45.700005,45.930004,45.199998,31.91909,5280900
A,20130522,46.72,47.469999,46.069999,32.268006,7579100
A,20130521,46.299999,46.959994,46.209995,32.623907,5620900
A,20130520,45.479999,47.450006,45.390001,32.337789,7966400
A,20130517,45.020006,45.830006,44.990003,31.793474,4540600
A,20130516,45.429998,45.84,44.969999,31.395713,6837600
A,20130515,44.899999,46.490001,44.890005,31.877219,14384000
A,20130514,42.979999,44.059998,42.880001,30.683922,8503600
A,20130513,43.430001,43.560003,42.72,30.03493,5951800
A,20130510,43.119997,43.850003,43.040003,30.446652,6517600
A,20130509,42.970005,43.200005,42.629998,30.118673,4415900
A,20130508,42.399999,42.949999,42.299998,29.965145,2963500
A,20130507,42.179996,42.409993,41.900003,29.588311,4926700
A,20130506,41.440004,42.119992,41.39,29.309177,3941500
A,20130503,41.930003,42.550004,41.540005,28.995149,6626700
A,20130502,41.489998,41.719997,41.240008,28.946302,4805900
A,20130501,41.42,41.740001,41.259999,28.827673,3811400
A,20130430,41.199998,41.659994,40.950005,28.918391,4825100
A,20130429,41.640003,41.68,41.050006,28.932343,3552200
A,20130426,42.439996,42.569994,40.689992,28.820687,7383400
A,20130425,43.049997,43.249996,42.659999,29.818595,2963600
A,20130424,42.72,43.040003,42.369998,29.902339,4222800
A,20130423,42.209996,42.840004,42.130002,29.734861,4924500
A,20130422,42.030004,42.250007,41.340006,29.204498,3272000
A,20130419,41.889993,42.220006,41.65,29.309177,4297600
A,20130418,41.770004,42.250007,41.480001,29.190548,5559700
A,20130417,43.08,43.110001,41.930003,29.441768,6281200
A,20130416,43.460005,43.750005,42.840004,30.279176,6298300
A,20130415,44.500004,44.540001,42.949999,30.03493,10833900
A,20130412,43.539996,44.790007,43.430001,31.228225,8504000
A,20130411,42.350005,43.929997,42.330001,30.607154,7865700
A,20130410,41.730007,42.369998,41.670004,29.490617,3032700
A,20130409,41.730007,42.130002,41.529995,29.064933,2320000
A,20130408,41.440004,41.740001,41.169995,29.071907,3348600
A,20130405,40.730002,41.849996,40.670001,28.988175,6932500
A,20130404,40.54,41.470007,40.54,28.897455,5478300
A,20130403,40.630004,40.990002,40.319997,28.276374,7380000
A,20130402,41.120003,41.359997,40.589994,28.374078,3291500
A,20130401,41.830005,41.979997,40.790006,28.562491,3552200
A,20130328,42.079995,42.079995,41.499995,29.288242,3002900
A,20130327,41.399994,42.190003,41.209992,29.288242,4711100
A,20130326,41.399994,41.819995,41.320002,29.100356,3511500
A,20130325,41.489998,41.65,40.790006,28.620224,3911000
A,20130322,41.789995,41.789995,40.909995,28.703727,7615500
A,20130321,42.450006,42.759997,41.630007,28.982065,6163900
A,20130320,42.250007,42.789997,42.220006,29.712702,4530100
A,20130319,42.680002,42.82,41.589996,29.225613,8732600
A,20130318,42.46,42.699996,42.179996,29.608331,2582900
A,20130315,43.100004,43.219995,42.880001,29.92842,3606300
A,20130314,43.029993,43.379997,43.000006,30.144127,3970200
A,20130313,42.559998,43.049997,42.399999,29.921464,3133100
A,20130312,42.799994,43.000006,42.590001,29.657039,5267200
A,20130311,42.989996,43.010003,41.730007,29.789251,7650800
A,20130308,43.499999,43.520006,43.019996,29.94233,4552300
A,20130307,43.300003,43.479995,42.810004,30.095419,3375100
A,20130306,43.000006,43.520006,42.900008,30.088463,4189800
A,20130305,42.350005,43.189995,42.339995,29.68487,4598000
A,20130304,41.749998,42.179996,41.519999,29.24649,3404300
A,20130301,41.180004,41.979997,40.730002,29.176905,4319000
A,20130228,41.779998,42.060005,41.450001,28.863772,4836000
A,20130227,40.990002,41.900003,40.830003,29.037738,4982800
A,20130226,40.619994,41.289999,40.189999,28.508887,8647900
A,20130225,42.090005,42.220006,41.289999,28.731559,5064300
A,20130222,41.830005,42.070001,41.580002,29.086446,4690200
A,20130221,42.139999,42.139999,41.470007,28.968153,4774400
A,20130220,42.840004,42.850001,42.220006,29.392613,5410300
A,20130219,42.209996,43.119997,42.209996,29.92842,5754400
A,20130215,43.479995,44.240004,42.209996,29.399579,20489900
A,20130214,44.720007,44.779997,44.359993,31.020898,5376300
A,20130213,44.809995,45.240006,44.679996,31.139189,2869300
A,20130212,44.809995,44.950006,44.500004,31.04873,3318600
A,20130211,45.169995,45.180005,44.449997,31.034818,4075900
A,20130208,45.069997,45.350004,44.999997,31.368828,2551100
A,20130207,44.899999,45.059998,44.430006,31.320111,4393100
A,20130206,44.720007,45.129998,44.51,31.375783,3853400
A,20130205,44.560005,45.059998,44.349999,31.313153,3020400
A,20130204,44.800001,44.969999,43.880003,30.798224,4852500
A,20130201,45.080007,45.659992,44.540001,31.51495,3953300
A,20130131,44.349999,44.870001,44.310002,31.160067,4729900
A,20130130,44.579998,44.890005,44.169993,30.895651,4113900
A,20130129,44.96,44.979993,44.500004,31.06265,4125900
A,20130128,45.189999,45.429998,44.920003,31.438412,3315100
A,20130125,44.730003,45.55,44.67,31.51495,4427900
A,20130124,44.560005,45.199998,44.430006,31.076571,4350600
A,20130123,44.540001,44.619995,44.119999,30.826066,3741000
A,20130122,43.959998,44.649996,43.850003,31.06265,3164200
A,20130118,44.050002,44.159996,43.590003,30.721685,3335100
A,20130117,43.639997,44.430006,43.520006,30.526845,6639400
A,20130116,43.149998,43.239999,42.870005,29.95625,3019500
A,20130115,43.149998,43.379997,42.830008,30.088463,4768900
A,20130114,43.430001,43.539996,42.889998,30.297215,3229100
A,20130111,43.660001,43.989998,43.360004,30.220675,3244800
A,20130110,43.639997,44.119999,43.330003,30.387676,5520800
A,20130109,43.000006,43.449995,42.689999,30.165002,5738000
A,20130108,42.469996,42.780003,42.100002,29.371738,3896900
A,20130107,42.599995,42.799994,42.380005,29.608331,3589500
A,20130104,42.139999,42.949999,41.860006,29.824037,6432900
A,20130103,41.94,42.139999,41.580002,29.24649,5751800
A,20130102,42.169999,42.169999,41.150004,29.142109,8790200
