ADT,20151030,32.959999,33.529999,32.84,33.040001,1691400
ADT,20151029,32.98,33.189999,32.73,33.009998,1028400
ADT,20151028,32.869999,33.290001,32.580002,33.09,1537300
ADT,20151027,33.299999,33.43,32.150002,32.869999,1476800
ADT,20151026,33.50,33.700001,33.060001,33.580002,1305700
ADT,20151023,33.830002,33.93,33.509998,33.48,1256300
ADT,20151022,33.439999,34.00,33.200001,33.370688,1049300
ADT,20151021,33.48,33.700001,33.27,33.092431,1085300
ADT,20151020,32.560001,33.439999,32.41,33.171934,1768100
ADT,20151019,32.779999,32.779999,32.25,32.347106,1385200
ADT,20151016,33.860001,33.900002,32.709999,32.794302,1127600
ADT,20151015,33.619999,33.810001,33.32,33.589315,747500
ADT,20151014,33.209999,33.529999,32.790001,33.261374,945400
ADT,20151013,33.540001,34.00,33.110001,32.983116,1436800
ADT,20151012,34.09,34.09,33.48,33.470064,797000
ADT,20151009,34.049999,34.32,33.790001,33.897384,1316800
ADT,20151008,33.00,34.16,32.799999,33.867572,1552600
ADT,20151007,32.599998,33.130001,32.369999,32.84399,1712700
ADT,20151006,32.25,32.650002,32.099998,32.198043,1425400
ADT,20151005,31.73,32.529999,31.629999,32.058913,2151400
ADT,20151002,29.68,31.129999,29.34,30.935957,1580800
ADT,20151001,29.92,30.17,29.59,29.82294,1968800
ADT,20150930,30.219999,30.389999,29.549999,29.713625,2151300
ADT,20150929,30.10,30.32,29.84,29.882565,1180100
ADT,20150928,30.469999,30.74,30.10,29.962066,1257600
ADT,20150925,30.92,30.959999,30.469999,30.508639,1069500
ADT,20150924,29.959999,30.790001,29.76,30.528513,1563100
ADT,20150923,30.65,30.799999,29.950001,30.061443,1222200
ADT,20150922,31.190001,31.309999,30.379999,30.349637,1568500
ADT,20150921,31.469999,32.110001,31.440001,31.412967,754400
ADT,20150918,31.74,31.91,31.24,31.114836,2125300
ADT,20150917,32.48,32.75,32.080002,31.969474,896100
ADT,20150916,31.950001,32.529999,31.91,32.237791,881600
ADT,20150915,31.610001,31.969999,31.549999,31.721034,1049700
ADT,20150914,31.690001,31.85,31.440001,31.373215,902700
ADT,20150911,31.83,31.969999,31.34,31.492468,926200
ADT,20150910,31.459999,32.189999,31.450001,31.780659,1652800
ADT,20150909,32.240002,32.490002,31.68,31.532218,1078500
ADT,20150908,32.049999,32.450001,31.889999,31.850223,1782300
ADT,20150904,31.889999,32.09,31.35,31.234088,1608800
ADT,20150903,32.189999,32.849998,32.040001,32.048977,1549200
ADT,20150902,32.259998,32.290001,31.58,31.929726,1054200
ADT,20150901,32.099998,32.169998,31.48,31.671346,2133200
ADT,20150831,32.470001,32.950001,32.32,32.575672,1896500
ADT,20150828,33.150002,33.41,32.389999,32.555796,2103600
ADT,20150827,32.450001,33.41,32.380001,33.002992,1630300
ADT,20150826,32.02,32.259998,31.129999,31.969474,2533500
ADT,20150825,31.280001,32.419998,31.110001,31.065148,4156400
ADT,20150824,29.93,31.42,29.610001,30.25026,5783000
ADT,20150821,31.620001,32.099998,31.42,31.383153,2147300
ADT,20150820,32.439999,32.740002,31.870001,31.69122,2194000
ADT,20150819,33.099998,33.330002,32.419998,32.525984,1564400
ADT,20150818,33.439999,33.619999,33.200001,33.072555,1221800
ADT,20150817,33.119999,33.490002,32.799999,33.27131,859000
ADT,20150814,32.900002,33.360001,32.900002,33.042744,1124000
ADT,20150813,33.709999,33.880001,32.779999,32.744614,1658300
ADT,20150812,33.18,33.880001,33.119999,33.559503,1516500
ADT,20150811,33.75,33.759998,33.23,33.241498,1257100
ADT,20150810,33.389999,34.139999,33.23,33.90732,1107200
ADT,20150807,33.41,33.610001,33.060001,32.97318,1167200
ADT,20150806,33.439999,33.68,33.23,33.301121,1406900
ADT,20150805,34.009998,34.16,33.279999,33.251434,1457100
ADT,20150804,33.779999,34.23,33.619999,33.599254,1376200
ADT,20150803,34.48,34.639999,33.599998,33.489939,1608400
ADT,20150731,34.200001,34.990002,34.040001,34.314764,2721100
ADT,20150730,34.23,34.369999,33.830002,33.798005,2436500
ADT,20150729,31.58,34.580002,30.700001,34.265076,4812600
ADT,20150728,32.18,33.049999,31.92,32.704863,2872100
ADT,20150727,31.59,32.639999,31.48,31.770722,4545300
ADT,20150724,32.349998,32.380001,31.52,31.184399,1269700
ADT,20150723,32.290001,32.790001,32.25,31.954383,1039600
ADT,20150722,32.360001,32.59,32.169998,31.875412,1328000
ADT,20150721,33.02,33.18,32.360001,31.974126,1607900
ADT,20150720,32.900002,33.369999,32.790001,32.596038,2036500
ADT,20150717,32.580002,32.700001,32.419998,32.112328,952600
ADT,20150716,32.830002,32.98,32.59,32.191303,1511600
ADT,20150715,32.790001,32.869999,32.43,32.24066,1846900
ADT,20150714,32.93,33.060001,32.790001,32.536807,1210400
ADT,20150713,33.060001,33.09,32.799999,32.47758,1154900
ADT,20150710,32.82,32.990002,32.41,32.220916,2374400
ADT,20150709,33.57,33.950001,32.43,32.013614,2348200
ADT,20150708,33.860001,33.869999,33.299999,32.961287,2366200
ADT,20150707,33.32,34.299999,32.970001,33.681913,3520800
ADT,20150706,33.029999,33.619999,32.950001,32.823085,1960800
ADT,20150702,33.639999,33.650002,32.990002,32.773728,1296600
ADT,20150701,33.75,33.84,33.279999,33.158719,2034900
ADT,20150630,34.09,34.369999,33.459999,33.138976,2146800
ADT,20150629,33.77,34.099998,33.450001,33.356152,3152500
ADT,20150626,34.09,34.18,33.779999,33.533841,1967800
ADT,20150625,34.41,34.450001,33.669998,33.573325,3015300
ADT,20150624,35.150002,35.240002,34.02,33.968191,4256800
ADT,20150623,36.880001,36.91,34.880001,34.659204,6774700
ADT,20150622,37.330002,37.389999,36.900002,36.445962,1606200
ADT,20150619,37.169998,37.400002,37.080002,36.613781,1155200
ADT,20150618,36.75,37.450001,36.75,36.811214,1883700
ADT,20150617,36.490002,36.84,36.360001,36.199172,976100
ADT,20150616,36.439999,36.57,36.220001,35.962255,1489100
ADT,20150615,36.34,36.610001,36.259998,36.001743,1615400
ADT,20150612,36.790001,36.869999,36.52,36.209045,1278300
ADT,20150611,36.889999,37.049999,36.720001,36.426222,1832800
ADT,20150610,36.50,36.950001,36.259998,36.357121,1688200
ADT,20150609,36.630001,36.75,36.369999,36.021486,1440200
ADT,20150608,36.50,36.68,36.490002,36.021486,1874300
ADT,20150605,36.41,36.689999,36.32,36.06097,1919400
ADT,20150604,36.400002,36.689999,36.310001,36.0511,1310500
ADT,20150603,36.84,36.939999,36.549999,36.248533,1219900
ADT,20150602,36.50,36.98,36.439999,36.258403,1172200
ADT,20150601,36.639999,36.880001,36.490002,36.209045,1613200
ADT,20150529,36.91,37.07,36.470001,36.011613,2344100
ADT,20150528,36.970001,37.07,36.740002,36.505193,1423600
ADT,20150527,36.950001,37.18,36.560001,36.534806,2061800
ADT,20150526,37.50,37.700001,36.709999,36.288016,1948900
ADT,20150522,37.709999,38.00,37.59,37.324538,1639400
ADT,20150521,37.490002,38.009998,37.32,37.196206,2090300
ADT,20150520,37.43,37.720001,37.080002,37.03826,3237200
ADT,20150519,37.490002,37.610001,37.139999,37.04813,1664800
ADT,20150518,37.43,37.560001,37.279999,36.959286,1907200
ADT,20150515,37.849998,38.150002,37.389999,36.959286,3212400
ADT,20150514,38.32,38.459999,37.66,37.28505,2406000
ADT,20150513,38.369999,38.419998,37.990002,37.581198,1761600
ADT,20150512,37.290001,38.41,37.139999,37.758887,3336600
ADT,20150511,37.43,37.869999,37.330002,37.127105,1504900
ADT,20150508,37.540001,38.02,37.450001,37.04813,1917900
ADT,20150507,36.709999,37.259998,36.509998,36.643395,1739100
ADT,20150506,37.259998,37.310001,36.470001,36.209045,2826300
ADT,20150505,37.59,37.720001,36.889999,36.594037,3025400
ADT,20150504,37.950001,38.25,37.599998,37.127105,1358500
ADT,20150501,37.650002,37.810001,37.439999,37.304794,2209700
ADT,20150430,37.880001,38.169998,37.34,37.117231,4432000
ADT,20150429,39.150002,39.330002,37.799999,37.442996,3925900
ADT,20150428,40.099998,40.509998,39.830002,39.417317,2642100
ADT,20150427,40.959999,40.959999,40.130001,39.703594,1215700
ADT,20150424,40.77,40.98,40.34,40.207044,2280400
ADT,20150423,40.580002,41.080002,40.389999,39.932058,2902400
ADT,20150422,40.419998,40.82,39.709999,39.863311,1958200
ADT,20150421,40.759998,40.830002,39.880001,39.617787,2393900
ADT,20150420,41.00,41.240002,40.650002,39.9517,1673500
ADT,20150417,40.740002,41.00,40.25,39.902596,2109900
ADT,20150416,42.290001,42.290001,41.060001,40.364179,2991100
ADT,20150415,42.25,42.880001,41.939999,41.847147,2364500
ADT,20150414,41.610001,42.34,41.52,41.415022,1441800
ADT,20150413,41.740002,42.32,41.549999,40.825766,2369200
ADT,20150410,41.50,42.049999,41.400002,41.159679,2382700
ADT,20150409,41.689999,41.939999,41.52,41.061471,2031500
ADT,20150408,41.290001,41.709999,41.060001,40.894512,2135800
ADT,20150407,42.16,42.330002,41.470001,40.776662,1743600
ADT,20150406,41.549999,42.59,41.369999,41.581981,2896100
ADT,20150402,41.59,41.98,41.470001,41.022186,1692200
ADT,20150401,41.48,41.73,41.09,40.914155,3289800
ADT,20150331,41.459999,41.720001,41.139999,40.776662,2516400
ADT,20150330,41.23,41.880001,41.139999,40.894512,1596700
ADT,20150327,41.00,41.23,40.84,40.324898,1566200
ADT,20150326,40.59,41.389999,40.290001,40.27579,3005500
ADT,20150325,41.43,41.450001,40.709999,39.981162,1804500
ADT,20150324,41.66,41.900002,41.259998,40.698092,2786400
ADT,20150323,40.43,42.080002,40.25,40.884693,4987100
ADT,20150320,39.650002,40.560001,39.549999,39.627606,3546700
ADT,20150319,40.110001,40.23,38.59,38.665152,3446100
ADT,20150318,39.279999,40.880001,39.18,39.568683,3598900
ADT,20150317,38.889999,39.490002,38.509998,38.694617,2250400
ADT,20150316,38.50,38.990002,38.279999,38.272315,2200500
ADT,20150313,38.299999,38.450001,37.16,37.702698,1775400
ADT,20150312,38.200001,38.50,37.93,37.653593,1981900
ADT,20150311,37.779999,38.209999,37.610001,37.457173,1421400
ADT,20150310,38.639999,38.77,37.860001,37.20183,2012100
ADT,20150309,38.119999,39.150002,37.990002,38.272315,2317800
ADT,20150306,38.669998,39.029999,37.93,37.378607,2020200
ADT,20150305,38.529999,39.09,38.34,38.331239,1520200
ADT,20150304,38.599998,38.75,38.220001,37.653593,1691400
ADT,20150303,38.919998,38.970001,38.360001,38.134823,1912300
ADT,20150302,39.200001,39.419998,38.75,38.380347,1247300
ADT,20150227,39.529999,39.73,39.110001,38.51784,1301900
ADT,20150226,39.75,39.98,39.360001,38.802645,1442300
ADT,20150225,39.400002,39.830002,39.32,39.097277,1302100
ADT,20150224,39.720001,39.970001,39.360001,38.714256,1925800
ADT,20150223,39.290001,39.860001,39.119999,39.126739,1578900
ADT,20150220,39.00,39.52,38.25,38.674975,1989000
ADT,20150219,38.98,39.32,38.400002,38.429451,1601500
ADT,20150218,38.939999,39.490002,38.799999,38.370524,1984900
ADT,20150217,38.740002,39.220001,38.509998,38.301777,2586800
ADT,20150213,38.130001,38.50,37.810001,37.52592,1998700
ADT,20150212,37.310001,38.419998,37.310001,37.417889,2489300
ADT,20150211,37.150002,37.279999,36.889999,36.504538,1618700
ADT,20150210,37.43,37.549999,37.080002,36.632212,1674900
ADT,20150209,36.869999,37.369999,36.73,36.455434,1355100
ADT,20150206,37.490002,37.639999,37.07,36.651854,2010100
ADT,20150205,36.18,37.50,36.00,36.79917,2339900
ADT,20150204,35.810001,36.630001,35.639999,35.473337,1823400
ADT,20150203,35.860001,36.299999,35.41,35.365306,2254700
ADT,20150202,34.57,35.630001,34.220001,34.844796,2024800
ADT,20150130,34.50,35.110001,34.34,33.784133,2306900
ADT,20150129,34.41,34.900002,32.889999,34.16715,3738000
ADT,20150128,35.189999,36.080002,34.349998,33.764491,5665500
ADT,20150127,33.66,34.07,33.369999,33.185053,2850500
ADT,20150126,34.650002,34.77,33.700001,33.214515,2436700
ADT,20150123,34.720001,35.150002,34.540001,34.137688,1876900
ADT,20150122,34.279999,34.759998,33.57,33.844825,1555000
ADT,20150121,33.50,34.18,33.380001,33.268871,2316300
ADT,20150120,33.779999,33.82,33.200001,32.712434,2450100
ADT,20150116,33.610001,33.889999,33.32,32.858865,1825800
ADT,20150115,34.099998,34.439999,33.490002,32.731958,1941100
ADT,20150114,34.029999,34.200001,33.349998,33.181013,2478100
ADT,20150113,34.73,35.07,33.849998,33.57149,2376300
ADT,20150112,35.41,35.50,34.049999,33.737446,3511700
ADT,20150109,35.939999,36.369999,35.68,35.318888,1394200
ADT,20150108,35.189999,35.990002,35.02,34.98698,1936100
ADT,20150107,35.00,35.369999,34.73,34.157212,1674400
ADT,20150106,35.169998,35.23,34.57,33.922923,1762500
ADT,20150105,35.849998,35.860001,34.880001,34.323164,2004900
ADT,20150102,36.419998,36.619999,35.810001,35.270078,1339900
ADT,20141231,36.509998,36.900002,35.98,35.367697,1979500
ADT,20141230,36.00,36.599998,35.950001,35.465319,1535000
ADT,20141229,35.720001,36.18,35.66,35.279839,1155700
ADT,20141226,35.509998,36.029999,35.450001,35.026029,946300
ADT,20141224,35.380001,35.689999,35.07,34.537929,587500
ADT,20141223,35.66,36.41,35.099998,34.430547,2355900
ADT,20141222,34.549999,35.119999,34.400002,34.196257,1911200
ADT,20141219,33.57,35.349998,33.57,33.727682,4572600
ADT,20141218,32.450001,33.689999,32.369999,32.88815,3079300
ADT,20141217,31.450001,32.18,31.209999,31.296948,2527900
ADT,20141216,30.709999,32.369999,30.52,30.691704,3265300
ADT,20141215,30.60,31.07,30.450001,29.979077,2440200
ADT,20141212,31.049999,31.290001,30.49,29.783838,4194500
ADT,20141211,32.00,32.490002,31.440001,30.701466,2810600
ADT,20141210,32.540001,32.599998,31.76,31.179803,2595600
ADT,20141209,31.76,32.740002,31.719999,31.921715,2603800
ADT,20141208,34.400002,34.43,31.90,31.765523,5296300
ADT,20141205,34.459999,34.950001,34.34,33.991256,1474400
ADT,20141204,34.900002,35.060001,34.240002,33.551966,1127300
ADT,20141203,34.700001,35.330002,34.299999,33.922923,1847600
ADT,20141202,34.150002,34.689999,34.110001,33.669112,1808200
ADT,20141201,34.779999,34.869999,33.419998,33.190773,3688800
ADT,20141128,35.82,35.82,34.860001,34.108399,1343800
ADT,20141126,36.32,36.32,35.709999,34.977219,1404600
ADT,20141125,36.299999,36.369999,35.990002,35.42627,1030400
ADT,20141124,36.369999,36.43,35.23,35.396982,1823600
ADT,20141121,36.049999,36.560001,35.939999,35.455555,2018300
ADT,20141120,35.27,35.82,35.07,34.801503,1102900
ADT,20141119,35.349998,35.52,35.00,34.528165,1216800
ADT,20141118,35.48,35.549999,35.16,34.528165,1490300
ADT,20141117,35.799999,35.799999,35.130001,34.557454,1392100
ADT,20141114,34.919998,35.990002,34.599998,35.123647,2225800
ADT,20141113,36.759998,37.029999,34.549999,34.186497,4283000
ADT,20141112,37.52,37.790001,36.380001,35.894845,4877000
ADT,20141111,36.889999,36.900002,35.389999,34.801503,3734800
ADT,20141110,36.259998,36.869999,36.18,35.963179,2623500
ADT,20141107,36.080002,36.290001,35.849998,35.338412,1336400
ADT,20141106,35.900002,36.119999,35.75,35.211505,1018600
ADT,20141105,35.68,35.990002,35.369999,35.104123,1101500
ADT,20141104,35.130001,35.689999,35.02,34.645312,825300
ADT,20141103,35.810001,35.990002,35.27,34.479356,1305200
ADT,20141031,35.77,35.860001,35.459999,34.98698,1319400
ADT,20141030,34.700001,35.34,34.66,34.352449,1201900
ADT,20141029,35.060001,35.560001,34.50,34.088875,1359000
ADT,20141028,34.32,35.169998,34.150002,34.235306,1301900
ADT,20141027,34.200001,34.200001,33.66,33.288392,662600
ADT,20141024,34.02,34.540001,33.950001,33.483634,750600
ADT,20141023,34.040001,34.41,33.880001,33.114827,1468400
ADT,20141022,33.82,34.130001,33.73,32.736317,2278400
ADT,20141021,33.00,33.830002,33.00,32.804255,1416700
ADT,20141020,32.619999,32.939999,32.43,31.959886,1451900
ADT,20141017,32.25,33.650002,32.25,31.862833,2697000
ADT,20141016,31.959999,32.619999,31.889999,31.018461,2697300
ADT,20141015,31.709999,32.580002,31.51,31.503731,2733600
ADT,20141014,32.02,32.360001,31.90,31.261096,2047900
ADT,20141013,32.189999,32.630001,31.709999,30.940818,2148500
ADT,20141010,33.029999,33.209999,32.119999,31.193158,2453800
ADT,20141009,33.91,34.029999,33.029999,32.095761,2192000
ADT,20141008,33.23,33.950001,32.470001,32.901311,3837000
ADT,20141007,34.549999,34.630001,33.18,32.28987,2689100
ADT,20141006,35.029999,35.119999,34.459999,33.755384,1657300
ADT,20141003,34.48,35.029999,34.18,33.891259,1677300
ADT,20141002,34.66,34.830002,33.650002,33.328347,2324400
ADT,20141001,35.400002,35.400002,34.599998,33.648624,1751400
ADT,20140930,35.560001,35.700001,35.23,34.415351,1284500
ADT,20140929,35.259998,35.599998,35.119999,34.522111,1364200
ADT,20140926,35.419998,35.889999,35.419998,34.560934,1687700
ADT,20140925,35.84,36.110001,35.130001,34.328003,1715900
ADT,20140924,35.419998,36.060001,35.310001,34.978266,1898600
ADT,20140923,36.34,36.50,35.41,34.405648,2591000
ADT,20140922,36.970001,37.009998,36.400002,35.453829,1199300
ADT,20140919,37.50,37.50,36.84,35.977921,2254400
ADT,20140918,37.150002,37.41,36.970001,36.259379,980800
ADT,20140917,37.16,37.27,36.869999,35.861458,1184900
ADT,20140916,36.869999,37.23,36.689999,36.007036,1176000
ADT,20140915,36.799999,37.040001,36.59,35.764401,847400
ADT,20140912,36.98,37.040001,36.48,35.783813,1327300
ADT,20140911,36.639999,37.049999,36.639999,35.90028,1051400
ADT,20140910,36.34,36.73,36.16,35.628526,1468200
ADT,20140909,36.889999,36.91,35.919998,35.191783,2052200
ADT,20140908,36.950001,37.34,36.91,36.104093,1296600
ADT,20140905,36.869999,37.139999,36.599998,35.939099,982200
ADT,20140904,37.00,37.369999,36.740002,35.79352,1037400
ADT,20140903,37.02,37.18,36.75,35.90028,1062800
ADT,20140902,36.860001,37.09,36.630001,35.871161,1178800
ADT,20140829,36.970001,37.16,36.619999,35.774109,916000
ADT,20140828,36.740002,37.200001,36.59,35.861458,929900
ADT,20140827,37.139999,37.23,36.41,35.832339,1501300
ADT,20140826,37.16,37.439999,36.91,36.007036,1276400
ADT,20140825,37.27,37.43,36.82,36.123504,1593500
ADT,20140822,37.040001,37.189999,36.59,35.929395,1231000
ADT,20140821,37.23,37.50,36.959999,35.948806,2033900
ADT,20140820,36.27,37.369999,36.27,36.123504,3561600
ADT,20140819,36.639999,36.75,36.23,35.172375,1713000
ADT,20140818,36.529999,36.959999,36.299999,35.560589,2411500
ADT,20140815,37.080002,37.299999,36.18,35.337365,2464600
ADT,20140814,36.810001,37.09,36.66,35.977921,1737600
ADT,20140813,36.610001,36.91,36.389999,35.725583,1601800
ADT,20140812,36.189999,36.779999,36.189999,35.521766,2030900
ADT,20140811,35.540001,36.650002,35.509998,35.279131,3028000
ADT,20140808,34.720001,35.509998,34.720001,34.454174,1981700
ADT,20140807,34.869999,34.93,34.59,33.697154,1464100
ADT,20140806,34.200001,35.00,34.200001,33.648624,2378100
ADT,20140805,34.490002,34.700001,34.23,33.444811,1949700
ADT,20140804,34.07,34.689999,33.869999,33.522456,1558800
ADT,20140801,34.720001,34.950001,33.799999,32.998364,2460400
ADT,20140731,34.599998,35.00,34.16,33.774795,3711100
ADT,20140730,34.919998,35.889999,33.16,33.755384,11017100
ADT,20140729,33.169998,33.380001,32.939999,32.027824,2555400
ADT,20140728,32.98,33.200001,32.740002,32.144287,1614700
ADT,20140725,33.470001,33.529999,33.150002,31.998705,789700
ADT,20140724,33.59,33.59,33.330002,32.29776,862500
ADT,20140723,33.189999,33.66,32.889999,32.355643,1457300
ADT,20140722,33.52,33.689999,33.110001,31.98906,1458600
ADT,20140721,33.470001,33.59,33.09,32.220587,1019600
ADT,20140718,33.16,33.720001,32.950001,32.432816,1863600
ADT,20140717,33.549999,33.709999,33.060001,31.969766,1380200
ADT,20140716,33.68,33.919998,33.450001,32.432816,1428600
ADT,20140715,33.66,33.880001,33.439999,32.394231,1015900
ADT,20140714,33.220001,33.669998,33.07,32.461759,1886200
ADT,20140711,33.25,33.25,32.830002,31.882944,1342600
ADT,20140710,33.029999,33.509998,33.02,32.162704,1488300
ADT,20140709,33.259998,33.630001,33.209999,32.365288,1697800
ADT,20140708,33.959999,34.080002,33.110001,31.969766,2921900
ADT,20140707,34.73,34.82,33.98,32.866926,1679500
ADT,20140703,34.75,35.00,34.490002,33.53256,950200
ADT,20140702,34.529999,34.900002,34.529999,33.455386,1948900
ADT,20140701,34.959999,35.02,34.43,33.291388,1912100
ADT,20140630,34.720001,35.150002,34.450001,33.706204,2445600
ADT,20140627,34.32,34.75,34.32,33.465032,2533200
ADT,20140626,34.610001,34.630001,34.200001,33.262448,1914800
ADT,20140625,34.169998,34.830002,34.09,33.407153,2359000
ADT,20140624,34.52,34.610001,34.150002,33.059864,2472600
ADT,20140623,34.369999,34.689999,33.709999,33.436092,2001900
ADT,20140620,34.43,34.48,34.150002,33.165981,3526200
ADT,20140619,34.48,34.549999,34.029999,33.06951,1596800
ADT,20140618,34.889999,34.900002,34.09,33.214214,2288300
ADT,20140617,33.349998,35.189999,33.330002,33.580797,5263800
ADT,20140616,33.939999,33.939999,33.209999,32.172349,1968700
ADT,20140613,34.09,34.189999,33.720001,32.76081,1721300
ADT,20140612,33.439999,34.18,33.369999,32.88622,3138100
ADT,20140611,33.669998,33.759998,33.139999,32.345994,1572800
ADT,20140610,33.720001,34.130001,33.610001,32.567871,1877600
ADT,20140609,33.639999,34.049999,33.549999,32.558226,1322000
ADT,20140606,33.060001,33.720001,33.00,32.490698,1724200
ADT,20140605,32.540001,33.049999,32.279999,31.873298,1294000
ADT,20140604,32.330002,32.639999,32.110001,31.362011,1011900
ADT,20140603,32.07,32.52,32.00,31.284838,2009400
ADT,20140602,32.290001,32.75,32.139999,31.082254,1673500
ADT,20140530,32.509998,32.709999,32.110001,31.06296,2008700
ADT,20140529,32.439999,32.580002,32.16,31.419894,1500200
ADT,20140528,32.450001,32.709999,32.099998,31.265544,1797600
ADT,20140527,32.849998,32.919998,32.189999,31.255899,2548600
ADT,20140523,32.779999,33.00,32.490002,31.728594,2119900
ADT,20140522,32.470001,32.650002,32.240002,31.439188,1622900
ADT,20140521,32.459999,32.619999,32.310001,31.362011,1257500
ADT,20140520,32.549999,32.669998,32.16,31.149782,1492000
ADT,20140519,31.969999,32.900002,31.860001,31.477776,3103600
ADT,20140516,32.029999,32.200001,31.85,30.927904,2182500
ADT,20140515,31.950001,32.09,31.379999,30.93755,2471100
ADT,20140514,32.209999,32.25,31.709999,30.927904,2155100
ADT,20140513,32.00,32.27,31.90,31.014727,2151300
ADT,20140512,31.360001,32.099998,31.35,30.812141,2789500
ADT,20140509,31.67,31.68,31.17,30.107917,1391300
ADT,20140508,31.209999,31.620001,31.17,30.493794,2260200
ADT,20140507,31.040001,31.34,30.57,30.223681,2395500
ADT,20140506,30.68,31.48,30.66,29.934275,3423700
ADT,20140505,30.309999,31.00,30.26,29.654514,4340100
ADT,20140502,30.09,30.52,30.059999,29.181818,1984900
ADT,20140501,30.190001,30.48,30.00,29.008173,3256400
ADT,20140430,31.290001,32.73,29.25,29.17217,7313700
ADT,20140429,29.15,29.870001,29.15,28.699473,3577600
ADT,20140428,29.18,29.27,28.85,28.053132,3207000
ADT,20140425,29.610001,29.690001,29.17,28.043485,1944700
ADT,20140424,29.870001,29.959999,29.459999,28.388399,1701000
ADT,20140423,30.129999,30.35,29.82,28.5896,1837500
ADT,20140422,30.41,30.48,30.07,28.934515,1919600
ADT,20140421,30.26,30.50,30.049999,29.078229,1604500
ADT,20140417,30.280001,30.469999,29.809999,28.953676,1611500
ADT,20140416,30.18,30.559999,30.15,29.164458,2144800
ADT,20140415,30.360001,30.40,29.52,28.68541,2227400
ADT,20140414,29.92,30.59,29.860001,29.059067,1931100
ADT,20140411,30.200001,30.49,29.58,28.49379,3233100
ADT,20140410,31.60,31.700001,30.200001,29.039905,3406100
ADT,20140409,30.58,31.709999,30.43,30.352498,4636300
ADT,20140408,30.85,30.90,30.040001,29.1932,3764900
ADT,20140407,32.009998,32.200001,30.639999,29.681829,4056100
ADT,20140404,32.16,32.470001,31.870001,30.831546,3383600
ADT,20140403,31.57,32.700001,31.530001,30.716575,6396700
ADT,20140402,30.450001,31.379999,30.42,30.065067,4709300
ADT,20140401,30.190001,30.60,29.950001,29.183619,3919800
ADT,20140331,29.83,30.02,29.629999,28.694991,2291600
ADT,20140328,29.049999,29.969999,29.00,28.436305,3159800
ADT,20140327,29.690001,30.219999,29.639999,28.714152,2789200
ADT,20140326,30.129999,30.27,29.49,28.407561,3279400
ADT,20140325,29.790001,30.110001,29.639999,28.637504,4438600
ADT,20140324,29.309999,29.85,29.120001,28.503371,3684600
ADT,20140321,29.299999,29.549999,29.110001,28.024323,4396100
ADT,20140320,29.02,29.25,28.43,27.851865,2694800
ADT,20140319,29.10,29.50,29.059999,27.880609,2689000
ADT,20140318,28.76,29.32,28.75,27.918932,2161700
ADT,20140317,28.120001,28.809999,28.120001,27.487789,2703000
ADT,20140314,28.110001,28.49,27.93,26.90335,3097300
ADT,20140313,28.940001,29.07,28.059999,27.047064,5677700
ADT,20140312,29.48,29.639999,28.719999,27.545274,5516300
ADT,20140311,29.92,30.040001,29.32,28.484209,4770900
ADT,20140310,30.57,30.690001,29.85,28.723733,5923500
ADT,20140307,31.120001,31.15,30.719999,29.557278,2700200
ADT,20140306,31.219999,31.559999,30.91,29.633925,2127000
ADT,20140305,30.77,31.58,30.65,29.930935,2691600
ADT,20140304,30.809999,31.09,30.49,29.403982,2813400
ADT,20140303,30.450001,30.68,30.120001,29.202781,2804600
ADT,20140228,31.43,31.50,30.49,29.423143,4458300
ADT,20140227,30.940001,31.450001,30.879999,30.026745,3209300
ADT,20140226,31.57,31.67,30.76,29.605182,3784600
ADT,20140225,31.24,31.780001,31.24,30.37166,5407100
ADT,20140224,30.68,31.559999,30.440001,29.959678,5092700
ADT,20140221,30.84,31.08,30.49,29.28901,5542600
ADT,20140220,31.24,31.610001,30.85,29.566859,3881200
ADT,20140219,31.25,31.969999,31.129999,30.132136,4315400
ADT,20140218,31.559999,31.68,31.08,29.98842,2924700
ADT,20140214,31.16,31.65,31.030001,30.285431,3940900
ADT,20140213,30.49,31.559999,30.389999,29.98842,5330300
ADT,20140212,30.809999,31.209999,30.43,29.269847,3931100
ADT,20140211,30.84,31.15,30.50,29.423143,4151300
ADT,20140210,31.190001,32.27,30.440001,29.633925,6970700
ADT,20140207,30.24,31.60,30.07,30.208783,12644900
ADT,20140206,29.85,30.40,29.74,28.70457,5775500
ADT,20140205,29.950001,30.25,29.629999,28.503371,4767200
ADT,20140204,28.860001,30.32,28.690001,28.934515,8335000
ADT,20140203,30.049999,30.40,28.65,27.621922,9806400
ADT,20140131,30.469999,30.860001,29.959999,28.78122,13857900
ADT,20140130,31.50,33.130001,29.559999,30.08423,36645400
ADT,20140129,37.93,38.209999,37.610001,36.22563,4651800
ADT,20140128,38.130001,38.52,37.84,36.675933,2978600
ADT,20140127,39.220001,39.220001,37.77,36.5418,4235500
ADT,20140124,38.889999,39.169998,38.759998,36.963363,4630500
ADT,20140123,39.32,39.48,38.990002,37.192122,2901900
ADT,20140122,39.580002,39.799999,39.459999,37.706827,2224600
ADT,20140121,39.889999,40.439999,39.52,37.72589,4397400
ADT,20140117,39.27,40.07,39.139999,37.802141,2882800
ADT,20140116,38.959999,39.490002,38.900002,37.354156,1935500
ADT,20140115,38.939999,39.009998,38.580002,37.125401,3415200
ADT,20140114,38.919998,39.369999,38.099998,37.115868,4698600
ADT,20140113,39.09,39.580002,38.84,37.182588,2462300
ADT,20140110,39.34,39.700001,38.990002,37.249312,2250800
ADT,20140109,39.599998,39.860001,39.049999,37.382754,3492900
ADT,20140108,40.130001,40.490002,39.310001,37.611509,2971500
ADT,20140107,39.700001,40.310001,39.68,38.316845,2390900
ADT,20140106,39.669998,40.02,39.48,37.792611,2448200
ADT,20140103,39.77,39.900002,39.41,37.649636,2134200
ADT,20140102,40.400002,40.599998,39.380001,37.764014,3834400
ADT,20131231,40.59,40.849998,40.169998,38.574198,2587900
ADT,20131230,41.150002,41.389999,40.43,38.679045,1992300
ADT,20131227,40.889999,41.259998,40.880001,39.222344,2162900
ADT,20131226,40.200001,41.029999,40.189999,39.022178,2475400
ADT,20131224,39.970001,40.220001,39.970001,38.278718,548000
ADT,20131223,39.779999,40.099998,39.720001,38.135744,2000400
ADT,20131220,40.150002,40.150002,39.43,37.830734,3475000
ADT,20131219,40.200001,40.43,39.889999,38.078557,2110000
ADT,20131218,39.599998,40.240002,39.279999,38.269188,4132500
ADT,20131217,39.669998,40.00,39.459999,37.649636,2348000
ADT,20131216,38.990002,39.619999,38.939999,37.659166,3671000
ADT,20131213,39.189999,39.279999,38.400002,36.982426,4722600
ADT,20131212,39.599998,39.75,39.169998,37.411347,3188700
ADT,20131211,39.849998,40.450001,39.540001,37.840268,2339300
ADT,20131210,39.709999,40.080002,39.310001,37.954645,3608500
ADT,20131209,40.529999,40.939999,39.619999,37.830734,3518100
ADT,20131206,41.029999,41.630001,40.419998,38.621855,3388700
ADT,20131205,40.470001,40.880001,40.279999,38.83155,2443000
ADT,20131204,40.299999,41.119999,40.150002,38.726702,1941700
ADT,20131203,40.07,40.779999,39.82,38.574198,3286000
ADT,20131202,40.77,41.16,40.25,38.459816,3093100
ADT,20131129,40.950001,41.009998,40.50,38.659982,1470500
ADT,20131127,40.880001,41.34,40.669998,38.936394,2418900
ADT,20131126,41.419998,41.950001,40.82,38.936394,4504200
ADT,20131125,42.34,42.369999,39.709999,39.517819,20415200
ADT,20131122,43.50,44.400002,43.50,41.948365,2997000
ADT,20131121,43.779999,44.34,43.220001,41.319282,4725800
ADT,20131120,45.00,46.049999,43.049999,41.78633,7999900
ADT,20131119,42.66,43.27,42.650002,40.804581,2670000
ADT,20131118,43.119999,43.200001,42.57,40.766454,2574600
ADT,20131115,43.50,43.619999,43.009998,41.223968,1896400
ADT,20131114,42.830002,43.459999,42.259998,41.338346,2278400
ADT,20131113,42.389999,42.889999,42.23,40.737861,1935100
ADT,20131112,42.470001,42.860001,42.290001,40.594886,1943800
ADT,20131111,42.580002,42.939999,42.48,40.68067,1573300
ADT,20131108,42.57,42.759998,42.139999,40.413788,2170700
ADT,20131107,43.459999,43.82,42.439999,40.633013,2304600
ADT,20131106,43.240002,43.830002,43.16,41.233498,1299200
ADT,20131105,43.060001,43.389999,42.75,41.128654,1509500
ADT,20131104,43.529999,43.669998,42.290001,41.157248,2058100
ADT,20131101,43.389999,44.00,43.040001,41.42413,1946000
ADT,20131031,42.860001,43.959999,42.810001,41.338346,2903500
ADT,20131030,42.599998,43.279999,42.490002,40.957086,4399200
ADT,20131029,41.950001,42.779999,41.810001,40.604416,2605000
ADT,20131028,42.07,42.189999,41.66,39.822829,1753100
ADT,20131025,42.189999,42.32,41.98,40.075415,2177200
ADT,20131024,41.650002,42.240002,41.619999,40.08492,2753700
ADT,20131023,41.389999,41.700001,41.130001,39.514724,2271600
ADT,20131022,40.84,41.470001,40.700001,39.39118,2161200
ADT,20131021,40.939999,41.09,40.50,38.801976,2443000
ADT,20131018,40.540001,41.200001,40.50,38.954029,3703500
ADT,20131017,39.740002,40.330002,39.580002,38.298299,2584600
ADT,20131016,39.18,39.860001,38.369999,37.880155,3179000
ADT,20131015,40.009998,40.560001,39.150002,37.205422,3056700
ADT,20131014,39.240002,40.23,39.110001,38.022702,3208600
ADT,20131011,39.720001,39.790001,39.220001,37.385983,3553300
ADT,20131010,39.709999,40.459999,39.650002,37.756611,2710300
ADT,20131009,39.150002,39.450001,38.830002,37.376481,2208700
ADT,20131008,39.540001,39.700001,38.939999,37.062871,2182900
ADT,20131007,39.630001,39.98,39.580002,37.642573,1712900
ADT,20131004,39.880001,40.099998,39.639999,38.070222,1675900
ADT,20131003,40.450001,40.619999,39.799999,37.899162,2452200
ADT,20131002,40.349998,40.689999,39.939999,38.659425,1823100
ADT,20131001,40.720001,41.040001,40.439999,38.469359,2494200
ADT,20130930,41.040001,41.150002,40.630001,38.640418,2321300
ADT,20130927,41.799999,41.830002,41.150002,39.210615,2145700
ADT,20130926,41.880001,42.419998,41.880001,40.037405,1612100
ADT,20130925,42.610001,42.880001,41.900002,39.866345,2463800
ADT,20130924,42.799999,42.919998,42.049999,40.579093,3255200
ADT,20130923,42.32,43.02,41.91,40.750152,2648100
ADT,20130920,42.610001,42.650002,41.959999,40.217966,5268800
ADT,20130919,42.00,42.790001,41.849998,40.569587,4199100
ADT,20130918,41.27,41.950001,41.040001,39.847338,2192000
ADT,20130917,41.529999,41.740002,41.119999,39.277141,2747600
ADT,20130916,40.549999,41.66,40.470001,39.419689,3323200
ADT,20130913,39.82,40.209999,39.380001,38.04171,1105900
ADT,20130912,40.009998,40.200001,39.66,37.728102,1497800
ADT,20130911,40.509998,40.57,39.720001,38.146246,1861000
ADT,20130910,40.27,40.73,40.099998,38.488366,1699600
ADT,20130909,39.630001,40.09,39.380001,37.984692,1510100
ADT,20130906,40.09,40.099998,39.169998,37.519029,2630400
ADT,20130905,39.07,40.200001,39.049999,37.965685,2387200
ADT,20130904,39.049999,39.560001,38.91,37.167408,3309100
ADT,20130903,40.00,40.23,39.040001,37.195916,3995800
ADT,20130830,40.709999,40.77,39.709999,37.851646,2303400
ADT,20130829,40.349998,41.279999,40.25,38.687934,1576800
ADT,20130828,40.459999,40.73,40.279999,38.44085,1568400
ADT,20130827,40.75,41.00,40.450001,38.459857,1700700
ADT,20130826,41.240002,41.450001,41.099998,39.210615,1249100
ADT,20130823,41.52,41.59,41.119999,39.201113,1063300
ADT,20130822,40.830002,41.619999,40.669998,39.448197,1463200
ADT,20130821,41.080002,41.150002,40.709999,38.839987,2871600
ADT,20130820,40.849998,41.299999,40.669998,39.201113,1791900
ADT,20130819,40.93,41.150002,40.619999,38.82098,1902200
ADT,20130816,40.00,41.139999,39.950001,39.020552,2059300
ADT,20130815,40.650002,40.709999,40.00,38.127239,3019700
ADT,20130814,40.93,41.240002,40.869999,38.849492,1426000
ADT,20130813,41.119999,41.209999,40.889999,38.963531,1691400
ADT,20130812,41.080002,41.41,40.93,38.925517,2048900
ADT,20130809,41.040001,41.560001,40.84,39.153598,1645800
ADT,20130808,40.400002,41.099998,40.279999,39.011047,1930600
ADT,20130807,40.27,40.459999,39.919998,38.336313,2177200
ADT,20130806,41.16,41.18,40.099998,38.212769,3153100
ADT,20130805,40.50,41.290001,40.169998,39.201113,2307800
ADT,20130802,39.84,40.689999,39.700001,38.583397,3732100
ADT,20130801,40.00,40.419998,39.599998,37.775618,6364400
ADT,20130731,43.119999,44.00,40.00,38.089229,9357600
ADT,20130730,41.380001,42.549999,41.32,39.999391,3280200
ADT,20130729,40.919998,41.369999,40.869999,39.115583,1003100
ADT,20130726,41.470001,41.619999,40.939999,38.996791,1307200
ADT,20130725,42.080002,42.459999,41.369999,39.413665,2065100
ADT,20130724,42.419998,42.540001,41.810001,39.877914,842100
ADT,20130723,42.23,42.650002,41.860001,40.095826,1152100
ADT,20130722,42.18,42.389999,41.810001,39.792644,1950800
ADT,20130719,42.48,42.650002,42.040001,39.953708,1775100
ADT,20130718,42.889999,42.950001,42.43,40.256893,1460900
ADT,20130717,43.080002,43.450001,42.540001,40.455855,1467700
ADT,20130716,43.779999,43.84,42.900002,40.702189,2257800
ADT,20130715,43.200001,44.560001,43.150002,41.55489,3481400
ADT,20130712,42.630001,43.060001,42.470001,40.759037,2068300
ADT,20130711,42.23,42.889999,42.220001,40.446379,2651200
ADT,20130710,42.130001,42.34,41.209999,39.678952,4244100
ADT,20130709,40.200001,42.75,40.119999,39.811593,6988200
ADT,20130708,39.84,40.220001,39.700001,37.850385,4096000
ADT,20130705,39.490002,39.619999,39.279999,37.528254,1778700
ADT,20130703,39.43,39.529999,39.200001,37.1777,1821900
ADT,20130702,40.349998,40.610001,39.490002,37.509304,3925200
ADT,20130701,39.990002,40.759998,39.990002,38.305157,2547400
ADT,20130628,40.330002,40.630001,39.799999,37.755638,4006800
ADT,20130627,41.169998,41.279999,40.16,38.22936,2368900
ADT,20130626,40.470001,41.080002,40.41,38.797829,2833000
ADT,20130625,39.459999,40.18,39.380001,37.926178,2636700
ADT,20130624,39.09,39.310001,38.630001,37.082954,2706900
ADT,20130621,39.740002,39.77,39.060001,37.300865,3805000
ADT,20130620,40.299999,40.299999,39.23,37.348237,3818800
ADT,20130619,40.849998,41.400002,40.48,38.41885,3077600
ADT,20130618,39.84,40.790001,39.689999,38.627288,2668600
ADT,20130617,39.540001,40.07,39.240002,37.537726,3908600
ADT,20130614,38.830002,39.490002,38.73,37.338764,4755000
ADT,20130613,39.060001,39.299999,38.09,36.732401,8204700
ADT,20130612,40.110001,40.150002,39.029999,37.09243,3174500
ADT,20130611,39.669998,40.110001,39.630001,37.821959,3273300
ADT,20130610,40.18,40.23,39.84,37.907229,4273700
ADT,20130607,40.18,40.669998,40.009998,38.096718,3439600
ADT,20130606,39.759998,40.25,39.43,37.897756,3988000
ADT,20130605,40.110001,40.189999,39.66,37.651422,4412800
ADT,20130604,40.889999,41.189999,39.93,38.276735,4389200
ADT,20130603,40.98,41.700001,40.049999,38.892571,3896700
ADT,20130531,41.18,41.509998,40.560001,38.456748,3041300
ADT,20130530,41.939999,42.049999,41.169998,39.044162,3086200
ADT,20130529,41.93,42.110001,41.619999,39.792644,3533000
ADT,20130528,42.73,42.799999,42.240002,40.095826,2184300
ADT,20130524,41.779999,42.650002,41.740002,40.105302,2219000
ADT,20130523,40.950001,42.18,40.759998,39.887387,2675400
ADT,20130522,42.27,42.439999,41.07,39.006264,3118600
ADT,20130521,41.84,42.669998,41.84,40.124248,2441900
ADT,20130520,42.75,43.00,41.860001,39.678952,4689600
ADT,20130517,41.830002,43.43,41.830002,41.02432,2700600
ADT,20130516,42.389999,42.540001,41.779999,39.63158,2255800
ADT,20130515,42.919998,42.919998,42.040001,40.171623,2929600
ADT,20130514,43.009998,43.310001,42.52,40.626396,2290500
ADT,20130513,44.009998,44.110001,42.650002,40.560075,3298800
ADT,20130510,44.869999,44.919998,44.040001,41.8107,1855200
ADT,20130509,44.48,45.040001,44.43,42.350743,1596400
ADT,20130508,44.400002,44.990002,43.93,42.132832,2576500
ADT,20130507,44.439999,44.880001,44.150002,42.066511,2737100
ADT,20130506,43.759998,44.459999,43.360001,42.028612,3038000
ADT,20130503,42.830002,43.950001,42.75,41.21381,4355900
ADT,20130502,40.959999,42.50,40.939999,40.218994,3901100
ADT,20130501,41.299999,42.639999,40.189999,38.50412,9157600
ADT,20130430,43.650002,43.98,42.950001,41.346451,3230800
ADT,20130429,44.07,44.799999,43.529999,41.346451,2003800
ADT,20130426,43.990002,44.220001,43.060001,41.602262,2674700
ADT,20130425,43.580002,44.459999,43.459999,41.72543,1022400
ADT,20130424,43.889999,44.119999,43.220001,41.147489,1636300
ADT,20130423,43.880001,44.610001,43.59,41.460144,1416000
ADT,20130422,43.779999,44.119999,43.060001,41.535941,1421900
ADT,20130419,43.470001,44.00,43.110001,41.417511,1355300
ADT,20130418,43.900002,43.959999,43.18,41.247457,1520000
ADT,20130417,43.25,44.060001,42.919998,41.502538,2953400
ADT,20130416,44.32,44.580002,42.75,40.992377,5261200
ADT,20130415,45.939999,45.959999,44.02,41.587565,3515700
ADT,20130412,45.00,46.049999,44.990002,43.43926,4546800
ADT,20130411,45.75,45.779999,44.970001,42.579544,2470600
ADT,20130410,45.349998,45.77,43.860001,43.089706,6183900
ADT,20130409,46.599998,46.709999,44.939999,42.522858,3354000
ADT,20130408,46.130001,46.599998,45.639999,44.006107,2375800
ADT,20130405,44.209999,46.639999,43.259998,43.760472,4863900
ADT,20130404,46.099998,46.200001,44.52,42.352808,6295100
ADT,20130403,45.00,46.240002,44.57,43.410919,11209700
ADT,20130402,47.240002,47.720001,46.279999,43.902185,9261300
ADT,20130401,48.849998,48.860001,47.540001,45.34764,3179500
ADT,20130328,48.700001,48.990002,48.330002,46.235697,2289900
ADT,20130327,48.23,49.25,48.23,45.905038,1464000
ADT,20130326,48.720001,48.950001,48.240002,45.678298,1448100
ADT,20130325,49.16,49.380001,48.32,45.79167,1284500
ADT,20130322,48.950001,49.48,48.27,46.131778,2031700
ADT,20130321,48.869999,50.349998,48.799999,46.179014,2613500
ADT,20130320,49.389999,49.610001,48.900002,46.311278,1173000
ADT,20130319,49.169998,49.68,48.849998,46.386855,1075700
ADT,20130318,49.049999,49.57,48.50,46.443541,991400
ADT,20130315,48.939999,49.549999,48.759998,46.679727,1408400
ADT,20130314,49.73,50.369999,49.080002,46.509673,1612300
ADT,20130313,48.669998,50.200001,48.669998,46.982044,1725600
ADT,20130312,48.52,48.959999,48.52,46.046751,1716500
ADT,20130311,47.810001,49.290001,47.759998,45.772775,1244000
ADT,20130308,48.240002,48.849998,47.759998,45.234272,1339200
ADT,20130307,48.290001,48.66,47.919998,45.385431,1419900
ADT,20130306,49.27,49.360001,48.310001,45.678298,1268100
ADT,20130305,48.830002,49.66,48.799999,46.273487,1689800
ADT,20130304,47.950001,48.73,47.939999,46.018406,1533200
ADT,20130301,47.50,48.200001,47.299999,45.281508,1444200
ADT,20130228,47.93,48.400002,47.299999,45.243718,2128100
ADT,20130227,46.310001,48.299999,46.310001,45.338194,3015600
ADT,20130226,46.349998,46.720001,46.349998,43.996658,1396600
ADT,20130225,47.470001,47.950001,46.130001,43.684895,1926500
ADT,20130222,46.580002,47.34,46.41,44.384002,1480400
ADT,20130221,47.200001,47.310001,45.919998,43.826604,2271700
ADT,20130220,47.75,47.889999,47.110001,44.743005,2823200
ADT,20130219,46.400002,47.509998,46.349998,44.657978,2831300
ADT,20130215,46.959999,47.27,46.099998,43.836053,1908300
ADT,20130214,47.470001,47.57,46.650002,44.147817,1771600
ADT,20130213,47.509998,47.689999,47.200001,44.780796,1261700
ADT,20130212,47.700001,47.880001,47.029999,44.676874,1520900
ADT,20130211,47.75,47.959999,47.59,44.998086,965300
ADT,20130208,48.049999,48.25,47.450001,45.035873,1368300
ADT,20130207,48.119999,48.470001,47.93,45.489353,2067000
ADT,20130206,47.630001,48.389999,47.599998,45.272059,1735900
ADT,20130205,47.490002,48.049999,47.009998,45.357086,2436000
ADT,20130204,47.310001,47.52,47.150002,44.54461,2189800
ADT,20130201,47.889999,47.889999,47.09,44.960296,2978600
ADT,20130131,47.759998,48.310001,47.41,44.875269,2835400
ADT,20130130,49.00,49.099998,47.400002,45.34764,5990300
ADT,20130129,46.970001,47.00,46.450001,43.939972,1960600
ADT,20130128,47.25,47.470001,46.470001,44.374556,952900
ADT,20130125,47.040001,47.299999,46.630001,44.454858,1443200
ADT,20130124,47.419998,47.810001,46.599998,44.106231,1848200
ADT,20130123,47.860001,48.18,47.189999,44.624462,1543300
ADT,20130122,48.23,48.25,47.25,45.208649,1319000
ADT,20130118,48.540001,48.91,47.669998,45.208649,2667700
ADT,20130117,47.990002,48.16,47.709999,45.218073,1620700
ADT,20130116,47.18,47.900002,46.959999,45.029625,2200800
ADT,20130115,47.009998,47.50,46.549999,44.520815,1729400
ADT,20130114,46.970001,47.50,46.50,44.643307,1701900
ADT,20130111,46.66,46.950001,46.130001,44.134497,1180000
ADT,20130110,46.34,46.66,45.689999,43.814135,2739700
ADT,20130109,46.59,46.689999,45.630001,43.343015,2016600
ADT,20130108,47.009998,47.50,45.830002,43.785869,2234200
ADT,20130107,46.259998,47.169998,46.25,43.964893,1597300
ADT,20130104,46.23,46.799999,45.860001,44.049695,1671900
ADT,20130103,46.040001,46.650002,45.529999,43.446662,1998700
ADT,20130102,47.060001,47.310001,45.93,43.361861,2444500
