AKAM,20151030,61.27,62.869999,60.799999,60.82,3979100
AKAM,20151029,61.700001,61.75,60.43,61.110001,6356000
AKAM,20151028,61.91,63.200001,60.25,62.91,21763100
AKAM,20151027,74.989998,76.389999,74.830002,75.550003,2919500
AKAM,20151026,73.900002,75.440002,73.709999,75.370003,1908900
AKAM,20151023,73.510002,74.489998,72.839996,74.080002,1400600
AKAM,20151022,71.709999,73.949997,71.519997,72.529999,1502700
AKAM,20151021,72.120003,72.279999,71.050003,71.160004,786500
AKAM,20151020,70.510002,72.230003,70.279999,71.919998,1282000
AKAM,20151019,70.470001,70.839996,70.010002,70.419998,1690800
AKAM,20151016,71.669998,71.669998,70.550003,70.949997,1278000
AKAM,20151015,70.790001,71.690002,70.379997,71.559998,1074800
AKAM,20151014,71.010002,71.870003,70.110001,70.279999,1307400
AKAM,20151013,72.529999,72.660004,71.00,71.139999,1278600
AKAM,20151012,73.57,73.589996,72.57,72.82,1084700
AKAM,20151009,73.800003,74.040001,73.290001,73.459999,1108200
AKAM,20151008,73.120003,73.910004,72.849998,73.800003,957200
AKAM,20151007,72.400002,73.730003,72.300003,73.550003,1419100
AKAM,20151006,72.00,72.400002,71.50,72.300003,1076200
AKAM,20151005,70.82,72.480003,70.410004,72.120003,1356500
AKAM,20151002,68.18,70.239998,67.440002,70.230003,1214900
AKAM,20151001,69.059998,69.440002,68.139999,68.959999,1453200
AKAM,20150930,68.68,69.160004,68.349998,69.059998,2198300
AKAM,20150929,68.00,68.400002,67.099998,67.50,1344700
AKAM,20150928,70.07,70.910004,67.75,67.959999,1892900
AKAM,20150925,69.720001,71.650002,69.470001,70.550003,2832200
AKAM,20150924,70.279999,70.400002,69.019997,69.389999,1700600
AKAM,20150923,70.290001,70.790001,70.059998,70.540001,1761700
AKAM,20150922,71.440002,71.550003,70.110001,70.610001,1791100
AKAM,20150921,72.32,72.599998,71.720001,72.089996,1729300
AKAM,20150918,73.75,74.269997,71.790001,71.949997,3887400
AKAM,20150917,74.879997,75.400002,74.07,74.639999,1696900
AKAM,20150916,74.169998,75.019997,74.120003,74.82,1381100
AKAM,20150915,74.599998,75.370003,74.209999,75.199997,1077500
AKAM,20150914,74.449997,74.760002,73.849998,74.580002,1010800
AKAM,20150911,74.32,75.32,73.940002,74.669998,1368400
AKAM,20150910,73.279999,75.029999,73.190002,74.550003,1408900
AKAM,20150909,74.879997,75.25,73.129997,73.349998,1273300
AKAM,20150908,73.75,74.349998,73.059998,74.279999,1413600
AKAM,20150904,71.709999,73.169998,71.709999,72.580002,1607100
AKAM,20150903,71.860001,74.709999,71.540001,73.260002,2378600
AKAM,20150902,71.349998,71.669998,69.669998,71.269997,1671900
AKAM,20150901,69.75,71.43,69.669998,70.43,2401800
AKAM,20150831,71.660004,71.809998,70.870003,71.309998,1764400
AKAM,20150828,70.589996,71.970001,70.199997,71.900002,2371800
AKAM,20150827,69.089996,70.889999,68.529999,70.50,2081800
AKAM,20150826,67.07,68.300003,65.330002,68.169998,2238400
AKAM,20150825,68.239998,68.989998,65.589996,65.629997,3113600
AKAM,20150824,65.010002,68.220001,63.139999,66.519997,3779300
AKAM,20150821,69.190002,70.00,67.910004,68.040001,2298300
AKAM,20150820,72.300003,72.57,69.769997,69.779999,2096000
AKAM,20150819,73.779999,73.900002,72.290001,73.059998,881700
AKAM,20150818,73.959999,74.190002,73.230003,73.849998,1220500
AKAM,20150817,73.010002,73.599998,72.32,73.57,1025600
AKAM,20150814,73.379997,73.839996,72.730003,73.370003,1328400
AKAM,20150813,73.82,74.50,73.470001,73.839996,1129500
AKAM,20150812,72.610001,74.190002,71.760002,73.919998,1429300
AKAM,20150811,74.690002,74.690002,72.43,72.959999,1964500
AKAM,20150810,74.980003,75.389999,74.620003,75.010002,1085100
AKAM,20150807,74.540001,74.629997,73.529999,74.529999,968600
AKAM,20150806,75.980003,76.00,73.940002,74.419998,1235400
AKAM,20150805,76.059998,76.480003,75.610001,76.029999,1677300
AKAM,20150804,75.82,76.290001,75.25,75.610001,1410800
AKAM,20150803,76.040001,76.550003,74.980003,75.75,1986200
AKAM,20150731,75.040001,76.980003,74.400002,76.709999,3479800
AKAM,20150730,72.68,75.949997,72.230003,74.959999,4404600
AKAM,20150729,68.050003,73.550003,67.129997,73.209999,9972400
AKAM,20150728,72.129997,73.830002,71.25,73.650002,2524500
AKAM,20150727,72.209999,72.379997,71.040001,71.629997,1365900
AKAM,20150724,73.900002,73.93,72.139999,72.519997,1237900
AKAM,20150723,72.940002,74.18,72.559998,73.510002,1029400
AKAM,20150722,72.639999,73.050003,72.279999,72.75,1078100
AKAM,20150721,73.400002,73.739998,72.50,72.550003,1059300
AKAM,20150720,72.160004,73.93,72.160004,73.480003,1068700
AKAM,20150717,72.699997,73.00,72.279999,72.720001,1070400
AKAM,20150716,72.230003,72.889999,72.209999,72.629997,688100
AKAM,20150715,72.25,72.889999,71.790001,72.059998,924600
AKAM,20150714,71.720001,72.949997,71.400002,72.290001,1138400
AKAM,20150713,70.440002,71.800003,70.099998,71.669998,1106900
AKAM,20150710,70.300003,70.300003,69.57,69.980003,939700
AKAM,20150709,69.580002,70.360001,69.139999,69.300003,1560700
AKAM,20150708,69.809998,69.970001,68.830002,68.860001,1170200
AKAM,20150707,70.080002,70.190002,68.720001,70.110001,1244800
AKAM,20150706,69.209999,69.940002,69.110001,69.760002,1004800
AKAM,20150702,70.379997,70.589996,69.220001,69.910004,1141900
AKAM,20150701,70.300003,70.910004,70.010002,70.370003,962200
AKAM,20150630,69.830002,70.290001,69.550003,69.82,1678600
AKAM,20150629,70.290001,70.839996,69.129997,69.18,1165800
AKAM,20150626,71.300003,71.449997,70.650002,71.129997,1390500
AKAM,20150625,71.339996,71.800003,71.089996,71.370003,1461800
AKAM,20150624,72.220001,72.480003,70.900002,71.330002,1509700
AKAM,20150623,72.940002,73.080002,72.029999,72.230003,1442000
AKAM,20150622,72.730003,73.519997,72.550003,73.010002,1382700
AKAM,20150619,73.239998,73.330002,72.279999,72.290001,2028500
AKAM,20150618,72.839996,73.580002,72.620003,73.269997,1121000
AKAM,20150617,72.879997,73.339996,72.290001,72.809998,919200
AKAM,20150616,72.50,73.190002,72.50,72.849998,710500
AKAM,20150615,72.660004,72.970001,72.18,72.50,1115400
AKAM,20150612,73.830002,74.389999,73.370003,73.440002,764900
AKAM,20150611,74.650002,74.989998,73.879997,74.050003,903200
AKAM,20150610,73.25,74.940002,73.029999,74.610001,1517800
AKAM,20150609,73.220001,73.870003,72.190002,72.900002,2616800
AKAM,20150608,75.209999,75.879997,74.809998,74.889999,1368800
AKAM,20150605,74.870003,75.370003,74.57,75.239998,1792300
AKAM,20150604,75.559998,75.970001,74.989998,75.139999,1067800
AKAM,20150603,75.580002,76.410004,75.360001,76.019997,1203000
AKAM,20150602,75.019997,75.889999,74.860001,75.459999,1752500
AKAM,20150601,76.379997,76.50,74.709999,75.230003,2269500
AKAM,20150529,76.760002,76.949997,76.010002,76.269997,1791900
AKAM,20150528,77.32,77.739998,76.970001,77.029999,753900
AKAM,20150527,77.050003,78.089996,77.010002,77.739998,1201500
AKAM,20150526,77.589996,77.599998,76.519997,76.93,879200
AKAM,20150522,77.410004,77.870003,77.360001,77.660004,979500
AKAM,20150521,76.910004,77.870003,76.639999,77.639999,723100
AKAM,20150520,77.470001,77.489998,76.559998,76.910004,869100
AKAM,20150519,77.339996,78.00,77.160004,77.300003,1138200
AKAM,20150518,77.849998,78.07,77.50,77.940002,1297900
AKAM,20150515,78.199997,78.32,77.18,77.959999,2326300
AKAM,20150514,76.68,78.440002,76.309998,78.360001,1532200
AKAM,20150513,76.260002,76.68,75.839996,76.120003,826100
AKAM,20150512,75.489998,76.050003,74.699997,75.970001,1146200
AKAM,20150511,76.190002,76.849998,75.650002,76.099998,1326100
AKAM,20150508,75.730003,76.620003,75.669998,76.43,1334400
AKAM,20150507,75.169998,75.57,74.550003,75.239998,1169700
AKAM,20150506,75.620003,75.620003,74.599998,75.040001,1524700
AKAM,20150505,74.620003,75.559998,74.269997,75.360001,2157600
AKAM,20150504,74.93,75.379997,74.370003,75.099998,1024000
AKAM,20150501,73.949997,74.699997,73.75,74.660004,1365300
AKAM,20150430,74.610001,74.910004,73.230003,73.779999,2281000
AKAM,20150429,73.510002,75.459999,73.00,75.129997,4749300
AKAM,20150428,77.099998,77.309998,76.00,76.07,2694500
AKAM,20150427,76.080002,77.279999,75.849998,77.040001,1882400
AKAM,20150424,76.330002,76.379997,75.57,75.739998,1195900
AKAM,20150423,75.699997,76.720001,75.699997,76.269997,1189100
AKAM,20150422,75.690002,76.120003,75.50,76.019997,1605400
AKAM,20150421,74.07,75.410004,73.980003,75.300003,2200300
AKAM,20150420,72.00,73.68,72.00,73.459999,1600800
AKAM,20150417,71.75,72.190002,71.440002,71.900002,2009700
AKAM,20150416,71.050003,72.669998,71.00,72.489998,1358900
AKAM,20150415,71.160004,71.639999,70.790001,71.339996,1136600
AKAM,20150414,71.209999,71.610001,70.370003,71.150002,961700
AKAM,20150413,71.449997,71.900002,71.309998,71.339996,1034000
AKAM,20150410,71.190002,71.50,70.959999,71.449997,705800
AKAM,20150409,71.68,71.779999,70.860001,71.260002,923500
AKAM,20150408,71.010002,71.889999,71.010002,71.790001,831700
AKAM,20150407,71.050003,71.769997,71.00,71.080002,924000
AKAM,20150406,70.519997,71.480003,70.50,70.919998,1445100
AKAM,20150402,70.330002,71.00,70.239998,70.839996,957400
AKAM,20150401,70.980003,70.980003,69.879997,70.309998,1208800
AKAM,20150331,71.50,71.720001,71.029999,71.050003,1328700
AKAM,20150330,71.660004,72.239998,71.43,71.900002,972200
AKAM,20150327,70.989998,71.510002,70.510002,71.290001,820200
AKAM,20150326,69.970001,71.169998,69.349998,71.040001,1593200
AKAM,20150325,72.480003,72.529999,70.639999,70.650002,1362100
AKAM,20150324,73.199997,73.419998,72.580002,72.610001,898700
AKAM,20150323,72.949997,73.529999,72.529999,73.139999,1216100
AKAM,20150320,73.309998,73.529999,72.790001,72.870003,1693600
AKAM,20150319,72.800003,73.160004,72.470001,72.75,1138800
AKAM,20150318,71.699997,73.199997,71.379997,72.879997,1281100
AKAM,20150317,71.57,72.410004,71.080002,72.059998,1162300
AKAM,20150316,71.150002,72.150002,71.00,72.080002,1448800
AKAM,20150313,71.040001,71.300003,70.220001,70.809998,1364300
AKAM,20150312,70.300003,71.110001,70.110001,71.019997,1444200
AKAM,20150311,69.489998,70.660004,69.389999,70.360001,1661100
AKAM,20150310,69.120003,69.709999,68.510002,69.199997,1830900
AKAM,20150309,69.970001,70.160004,69.400002,69.599998,1581300
AKAM,20150306,70.629997,71.190002,69.809998,69.959999,1544100
AKAM,20150305,71.550003,71.550003,70.599998,71.089996,1693800
AKAM,20150304,69.419998,71.050003,69.279999,71.050003,2362200
AKAM,20150303,69.910004,70.629997,69.690002,69.860001,1209500
AKAM,20150302,69.800003,71.150002,69.559998,71.129997,2072700
AKAM,20150227,69.410004,69.75,68.800003,69.510002,1435000
AKAM,20150226,69.540001,70.269997,69.040001,69.559998,991700
AKAM,20150225,70.010002,70.519997,69.199997,69.449997,1710200
AKAM,20150224,70.00,70.830002,69.769997,70.120003,1087000
AKAM,20150223,71.699997,71.800003,70.029999,70.239998,1704900
AKAM,20150220,71.599998,71.830002,70.980003,71.620003,1401500
AKAM,20150219,70.080002,71.720001,70.00,71.559998,1903500
AKAM,20150218,70.099998,70.580002,69.669998,70.290001,1630100
AKAM,20150217,68.889999,70.860001,68.00,70.360001,3549600
AKAM,20150213,67.610001,69.099998,67.339996,68.769997,2862600
AKAM,20150212,64.25,67.699997,63.799999,67.589996,4207800
AKAM,20150211,64.919998,65.199997,62.900002,63.75,4859400
AKAM,20150210,61.299999,62.369999,60.299999,62.209999,3562400
AKAM,20150209,60.950001,61.57,60.59,60.959999,1822200
AKAM,20150206,60.450001,61.799999,60.439999,61.130001,1793600
AKAM,20150205,60.279999,60.950001,60.02,60.490002,1446000
AKAM,20150204,60.16,60.75,59.860001,59.950001,1598300
AKAM,20150203,58.68,60.23,58.68,60.119999,1307100
AKAM,20150202,58.599998,58.599998,56.849998,58.490002,1366400
AKAM,20150130,59.400002,59.650002,58.07,58.16,1548000
AKAM,20150129,58.82,60.09,58.25,59.950001,1414400
AKAM,20150128,60.880001,60.880001,58.98,58.990002,1132800
AKAM,20150127,60.369999,61.060001,59.490002,60.290001,1118600
AKAM,20150126,61.110001,61.41,60.580002,61.169998,675300
AKAM,20150123,60.639999,61.290001,60.470001,61.02,1009500
AKAM,20150122,60.369999,60.639999,59.459999,60.639999,1384100
AKAM,20150121,59.27,60.52,59.119999,60.27,1171900
AKAM,20150120,59.75,59.93,59.080002,59.650002,1265900
AKAM,20150116,58.509998,59.279999,58.16,59.220001,1121600
AKAM,20150115,59.799999,60.310001,58.549999,58.630001,1460600
AKAM,20150114,60.41,60.610001,59.060001,59.709999,2043300
AKAM,20150113,61.57,62.330002,60.049999,60.790001,1516200
AKAM,20150112,61.369999,61.59,59.939999,60.75,1430000
AKAM,20150109,61.119999,62.040001,60.709999,60.779999,1171300
AKAM,20150108,60.860001,61.860001,60.599998,61.57,1207400
AKAM,20150107,60.860001,60.959999,59.93,60.16,1848700
AKAM,20150106,62.189999,62.189999,60.099998,60.669998,1405000
AKAM,20150105,61.669998,62.34,60.759998,61.939999,2237400
AKAM,20150102,63.48,63.900002,62.52,63.25,846000
AKAM,20141231,64.449997,64.550003,62.849998,62.959999,885900
AKAM,20141230,63.84,65.209999,63.84,64.07,1096500
AKAM,20141229,64.470001,64.779999,63.369999,63.790001,940800
AKAM,20141226,64.339996,65.059998,64.00,64.790001,740400
AKAM,20141224,64.650002,64.769997,64.339996,64.339996,353600
AKAM,20141223,64.269997,64.699997,64.110001,64.589996,809000
AKAM,20141222,63.259998,64.089996,63.200001,64.059998,899400
AKAM,20141219,62.529999,63.459999,62.52,63.200001,3206100
AKAM,20141218,62.25,62.599998,61.82,62.50,1455100
AKAM,20141217,59.990002,61.650002,59.889999,61.48,1075100
AKAM,20141216,60.43,61.369999,59.860001,59.919998,1675100
AKAM,20141215,61.27,61.869999,60.220001,60.509998,1651800
AKAM,20141212,61.330002,62.169998,60.77,60.799999,1372700
AKAM,20141211,61.639999,63.060001,61.639999,61.98,1463300
AKAM,20141210,62.139999,62.799999,61.049999,61.09,1323400
AKAM,20141209,62.02,62.560001,61.41,62.400002,1517500
AKAM,20141208,63.580002,64.099998,62.279999,62.59,1136700
AKAM,20141205,64.220001,64.43,63.599998,64.010002,868800
AKAM,20141204,63.330002,64.32,63.02,64.230003,1425100
AKAM,20141203,63.450001,63.549999,62.580002,63.240002,1476400
AKAM,20141202,63.220001,63.689999,62.790001,63.23,1052700
AKAM,20141201,64.160004,64.199997,62.959999,63.060001,1573100
AKAM,20141128,64.279999,65.389999,63.900002,64.610001,789100
AKAM,20141126,64.230003,64.57,63.77,64.209999,841100
AKAM,20141125,64.150002,64.620003,63.959999,64.019997,1202600
AKAM,20141124,63.900002,64.379997,63.700001,64.150002,1164900
AKAM,20141121,63.889999,63.970001,63.23,63.73,1691500
AKAM,20141120,61.00,63.150002,60.669998,63.119999,1695900
AKAM,20141119,62.139999,62.139999,61.419998,61.57,882400
AKAM,20141118,61.990002,62.630001,61.919998,62.16,893200
AKAM,20141117,62.560001,63.419998,61.880001,62.029999,1686800
AKAM,20141114,60.50,63.049999,60.330002,62.93,2975700
AKAM,20141113,60.990002,61.27,60.18,60.450001,828600
AKAM,20141112,60.880001,61.279999,60.330002,60.779999,738000
AKAM,20141111,61.09,61.310001,60.73,61.049999,686400
AKAM,20141110,60.32,61.189999,60.119999,61.07,1537700
AKAM,20141107,59.700001,60.18,59.43,60.139999,1140100
AKAM,20141106,59.259998,59.66,58.490002,59.630001,1291800
AKAM,20141105,59.919998,59.990002,58.57,59.02,1404300
AKAM,20141104,59.610001,60.09,58.990002,59.630001,1158600
AKAM,20141103,60.18,60.91,59.610001,59.720001,1181800
AKAM,20141031,60.98,61.27,60.00,60.299999,3739700
AKAM,20141030,55.919998,59.860001,55.779999,59.830002,4408900
AKAM,20141029,57.09,57.349998,55.98,56.209999,3960300
AKAM,20141028,55.66,57.41,55.41,57.150002,2360300
AKAM,20141027,55.080002,55.360001,54.369999,55.290001,1287700
AKAM,20141024,54.73,55.310001,54.139999,55.279999,1104200
AKAM,20141023,54.580002,55.029999,54.360001,54.529999,1553900
AKAM,20141022,55.029999,55.34,53.93,53.950001,1534000
AKAM,20141021,54.41,55.380001,54.290001,55.009998,2214600
AKAM,20141020,53.66,54.400002,53.52,53.990002,2337600
AKAM,20141017,54.00,54.43,53.310001,53.84,2222700
AKAM,20141016,52.279999,54.049999,51.740002,53.380001,5585800
AKAM,20141015,54.990002,55.419998,53.849998,54.630001,3556900
AKAM,20141014,56.080002,57.27,55.610001,55.650002,2074900
AKAM,20141013,56.34,57.209999,55.50,55.549999,1538900
AKAM,20141010,58.060001,58.799999,56.529999,56.549999,1551900
AKAM,20141009,58.810001,59.48,58.02,58.25,1317200
AKAM,20141008,57.50,59.259998,57.200001,59.07,1528100
AKAM,20141007,58.91,59.029999,57.630001,57.650002,1438100
AKAM,20141006,59.82,60.360001,59.029999,59.150002,1000400
AKAM,20141003,58.450001,60.099998,58.450001,59.740002,1633900
AKAM,20141002,58.23,58.830002,57.439999,58.09,1556800
AKAM,20141001,59.509998,59.709999,57.900002,58.240002,1742800
AKAM,20140930,60.110001,60.240002,59.369999,59.799999,1067400
AKAM,20140929,58.93,59.900002,58.57,59.740002,1370300
AKAM,20140926,60.040001,60.150002,59.52,59.830002,1196300
AKAM,20140925,61.48,61.849998,59.50,59.509998,1872900
AKAM,20140924,60.619999,61.75,60.18,61.509998,1278200
AKAM,20140923,61.23,61.470001,60.619999,60.639999,1085900
AKAM,20140922,62.23,62.23,60.700001,61.41,1759200
AKAM,20140919,64.379997,64.739998,62.009998,62.419998,3408100
AKAM,20140918,62.50,64.370003,62.279999,64.349998,2470100
AKAM,20140917,61.91,63.18,61.91,62.310001,1846200
AKAM,20140916,61.220001,62.529999,61.02,62.16,1587400
AKAM,20140915,62.41,62.77,61.00,61.349998,1874900
AKAM,20140912,62.360001,62.880001,62.110001,62.470001,1626300
AKAM,20140911,62.009998,62.630001,61.59,62.32,1092000
AKAM,20140910,61.150002,62.110001,60.84,62.049999,1097200
AKAM,20140909,61.889999,61.970001,61.049999,61.169998,788200
AKAM,20140908,61.240002,62.490002,61.09,61.82,1104000
AKAM,20140905,61.099998,61.669998,60.610001,61.540001,1525100
AKAM,20140904,60.560001,61.27,60.330002,60.419998,1119100
AKAM,20140903,60.450001,60.990002,60.32,60.369999,962900
AKAM,20140902,60.50,60.990002,60.380001,60.689999,1406600
AKAM,20140829,60.360001,60.68,60.150002,60.419998,1135200
AKAM,20140828,60.18,60.419998,59.830002,60.02,1232600
AKAM,20140827,60.84,61.349998,60.34,60.50,1466400
AKAM,20140826,60.41,60.849998,60.349998,60.560001,666600
AKAM,20140825,60.419998,60.799999,60.16,60.490002,650400
AKAM,20140822,60.98,61.16,59.959999,60.419998,1099700
AKAM,20140821,60.950001,61.16,60.599998,60.860001,834200
AKAM,20140820,60.700001,61.00,60.32,60.950001,936500
AKAM,20140819,60.630001,60.990002,60.540001,60.889999,880100
AKAM,20140818,60.00,60.720001,59.939999,60.700001,1255600
AKAM,20140815,59.470001,59.790001,59.02,59.66,2228000
AKAM,20140814,58.630001,59.099998,58.529999,59.009998,1402900
AKAM,20140813,57.810001,58.73,57.540001,58.700001,1154100
AKAM,20140812,57.950001,57.959999,57.16,57.529999,830900
AKAM,20140811,57.919998,58.200001,57.509998,57.98,975400
AKAM,20140808,56.66,57.580002,56.400002,57.52,1446200
AKAM,20140807,57.09,57.330002,56.509998,56.549999,1258400
AKAM,20140806,56.700001,56.939999,56.41,56.540001,1492600
AKAM,20140805,57.16,57.73,56.419998,56.860001,1818500
AKAM,20140804,57.099998,57.790001,56.830002,57.619999,1697500
AKAM,20140801,58.790001,59.650002,56.889999,57.09,3808600
AKAM,20140731,58.290001,61.240002,58.130001,59.02,5135200
AKAM,20140730,59.549999,61.009998,59.549999,60.73,5178600
AKAM,20140729,60.369999,60.48,58.889999,59.00,2223400
AKAM,20140728,59.82,59.98,59.34,59.439999,2399400
AKAM,20140725,59.599998,59.849998,59.290001,59.709999,1197200
AKAM,20140724,59.529999,59.900002,59.00,59.799999,2376900
AKAM,20140723,58.98,59.029999,58.459999,58.490002,909600
AKAM,20140722,58.810001,59.220001,58.709999,58.919998,1230700
AKAM,20140721,58.959999,59.130001,58.369999,58.490002,1043400
AKAM,20140718,58.630001,59.360001,58.32,59.240002,1612700
AKAM,20140717,58.950001,59.580002,58.209999,58.32,1394300
AKAM,20140716,59.720001,59.860001,58.799999,59.110001,1977200
AKAM,20140715,60.060001,60.849998,59.23,59.720001,1379000
AKAM,20140714,60.310001,61.34,60.23,60.34,1409500
AKAM,20140711,60.07,60.209999,59.759998,59.900002,2225900
AKAM,20140710,59.75,60.450001,59.470001,60.07,1403700
AKAM,20140709,60.349998,61.099998,60.00,60.689999,2729300
AKAM,20140708,61.900002,62.00,59.490002,59.75,2666900
AKAM,20140707,62.00,62.360001,61.66,61.889999,1997200
AKAM,20140703,61.950001,62.200001,61.830002,62.009998,773700
AKAM,20140702,61.709999,62.110001,61.48,61.84,1414700
AKAM,20140701,61.099998,61.77,61.060001,61.630001,1461500
AKAM,20140630,60.970001,61.369999,60.790001,61.060001,1119900
AKAM,20140627,60.919998,61.080002,60.580002,61.009998,899100
AKAM,20140626,61.360001,61.439999,60.400002,61.029999,1209500
AKAM,20140625,61.439999,61.68,60.619999,61.169998,1947900
AKAM,20140624,61.830002,62.759998,61.389999,61.610001,1210000
AKAM,20140623,61.279999,62.349998,60.950001,62.119999,1892900
AKAM,20140620,61.470001,61.470001,60.759998,61.220001,1890700
AKAM,20140619,61.189999,61.380001,60.720001,61.330002,1306300
AKAM,20140618,60.580002,61.130001,60.049999,61.07,1652800
AKAM,20140617,60.580002,61.779999,60.360001,60.59,3779300
AKAM,20140616,58.740002,60.900002,58.34,60.25,3429700
AKAM,20140613,58.59,58.98,58.330002,58.84,1348100
AKAM,20140612,58.009998,58.950001,57.779999,58.509998,1600500
AKAM,20140611,57.779999,58.490002,57.389999,58.299999,1179500
AKAM,20140610,57.970001,58.360001,57.599998,58.110001,2035500
AKAM,20140609,57.450001,58.57,57.369999,58.130001,2735000
AKAM,20140606,56.310001,57.66,56.029999,57.470001,2697800
AKAM,20140605,55.16,56.099998,54.84,55.900002,1652900
AKAM,20140604,54.779999,55.540001,54.509998,55.189999,1393900
AKAM,20140603,54.049999,55.310001,53.950001,55.09,1796800
AKAM,20140602,54.560001,54.709999,53.529999,54.360001,1474500
AKAM,20140530,54.889999,54.919998,54.009998,54.34,1301700
AKAM,20140529,54.400002,54.919998,54.040001,54.77,2006900
AKAM,20140528,54.720001,54.790001,53.849998,54.349998,1718600
AKAM,20140527,54.009998,54.720001,53.860001,54.610001,1586600
AKAM,20140523,53.68,53.84,53.080002,53.650002,894400
AKAM,20140522,53.919998,53.970001,53.169998,53.48,1175500
AKAM,20140521,52.380001,53.970001,51.759998,53.880001,2432300
AKAM,20140520,53.18,53.369999,51.990002,52.240002,2242100
AKAM,20140519,53.099998,54.00,52.549999,53.34,2320300
AKAM,20140516,53.59,53.59,52.509998,53.330002,1438100
AKAM,20140515,53.84,54.029999,52.400002,53.509998,1811400
AKAM,20140514,54.41,55.200001,54.040001,54.060001,2932000
AKAM,20140513,53.799999,54.25,53.189999,53.299999,1739400
AKAM,20140512,52.939999,53.830002,52.799999,53.43,1873000
AKAM,20140509,52.32,53.07,51.860001,52.82,1463400
AKAM,20140508,51.599998,52.73,51.419998,52.209999,2171200
AKAM,20140507,52.48,52.959999,51.099998,51.860001,2600100
AKAM,20140506,53.700001,54.240002,52.16,52.400002,1906800
AKAM,20140505,53.029999,54.299999,52.540001,54.130001,2298300
AKAM,20140502,55.240002,56.75,53.02,53.18,7190400
AKAM,20140501,53.490002,55.169998,53.080002,54.529999,4436400
AKAM,20140430,52.389999,53.290001,51.650002,53.07,1972800
AKAM,20140429,51.349998,52.549999,50.52,52.48,3595300
AKAM,20140428,52.57,52.75,50.57,51.139999,3286400
AKAM,20140425,53.09,53.299999,51.669998,52.029999,2197200
AKAM,20140424,54.509998,54.700001,52.540001,53.349998,1753500
AKAM,20140423,54.669998,55.099998,53.310001,53.77,2456500
AKAM,20140422,54.439999,55.439999,54.189999,54.709999,1492500
AKAM,20140421,54.560001,54.779999,53.84,54.419998,989500
AKAM,20140417,54.330002,54.75,53.689999,54.299999,1367300
AKAM,20140416,53.810001,54.549999,53.279999,54.52,1888300
AKAM,20140415,52.959999,53.849998,51.669998,53.57,2377500
AKAM,20140414,53.099998,54.130001,52.41,52.959999,2105100
AKAM,20140411,52.34,53.400002,51.790001,52.610001,3544400
AKAM,20140410,55.380001,55.490002,52.82,52.880001,3100800
AKAM,20140409,54.75,55.220001,54.450001,55.18,2470900
AKAM,20140408,54.00,54.759998,53.549999,54.450001,2253900
AKAM,20140407,54.119999,54.599998,53.110001,53.84,3551900
AKAM,20140404,57.099998,57.099998,53.470001,54.349998,4903600
AKAM,20140403,58.25,58.349998,56.23,56.439999,2937000
AKAM,20140402,59.619999,59.759998,58.099998,58.18,2434400
AKAM,20140401,58.759998,59.709999,58.59,59.619999,1579600
AKAM,20140331,58.549999,59.130001,58.049999,58.209999,1726200
AKAM,20140328,58.439999,59.23,57.84,58.240002,1446000
AKAM,20140327,57.50,58.630001,56.52,58.110001,2627900
AKAM,20140326,58.650002,58.919998,57.209999,57.75,2679800
AKAM,20140325,60.099998,60.529999,56.799999,57.860001,4488300
AKAM,20140324,60.950001,61.16,58.549999,59.580002,2977600
AKAM,20140321,62.68,62.740002,60.470001,60.720001,3392600
AKAM,20140320,59.700001,62.919998,59.700001,61.959999,4060900
AKAM,20140319,60.540001,60.889999,59.889999,60.110001,1910200
AKAM,20140318,59.84,60.900002,59.689999,60.610001,1738800
AKAM,20140317,59.959999,60.709999,59.48,59.799999,1273600
AKAM,20140314,58.740002,59.93,58.540001,59.529999,1439400
AKAM,20140313,60.639999,60.950001,58.669998,59.029999,1473100
AKAM,20140312,59.630001,60.48,59.00,60.439999,1785300
AKAM,20140311,59.709999,60.93,58.880001,60.23,2873800
AKAM,20140310,61.189999,61.189999,59.080002,59.389999,3222500
AKAM,20140307,61.830002,62.009998,60.75,61.00,1762800
AKAM,20140306,61.790001,62.139999,61.189999,61.369999,2075000
AKAM,20140305,62.669998,62.790001,61.490002,61.509998,2026800
AKAM,20140304,61.950001,62.650002,61.77,62.639999,1924600
AKAM,20140303,60.490002,61.389999,60.009998,61.259998,2165600
AKAM,20140228,62.93,63.150002,60.919998,61.130001,2614200
AKAM,20140227,61.799999,62.740002,61.799999,62.740002,2541200
AKAM,20140226,61.939999,62.41,61.419998,61.48,2390600
AKAM,20140225,62.75,62.880001,61.509998,61.669998,2312500
AKAM,20140224,61.650002,63.139999,61.41,62.639999,3047200
AKAM,20140221,61.650002,62.50,61.27,61.73,2487000
AKAM,20140220,60.700001,61.610001,60.50,61.549999,2139700
AKAM,20140219,60.610001,60.810001,60.040001,60.52,2928800
AKAM,20140218,59.790001,60.810001,59.720001,60.619999,2775000
AKAM,20140214,59.66,60.169998,58.810001,60.029999,6326700
AKAM,20140213,58.639999,59.939999,58.630001,59.709999,3855100
AKAM,20140212,59.77,61.110001,59.07,59.139999,4759400
AKAM,20140211,58.119999,59.950001,57.860001,59.790001,4895000
AKAM,20140210,56.41,58.049999,56.41,58.009998,4644400
AKAM,20140207,56.990002,57.200001,56.25,56.639999,4848800
AKAM,20140206,54.990002,57.759998,54.799999,57.18,14583100
AKAM,20140205,46.43,47.790001,46.200001,47.419998,5598500
AKAM,20140204,46.369999,46.959999,46.09,46.490002,3047400
AKAM,20140203,48.880001,49.50,45.59,46.009998,6603000
AKAM,20140131,47.970001,48.07,47.459999,47.68,1884400
AKAM,20140130,47.939999,48.68,47.68,48.470001,1326700
AKAM,20140129,47.98,48.34,47.41,47.549999,1379600
AKAM,20140128,47.810001,48.490002,47.639999,48.349998,1162600
AKAM,20140127,48.490002,48.720001,47.369999,47.84,1652400
AKAM,20140124,49.349998,49.389999,48.119999,48.34,1974700
AKAM,20140123,48.77,49.709999,48.529999,49.610001,2466300
AKAM,20140122,48.93,49.450001,48.68,49.18,1724400
AKAM,20140121,48.82,49.00,48.349998,48.950001,1227900
AKAM,20140117,48.700001,49.060001,48.360001,48.580002,1369000
AKAM,20140116,49.200001,49.220001,48.25,48.740002,1180900
AKAM,20140115,47.560001,49.490002,47.349998,49.150002,2829200
AKAM,20140114,46.27,47.52,46.220001,47.439999,1538600
AKAM,20140113,48.169998,48.169998,45.860001,46.299999,2134400
AKAM,20140110,47.779999,48.240002,47.630001,48.200001,1425400
AKAM,20140109,46.779999,47.91,46.77,47.619999,1686600
AKAM,20140108,46.990002,47.259998,46.650002,46.68,2228500
AKAM,20140107,46.25,47.139999,46.009998,47.009998,1480000
AKAM,20140106,46.400002,46.580002,45.799999,46.110001,1754500
AKAM,20140103,46.68,46.959999,46.27,46.450001,960400
AKAM,20140102,47.110001,47.18,46.419998,46.529999,935100
AKAM,20131231,46.98,47.41,46.889999,47.18,990600
AKAM,20131230,46.970001,47.23,46.580002,46.939999,1226500
AKAM,20131227,47.310001,47.43,46.740002,46.880001,1399300
AKAM,20131226,47.900002,47.970001,46.91,47.299999,1180100
AKAM,20131224,47.43,47.740002,47.34,47.73,591100
AKAM,20131223,47.700001,47.900002,47.060001,47.509998,1741900
AKAM,20131220,46.810001,47.900002,46.630001,47.700001,3855900
AKAM,20131219,46.52,46.709999,46.240002,46.599998,1998000
AKAM,20131218,45.610001,46.790001,45.389999,46.549999,3887900
AKAM,20131217,45.369999,45.84,45.220001,45.580002,1103400
AKAM,20131216,45.82,45.860001,45.02,45.389999,2056800
AKAM,20131213,44.130001,45.880001,44.099998,45.720001,3620000
AKAM,20131212,44.349998,44.599998,43.740002,43.759998,2355600
AKAM,20131211,45.099998,45.380001,44.41,44.439999,1819000
AKAM,20131210,44.27,45.360001,44.040001,45.009998,2931800
AKAM,20131209,43.990002,44.849998,43.810001,44.349998,3802000
AKAM,20131206,45.68,45.740002,44.549999,44.950001,2184100
AKAM,20131205,45.91,45.91,44.759998,45.119999,2563700
AKAM,20131204,45.330002,46.549999,45.200001,45.860001,3379900
AKAM,20131203,43.919998,45.75,43.869999,45.650002,3123100
AKAM,20131202,44.709999,44.709999,44.00,44.110001,2241700
AKAM,20131129,44.400002,44.880001,44.330002,44.720001,685100
AKAM,20131127,44.240002,44.900002,44.23,44.400002,1115300
AKAM,20131126,44.740002,44.84,44.189999,44.27,1582400
AKAM,20131125,44.450001,45.32,44.009998,44.630001,2106000
AKAM,20131122,44.59,44.790001,44.080002,44.200001,1689300
AKAM,20131121,45.00,45.040001,44.25,44.450001,2680600
AKAM,20131120,45.459999,45.779999,45.02,45.220001,1308100
AKAM,20131119,45.77,46.02,45.130001,45.349998,1232400
AKAM,20131118,45.669998,46.23,45.599998,45.73,1231700
AKAM,20131115,46.110001,46.310001,45.619999,45.759998,1595900
AKAM,20131114,46.41,46.849998,46.009998,46.169998,1326200
AKAM,20131113,45.029999,46.66,44.860001,46.529999,2323200
AKAM,20131112,45.09,45.310001,44.939999,45.110001,1236100
AKAM,20131111,45.110001,45.34,44.779999,45.240002,1365200
AKAM,20131108,44.57,45.27,44.549999,45.27,2033200
AKAM,20131107,45.360001,45.419998,44.400002,44.48,1905300
AKAM,20131106,45.310001,45.48,44.84,45.16,1214100
AKAM,20131105,45.34,45.66,44.790001,45.209999,1967700
AKAM,20131104,45.130001,45.900002,45.07,45.669998,1860100
AKAM,20131101,45.009998,45.41,44.77,45.07,2495800
AKAM,20131031,45.540001,46.07,44.700001,44.759998,3521600
AKAM,20131030,46.529999,46.790001,45.450001,45.549999,2890200
AKAM,20131029,46.080002,46.75,45.790001,46.57,2880600
AKAM,20131028,45.34,46.07,45.189999,45.779999,3513100
AKAM,20131025,46.82,47.07,45.110001,45.880001,5556500
AKAM,20131024,46.790001,47.580002,45.959999,46.060001,12288100
AKAM,20131023,52.439999,52.810001,51.75,51.869999,5563600
AKAM,20131022,51.869999,53.610001,51.869999,53.389999,2454800
AKAM,20131021,52.279999,52.639999,51.98,52.200001,1749900
AKAM,20131018,52.169998,52.43,51.970001,52.150002,2230900
AKAM,20131017,52.290001,52.50,51.790001,52.040001,1397600
AKAM,20131016,51.669998,52.110001,51.549999,51.810001,1401100
AKAM,20131015,51.299999,52.290001,51.00,51.310001,1630800
AKAM,20131014,51.639999,51.990002,51.130001,51.889999,977700
AKAM,20131011,51.040001,52.119999,51.02,51.889999,1520500
AKAM,20131010,49.740002,51.32,49.650002,51.060001,2058700
AKAM,20131009,50.25,50.330002,48.310001,49.299999,2214100
AKAM,20131008,51.549999,51.869999,49.900002,50.00,1488300
AKAM,20131007,52.200001,52.73,51.639999,51.669998,1267300
AKAM,20131004,51.310001,52.470001,51.18,52.32,1524200
AKAM,20131003,52.27,52.400002,50.93,51.16,1500300
AKAM,20131002,51.880001,52.34,51.580002,52.220001,1066400
AKAM,20131001,51.740002,52.439999,51.509998,52.419998,1167300
AKAM,20130930,51.310001,51.889999,50.849998,51.700001,1504200
AKAM,20130927,51.700001,52.389999,51.470001,51.75,1854000
AKAM,20130926,52.360001,52.919998,52.209999,52.77,1121600
AKAM,20130925,52.07,52.43,51.560001,52.080002,1573700
AKAM,20130924,52.040001,52.41,51.810001,51.93,1781300
AKAM,20130923,52.689999,52.950001,51.889999,51.98,3218400
AKAM,20130920,52.91,53.200001,52.330002,52.709999,3157400
AKAM,20130919,52.549999,53.029999,52.299999,52.77,2987000
AKAM,20130918,51.900002,52.48,51.639999,52.380001,2543000
AKAM,20130917,51.349998,51.740002,51.119999,51.580002,1191800
AKAM,20130916,51.669998,51.93,51.290001,51.369999,1756800
AKAM,20130913,50.810001,51.32,50.59,51.27,2276600
AKAM,20130912,50.029999,50.709999,49.810001,50.57,1582300
AKAM,20130911,49.400002,50.209999,49.200001,50.130001,2043000
AKAM,20130910,49.099998,49.459999,48.889999,49.43,1711800
AKAM,20130909,47.669998,49.099998,47.669998,48.889999,2217400
AKAM,20130906,48.110001,48.200001,46.759998,47.580002,1576700
AKAM,20130905,47.290001,48.009998,47.240002,47.919998,1123300
AKAM,20130904,47.060001,47.66,46.43,47.43,1321300
AKAM,20130903,46.400002,47.049999,46.400002,46.849998,1172900
AKAM,20130830,46.490002,46.490002,45.82,45.98,1068500
AKAM,20130829,46.189999,46.799999,46.009998,46.50,1139300
AKAM,20130828,46.330002,46.689999,46.150002,46.41,1278900
AKAM,20130827,46.130001,46.57,45.860001,46.299999,1603800
AKAM,20130826,47.02,47.099998,46.439999,46.599998,861900
AKAM,20130823,47.439999,47.439999,46.73,47.099998,1310400
AKAM,20130822,46.34,47.43,46.080002,47.299999,919200
AKAM,20130821,45.740002,46.439999,45.68,46.290001,1361400
AKAM,20130820,46.02,46.330002,45.759998,46.209999,908800
AKAM,20130819,45.950001,46.369999,45.529999,46.00,1368800
AKAM,20130816,46.00,46.34,45.75,45.91,1621900
AKAM,20130815,46.349998,46.349998,45.75,46.189999,1716300
AKAM,20130814,46.939999,47.119999,46.450001,46.810001,929500
AKAM,20130813,46.709999,47.189999,46.360001,46.939999,995000
AKAM,20130812,46.220001,47.169998,46.130001,46.709999,1287200
AKAM,20130809,46.700001,46.98,46.150002,46.52,1009800
AKAM,20130808,46.240002,46.669998,45.900002,46.630001,1305400
AKAM,20130807,46.130001,46.200001,45.630001,46.09,1383200
AKAM,20130806,46.73,46.950001,46.169998,46.259998,1414200
AKAM,20130805,46.689999,46.970001,46.459999,46.900002,1503700
AKAM,20130802,47.779999,47.779999,46.66,46.849998,1217100
AKAM,20130801,47.509998,47.77,47.34,47.639999,1638700
AKAM,20130731,47.209999,47.490002,46.82,47.200001,1932000
AKAM,20130730,46.900002,47.110001,46.470001,47.07,2017500
AKAM,20130729,47.049999,47.099998,46.330002,46.75,2444900
AKAM,20130726,44.860001,47.279999,44.860001,47.23,4125900
AKAM,20130725,42.50,45.59,42.400002,45.189999,4888300
AKAM,20130724,44.709999,44.810001,43.830002,43.869999,3606700
AKAM,20130723,44.189999,44.349998,43.41,44.25,2335000
AKAM,20130722,45.099998,45.099998,43.700001,44.099998,2973200
AKAM,20130719,45.34,45.400002,44.700001,44.810001,1472600
AKAM,20130718,45.25,45.650002,45.189999,45.34,1563800
AKAM,20130717,44.490002,45.18,44.490002,45.09,1171600
AKAM,20130716,44.799999,45.07,44.169998,44.419998,1474000
AKAM,20130715,44.830002,44.93,44.23,44.689999,1034700
AKAM,20130712,44.650002,45.200001,44.470001,44.919998,1474600
AKAM,20130711,43.91,44.610001,43.720001,44.50,1866300
AKAM,20130710,43.540001,43.740002,42.98,43.52,1638800
AKAM,20130709,43.189999,43.650002,42.720001,43.560001,2120100
AKAM,20130708,43.27,43.450001,42.77,43.029999,1473900
AKAM,20130705,42.98,43.290001,42.57,43.029999,949800
AKAM,20130703,42.279999,43.009998,42.169998,42.689999,462600
AKAM,20130702,42.970001,43.16,42.209999,42.549999,1767900
AKAM,20130701,42.740002,43.040001,42.50,42.970001,1816600
AKAM,20130628,42.43,43.00,42.279999,42.549999,1660100
AKAM,20130627,42.900002,43.099998,42.669998,42.689999,1136900
AKAM,20130626,42.18,43.099998,42.00,42.759998,1931600
AKAM,20130625,42.07,42.380001,41.740002,41.91,2030600
AKAM,20130624,40.470001,41.689999,40.080002,41.41,2489300
AKAM,20130621,41.459999,41.689999,40.459999,40.75,3171600
AKAM,20130620,41.990002,42.48,41.119999,41.25,1769000
AKAM,20130619,42.919998,43.139999,42.490002,42.560001,1422100
AKAM,20130618,42.580002,43.02,42.439999,42.84,1647000
AKAM,20130617,43.07,43.650002,42.779999,42.939999,1644300
AKAM,20130614,42.68,43.169998,42.09,42.560001,1614200
AKAM,20130613,42.419998,42.860001,41.66,42.639999,2620700
AKAM,20130612,43.900002,43.990002,42.209999,42.52,3188700
AKAM,20130611,44.330002,44.509998,43.75,43.84,1746400
AKAM,20130610,45.189999,45.189999,44.389999,44.75,1093800
AKAM,20130607,44.970001,45.279999,44.610001,45.259998,1038200
AKAM,20130606,44.299999,44.700001,43.91,44.560001,1320200
AKAM,20130605,44.580002,45.060001,44.169998,44.299999,1669700
AKAM,20130604,45.919998,46.18,44.610001,44.650002,2489100
AKAM,20130603,46.220001,46.439999,44.91,45.91,2536800
AKAM,20130531,46.779999,47.34,46.110001,46.119999,2721800
AKAM,20130530,46.380001,47.700001,46.360001,47.09,2904900
AKAM,20130529,46.369999,46.889999,46.049999,46.360001,2593600
AKAM,20130528,46.52,46.98,46.18,46.560001,1979700
AKAM,20130524,45.93,46.139999,45.450001,46.040001,1203100
AKAM,20130523,45.939999,46.580002,45.720001,46.349998,1818300
AKAM,20130522,47.419998,47.830002,45.869999,46.119999,2980500
AKAM,20130521,47.849998,47.990002,47.060001,47.279999,1957200
AKAM,20130520,47.490002,48.220001,47.400002,47.889999,1728900
AKAM,20130517,47.450001,47.75,47.080002,47.490002,2257700
AKAM,20130516,48.00,48.470001,46.720001,46.93,3003600
AKAM,20130515,46.610001,48.439999,46.419998,48.029999,2880200
AKAM,20130514,46.650002,47.07,46.50,46.900002,1474700
AKAM,20130513,46.41,47.529999,46.150002,46.709999,2610200
AKAM,20130510,45.860001,46.880001,45.470001,46.700001,2711800
AKAM,20130509,45.279999,45.849998,45.009998,45.610001,2219800
AKAM,20130508,44.830002,45.439999,44.75,45.290001,2051700
AKAM,20130507,45.310001,45.82,44.880001,45.150002,1514600
AKAM,20130506,45.290001,45.48,44.75,45.060001,1709900
AKAM,20130503,44.790001,45.709999,44.50,45.27,2442400
AKAM,20130502,43.52,44.470001,43.52,44.32,1968000
AKAM,20130501,43.869999,44.150002,43.470001,43.639999,2015600
AKAM,20130430,43.09,44.209999,42.990002,43.91,3887000
AKAM,20130429,42.48,43.220001,42.259998,43.029999,3296100
AKAM,20130426,42.279999,42.849998,41.630001,42.610001,5641900
AKAM,20130425,42.25,43.68,41.810001,42.48,16795800
AKAM,20130424,35.389999,36.360001,35.150002,36.09,7071700
AKAM,20130423,34.57,35.599998,34.540001,35.470001,3354700
AKAM,20130422,32.720001,34.73,32.630001,34.279999,3797400
AKAM,20130419,33.599998,33.700001,33.360001,33.549999,2938800
AKAM,20130418,34.130001,34.220001,33.27,33.740002,4051200
AKAM,20130417,34.459999,34.970001,33.860001,34.18,2850400
AKAM,20130416,34.740002,35.009998,34.560001,34.790001,2798700
AKAM,20130415,35.139999,35.310001,34.290001,34.439999,2602400
AKAM,20130412,35.709999,35.889999,35.209999,35.41,2230500
AKAM,20130411,36.00,36.139999,35.59,35.790001,2445200
AKAM,20130410,34.830002,36.169998,34.810001,36.040001,4245100
AKAM,20130409,34.48,34.790001,34.360001,34.669998,3217400
AKAM,20130408,34.279999,34.52,33.919998,34.490002,2194700
AKAM,20130405,33.650002,34.580002,33.459999,34.18,4049700
AKAM,20130404,34.639999,34.84,34.029999,34.060001,4128600
AKAM,20130403,34.900002,35.150002,34.68,34.779999,2529700
AKAM,20130402,35.040001,35.349998,34.790001,34.84,2087900
AKAM,20130401,35.369999,35.41,34.810001,34.900002,2191500
AKAM,20130328,35.07,35.34,34.849998,35.32,1904100
AKAM,20130327,34.98,35.209999,34.560001,35.16,1497000
AKAM,20130326,34.610001,35.150002,34.540001,35.080002,2589500
AKAM,20130325,34.790001,34.990002,34.349998,34.400002,3285500
AKAM,20130322,35.200001,35.279999,34.689999,34.779999,2174300
AKAM,20130321,35.060001,35.509998,34.869999,35.009998,2368700
AKAM,20130320,35.09,35.599998,34.810001,35.450001,4430200
AKAM,20130319,34.549999,35.07,34.259998,34.669998,4511000
AKAM,20130318,34.299999,35.029999,34.259998,34.549999,3929900
AKAM,20130315,35.349998,35.41,34.540001,34.689999,6118400
AKAM,20130314,34.75,35.09,34.450001,34.66,3524600
AKAM,20130313,34.889999,34.919998,34.299999,34.66,4262500
AKAM,20130312,35.48,35.540001,34.549999,34.77,8246200
AKAM,20130311,37.220001,37.490002,34.939999,35.599998,13469900
AKAM,20130308,37.380001,37.549999,37.00,37.240002,2655200
AKAM,20130307,37.700001,37.75,37.049999,37.279999,3385700
AKAM,20130306,37.540001,38.189999,37.299999,37.529999,2882600
AKAM,20130305,37.48,37.900002,37.150002,37.490002,2169700
AKAM,20130304,36.639999,37.740002,36.560001,37.400002,2814800
AKAM,20130301,36.700001,36.830002,36.150002,36.650002,2846400
AKAM,20130228,36.599998,37.189999,36.599998,36.959999,2756900
AKAM,20130227,36.360001,36.779999,36.049999,36.580002,2411600
AKAM,20130226,36.360001,36.73,36.00,36.360001,2212500
AKAM,20130225,37.18,37.299999,36.310001,36.310001,4466700
AKAM,20130222,37.169998,37.41,36.00,36.27,5544700
AKAM,20130221,37.299999,37.529999,36.470001,37.07,2987600
AKAM,20130220,38.619999,38.759998,37.369999,37.400002,4099700
AKAM,20130219,38.439999,38.810001,38.07,38.580002,3906300
AKAM,20130215,37.830002,39.00,37.830002,38.490002,6736900
AKAM,20130214,37.259998,37.93,36.630001,37.869999,5146400
AKAM,20130213,36.82,37.439999,36.080002,37.310001,6339400
AKAM,20130212,35.360001,36.91,35.080002,36.740002,9682900
AKAM,20130211,35.560001,35.639999,34.900002,35.310001,7253000
AKAM,20130208,35.50,35.580002,34.779999,35.419998,7051500
AKAM,20130207,33.799999,35.490002,33.549999,35.259998,27195100
AKAM,20130206,41.16,42.00,41.16,41.580002,5905000
AKAM,20130205,41.459999,41.490002,41.02,41.049999,2141900
AKAM,20130204,41.57,41.869999,41.09,41.360001,3389400
AKAM,20130201,40.919998,41.990002,40.889999,41.810001,2836000
AKAM,20130131,40.259998,40.900002,40.259998,40.709999,1335900
AKAM,20130130,40.25,40.689999,40.169998,40.400002,1270600
AKAM,20130129,40.50,40.709999,39.720001,40.18,1927000
AKAM,20130128,41.27,41.389999,40.299999,40.689999,2039600
AKAM,20130125,40.799999,41.490002,40.689999,41.150002,2563700
AKAM,20130124,40.119999,40.84,40.049999,40.560001,2333200
AKAM,20130123,40.18,40.48,39.73,40.060001,2116800
AKAM,20130122,40.00,40.52,39.48,39.93,2802700
AKAM,20130118,39.73,39.970001,39.50,39.959999,1549600
AKAM,20130117,39.639999,39.860001,39.470001,39.75,2147400
AKAM,20130116,39.34,39.560001,39.00,39.369999,1781400
AKAM,20130115,39.669998,39.759998,39.029999,39.66,1633700
AKAM,20130114,39.490002,40.080002,39.299999,39.990002,1734900
AKAM,20130111,39.639999,39.700001,39.110001,39.59,1825200
AKAM,20130110,39.98,39.98,39.220001,39.50,3078500
AKAM,20130109,40.34,40.369999,39.48,39.700001,2991900
AKAM,20130108,40.880001,40.91,39.860001,40.139999,2885000
AKAM,20130107,40.23,40.939999,40.220001,40.77,2653000
AKAM,20130104,40.48,40.650002,39.950001,40.43,2244300
AKAM,20130103,41.889999,41.990002,40.830002,40.950001,2091900
AKAM,20130102,41.860001,42.529999,41.799999,42.16,2468800
