BLL,20151030,67.639999,69.349998,67.330002,68.50,1459900
BLL,20151029,67.089996,68.120003,66.349998,67.32,857900
BLL,20151028,67.529999,68.110001,67.07,67.959999,861000
BLL,20151027,67.25,67.68,66.589996,67.489998,764600
BLL,20151026,67.629997,68.309998,67.610001,67.739998,1020100
BLL,20151023,68.709999,69.080002,67.779999,67.830002,1253200
BLL,20151022,66.68,68.459999,66.309998,68.419998,1560500
BLL,20151021,67.00,67.419998,66.07,66.120003,1145100
BLL,20151020,66.610001,67.629997,66.440002,67.059998,1240600
BLL,20151019,66.589996,66.93,66.25,66.599998,754200
BLL,20151016,66.650002,66.959999,66.139999,66.940002,1145200
BLL,20151015,66.379997,66.739998,65.07,66.519997,1176100
BLL,20151014,66.010002,66.660004,65.650002,66.279999,1247900
BLL,20151013,66.300003,66.959999,65.879997,66.019997,796400
BLL,20151012,66.379997,67.07,65.93,66.779999,555700
BLL,20151009,67.18,67.199997,65.970001,66.540001,698400
BLL,20151008,64.379997,66.279999,64.029999,66.099998,654200
BLL,20151007,63.07,64.730003,63.07,64.559998,983900
BLL,20151006,64.949997,64.989998,63.299999,63.41,970400
BLL,20151005,64.559998,64.980003,64.07,64.699997,834200
BLL,20151002,62.389999,64.089996,62.029999,64.059998,906000
BLL,20151001,62.41,63.400002,62.040001,63.139999,1122500
BLL,20150930,61.200001,62.32,61.200001,62.200001,1037600
BLL,20150929,60.700001,61.139999,60.299999,60.50,996000
BLL,20150928,62.66,62.66,60.560001,60.75,1116100
BLL,20150925,63.310001,63.349998,62.169998,62.959999,1537900
BLL,20150924,63.009998,63.330002,62.189999,62.779999,1336100
BLL,20150923,65.040001,65.040001,63.099998,63.369999,969200
BLL,20150922,66.160004,66.50,64.800003,64.879997,1499100
BLL,20150921,67.339996,68.209999,66.690002,67.050003,979100
BLL,20150918,66.57,67.379997,66.110001,66.959999,1565500
BLL,20150917,67.75,68.230003,67.089996,67.199997,596900
BLL,20150916,67.120003,68.040001,66.699997,67.830002,720000
BLL,20150915,66.040001,67.400002,65.620003,67.309998,698500
BLL,20150914,66.519997,66.519997,65.730003,65.860001,719400
BLL,20150911,66.370003,66.839996,65.970001,66.610001,771400
BLL,20150910,66.870003,67.769997,66.580002,66.849998,1067800
BLL,20150909,67.449997,67.900002,66.68,66.800003,942600
BLL,20150908,65.059998,66.940002,64.68,66.879997,1112400
BLL,20150904,65.32,65.540001,63.759998,64.010002,1487800
BLL,20150903,65.330002,66.470001,64.919998,66.209999,1173700
BLL,20150902,65.199997,65.279999,63.869999,64.900002,941600
BLL,20150901,64.489998,65.279999,64.110001,64.389999,1389100
BLL,20150831,66.209999,66.410004,65.639999,65.910004,858900
BLL,20150828,65.529999,66.550003,65.07,66.519997,1065300
BLL,20150827,64.529999,66.199997,64.190002,65.749998,2358300
BLL,20150826,65.00,65.18,63.029999,63.724005,2096300
BLL,20150825,66.300003,66.300003,63.59,63.46452,1395700
BLL,20150824,61.099998,66.160004,57.950001,64.672135,1961300
BLL,20150821,68.080002,68.50,67.129997,67.027479,1219100
BLL,20150820,70.080002,70.080002,68.839996,68.784,795900
BLL,20150819,71.120003,71.209999,70.029999,70.51059,561400
BLL,20150818,71.089996,71.800003,71.089996,71.468695,413100
BLL,20150817,71.300003,71.669998,70.559998,71.518599,516000
BLL,20150814,70.360001,71.910004,70.260002,71.568496,729300
BLL,20150813,73.360001,73.360001,69.43,70.221161,648600
BLL,20150812,69.720001,69.93,68.93,69.552485,705700
BLL,20150811,70.050003,70.610001,69.919998,70.011577,550800
BLL,20150810,69.669998,70.919998,69.370003,70.720175,1050600
BLL,20150807,69.290001,69.449997,68.610001,69.183213,1188700
BLL,20150806,68.32,69.610001,68.269997,69.183213,1365100
BLL,20150805,68.510002,68.589996,67.43,68.125307,2200200
BLL,20150804,67.300003,68.059998,67.199997,67.656233,930100
BLL,20150803,67.330002,68.970001,67.07,67.167202,1596700
BLL,20150731,69.739998,70.190002,67.779999,67.70613,1351400
BLL,20150730,68.43,69.800003,67.190002,69.40278,1382200
BLL,20150729,67.709999,68.910004,67.360001,68.604355,744100
BLL,20150728,67.129997,67.949997,66.769997,67.51651,659800
BLL,20150727,66.910004,66.970001,66.220001,66.508501,659900
BLL,20150724,67.349998,68.160004,66.75,66.877773,926200
BLL,20150723,68.68,68.68,67.370003,67.336865,719900
BLL,20150722,68.730003,69.580002,68.279999,68.314927,861100
BLL,20150721,69.779999,69.800003,68.639999,68.614338,790900
BLL,20150720,71.269997,71.669998,70.029999,69.971655,901700
BLL,20150717,72.029999,72.279999,71.300003,71.368893,666100
BLL,20150716,71.889999,72.160004,71.660004,71.917804,529500
BLL,20150715,70.68,71.830002,70.18,71.438755,843000
BLL,20150714,70.580002,70.839996,70.160004,70.490625,883300
BLL,20150713,70.519997,70.709999,70.120003,70.360884,1112700
BLL,20150710,70.620003,70.730003,70.110001,70.011577,793200
BLL,20150709,70.190002,70.510002,69.540001,69.53252,1371000
BLL,20150708,71.07,71.449997,69.599998,69.492598,1444500
BLL,20150707,70.769997,71.910004,70.489998,71.338954,793100
BLL,20150706,70.959999,71.769997,70.720001,71.109404,732100
BLL,20150702,72.07,72.160004,71.139999,71.508617,568700
BLL,20150701,71.019997,72.080002,70.889999,71.498634,703200
BLL,20150630,71.389999,71.830002,70.120003,70.011577,784800
BLL,20150629,72.059998,72.510002,70.989998,70.979664,817100
BLL,20150626,72.540001,72.800003,71.209999,72.456739,2120800
BLL,20150625,72.57,72.660004,71.989998,72.406842,740300
BLL,20150624,72.300003,72.540001,72.019997,72.097449,1194000
BLL,20150623,72.57,72.910004,72.199997,72.326998,581900
BLL,20150622,72.57,72.669998,71.919998,72.326998,539500
BLL,20150619,71.980003,73.080002,71.889999,72.247154,719600
BLL,20150618,71.82,72.279999,71.18,71.947743,526500
BLL,20150617,71.599998,71.669998,70.760002,71.328972,851500
BLL,20150616,71.300003,71.589996,71.169998,71.149326,641500
BLL,20150615,71.480003,71.93,70.970001,71.398833,893500
BLL,20150612,72.550003,72.779999,71.349998,71.957726,1371000
BLL,20150611,72.010002,72.93,72.010002,72.616427,826600
BLL,20150610,71.419998,72.019997,71.309998,71.638357,939000
BLL,20150609,71.449997,71.599998,71.209999,71.159309,1309600
BLL,20150608,70.970001,71.82,70.82,71.478677,1760500
BLL,20150605,70.139999,71.050003,69.769997,70.740132,777200
BLL,20150604,70.699997,71.18,70.220001,70.31098,1287800
BLL,20150603,71.169998,71.660004,70.75,71.299032,1014300
BLL,20150602,71.360001,71.360001,70.760002,70.849915,833100
BLL,20150601,71.160004,71.709999,70.800003,71.28905,951200
BLL,20150529,71.68,71.879997,70.959999,70.849915,1357200
BLL,20150528,72.139999,72.220001,71.470001,71.718201,928300
BLL,20150527,71.769997,72.419998,71.629997,72.037566,803100
BLL,20150526,72.379997,72.599998,71.489998,71.399978,1033100
BLL,20150522,72.400002,73.040001,72.139999,72.595461,921600
BLL,20150521,73.010002,73.099998,72.239998,72.236817,821300
BLL,20150520,73.440002,73.669998,72.790001,72.665197,784700
BLL,20150519,73.82,73.970001,73.080002,72.934177,584200
BLL,20150518,72.879997,73.790001,72.610001,73.402407,1417200
BLL,20150515,72.18,73.230003,72.18,72.734933,1582100
BLL,20150514,71.959999,72.269997,71.220001,71.698851,861700
BLL,20150513,71.480003,72.050003,71.220001,71.240585,1154500
BLL,20150512,71.459999,71.790001,70.809998,70.891905,1152400
BLL,20150511,72.269997,72.330002,71.690002,71.668965,872400
BLL,20150508,72.220001,72.330002,71.739998,72.027609,2128400
BLL,20150507,71.949997,72.25,71.290001,71.380057,1461100
BLL,20150506,73.099998,73.300003,71.739998,71.937944,1127200
BLL,20150505,74.860001,74.860001,73.00,72.724969,1217700
BLL,20150504,74.720001,75.239998,74.50,74.627776,1482900
BLL,20150501,73.589996,74.580002,72.720001,74.159546,2830000
BLL,20150430,72.709999,73.760002,71.190002,73.133428,2059100
BLL,20150429,73.949997,74.389999,73.660004,73.5618,1068400
BLL,20150428,74.410004,74.860001,73.970001,74.159546,1555600
BLL,20150427,74.900002,74.919998,74.349998,74.328904,1462800
BLL,20150424,72.830002,74.690002,72.660004,74.279089,1155100
BLL,20150423,71.879997,72.610001,71.800003,72.196967,529900
BLL,20150422,72.080002,72.110001,71.620003,71.708815,985900
BLL,20150421,72.110001,72.300003,71.75,71.788508,861400
BLL,20150420,71.82,72.449997,71.82,71.838323,640200
BLL,20150417,71.349998,72.330002,70.779999,71.529493,1311300
BLL,20150416,72.129997,72.330002,71.639999,71.479678,929300
BLL,20150415,73.169998,73.279999,72.480003,72.246774,1267800
BLL,20150414,72.50,72.919998,72.00,72.635312,890600
BLL,20150413,72.269997,72.690002,71.900002,72.286624,949600
BLL,20150410,71.589996,72.440002,71.110001,72.147152,1109300
BLL,20150409,72.57,72.879997,71.620003,71.828358,782400
BLL,20150408,71.389999,72.580002,71.040001,72.296589,717800
BLL,20150407,72.059998,72.160004,70.989998,71.041334,1076300
BLL,20150406,69.860001,72.339996,69.839996,71.868208,1228500
BLL,20150402,70.309998,70.870003,70.059998,70.114837,552800
BLL,20150401,70.800003,70.82,69.809998,70.035144,841400
BLL,20150331,70.529999,71.080002,70.339996,70.37386,805400
BLL,20150330,70.00,70.989998,69.669998,70.632882,538800
BLL,20150327,69.889999,69.919998,69.160004,69.068798,945800
BLL,20150326,70.00,70.00,68.949997,69.487213,1014300
BLL,20150325,71.459999,71.489998,70.059998,69.875743,1014800
BLL,20150324,71.550003,71.959999,70.860001,71.240585,1348400
BLL,20150323,71.190002,72.190002,70.68,71.479678,1096700
BLL,20150320,70.989998,71.32,70.169998,70.931747,838300
BLL,20150319,70.389999,70.669998,69.919998,70.304124,932300
BLL,20150318,69.529999,71.139999,69.309998,70.682689,1155700
BLL,20150317,70.00,70.400002,69.349998,69.467292,508600
BLL,20150316,69.360001,70.440002,69.239998,70.14473,1051900
BLL,20150313,69.800003,70.120003,68.830002,68.909397,870500
BLL,20150312,68.580002,70.129997,68.580002,69.6765,862400
BLL,20150311,70.199997,70.330002,68.959999,68.710153,1835100
BLL,20150310,69.889999,70.339996,69.510002,69.756193,902000
BLL,20150309,70.709999,70.769997,70.059998,70.074987,1307500
BLL,20150306,70.599998,70.879997,70.330002,70.553182,1053900
BLL,20150305,71.57,71.720001,70.50,70.722539,957800
BLL,20150304,71.900002,72.18,71.099998,71.031377,1039200
BLL,20150303,72.260002,72.57,71.910004,72.027609,899800
BLL,20150302,71.889999,72.68,71.720001,72.386253,1336200
BLL,20150227,72.190002,72.550003,71.699997,71.439828,1162200
BLL,20150226,72.57,72.779999,71.879997,72.147152,937000
BLL,20150225,72.50,72.75,71.889999,71.758628,1215200
BLL,20150224,73.580002,73.580002,72.150002,72.156397,2040300
BLL,20150223,72.639999,73.82,72.080002,73.33978,1660700
BLL,20150220,73.279999,73.400002,72.00,72.782897,3283700
BLL,20150219,76.080002,76.519997,73.730003,73.439222,4786800
BLL,20150218,74.400002,77.199997,73.75,76.730816,2712300
BLL,20150217,74.169998,74.68,72.68,73.976219,1399100
BLL,20150213,73.949997,75.00,73.669998,74.513217,1761600
BLL,20150212,72.589996,74.129997,72.459999,73.628168,1767700
BLL,20150211,72.059998,72.650002,71.660004,71.997291,1677300
BLL,20150210,70.959999,72.07,70.839996,71.500072,1769400
BLL,20150209,69.870003,70.720001,69.760002,70.217246,1556400
BLL,20150206,71.07,71.599998,69.879997,70.217246,1978800
BLL,20150205,70.989998,73.50,68.739998,71.629346,5485800
BLL,20150204,65.18,66.540001,65.18,65.782055,1355600
BLL,20150203,64.510002,65.580002,64.510002,64.986502,977700
BLL,20150202,63.860001,64.370003,62.84,64.011957,714200
BLL,20150130,63.369999,64.160004,62.709999,62.977741,1005900
BLL,20150129,63.549999,64.080002,63.130001,63.514734,729800
BLL,20150128,64.169998,64.559998,63.380001,63.037405,676500
BLL,20150127,63.310001,64.25,63.080002,63.494845,594700
BLL,20150126,64.330002,64.330002,63.529999,63.803126,735400
BLL,20150123,65.860001,65.860001,63.810001,63.524681,810300
BLL,20150122,65.849998,66.330002,65.370003,65.712445,618700
BLL,20150121,64.510002,65.480003,64.510002,64.996448,638300
BLL,20150120,64.449997,65.00,63.830002,64.419673,1204900
BLL,20150116,65.029999,65.43,64.650002,64.509176,920400
BLL,20150115,65.50,65.779999,64.919998,64.598672,408200
BLL,20150114,64.839996,65.540001,64.57,65.135669,453700
BLL,20150113,66.129997,67.290001,64.900002,65.105837,902100
BLL,20150112,66.18,66.440002,65.150002,65.424057,952900
BLL,20150109,67.690002,67.839996,66.019997,65.712445,945300
BLL,20150108,66.769997,67.949997,66.769997,67.035049,994600
BLL,20150107,65.849998,66.400002,65.50,65.901383,670600
BLL,20150106,65.720001,66.709999,64.82,65.324615,991400
BLL,20150105,67.730003,68.00,66.510002,66.448326,896600
BLL,20150102,68.599998,69.019997,67.50,67.930036,467000
BLL,20141231,69.559998,69.599998,68.139999,67.790816,477500
BLL,20141230,70.199997,70.349998,69.459999,69.103473,442900
BLL,20141229,69.400002,70.379997,69.150002,69.759806,468900
BLL,20141226,69.75,70.120003,69.489998,69.11342,289100
BLL,20141224,69.779999,69.940002,69.440002,69.312304,182500
BLL,20141223,69.330002,70.230003,69.330002,69.451525,605700
BLL,20141222,68.629997,69.230003,68.629997,68.815085,449200
BLL,20141219,68.279999,68.779999,68.080002,68.228371,1112500
BLL,20141218,66.300003,67.830002,66.169998,67.452711,975600
BLL,20141217,65.120003,65.720001,64.540001,65.145615,1169700
BLL,20141216,65.449997,65.949997,64.959999,64.598672,776100
BLL,20141215,66.82,66.860001,65.290001,65.105837,1148100
BLL,20141212,66.93,67.290001,66.379997,66.090328,866800
BLL,20141211,67.720001,68.220001,67.120003,66.915713,875200
BLL,20141210,68.080002,68.940002,67.599998,67.293597,820300
BLL,20141209,67.690002,68.330002,67.32,67.939983,975100
BLL,20141208,69.360001,69.43,67.959999,67.661542,967100
BLL,20141205,69.68,69.949997,69.139999,69.053756,885200
BLL,20141204,69.489998,70.50,69.059998,69.421693,1975400
BLL,20141203,67.849998,69.779999,67.529999,69.103473,1917900
BLL,20141202,67.480003,67.970001,67.169998,67.422879,1280300
BLL,20141201,67.050003,67.860001,66.57,67.015156,1492800
BLL,20141128,66.599998,67.599998,66.599998,66.696936,643900
BLL,20141126,65.769997,66.349998,65.519997,65.921276,706600
BLL,20141125,65.00,65.940002,64.809998,65.115779,876600
BLL,20141124,64.860001,65.32,64.809998,64.480601,852300
BLL,20141121,65.709999,65.889999,64.540001,64.222557,1203200
BLL,20141120,64.440002,64.989998,64.089996,64.351575,1124600
BLL,20141119,65.00,65.00,64.360001,64.01414,990600
BLL,20141118,64.410004,65.379997,64.410004,64.440901,1018500
BLL,20141117,64.00,64.629997,64.00,63.924821,771100
BLL,20141114,65.099998,65.230003,64.129997,63.756096,1117900
BLL,20141113,65.449997,66.010002,64.919998,64.669172,1638400
BLL,20141112,65.839996,65.93,65.019997,65.056234,715000
BLL,20141111,65.889999,66.279999,65.559998,65.393669,671900
BLL,20141110,64.809998,65.910004,64.809998,65.403596,926300
BLL,20141107,64.82,65.360001,64.800003,64.480601,819200
BLL,20141106,64.480003,65.050003,64.360001,64.202711,867600
BLL,20141105,64.230003,64.559998,64.120003,64.01414,885000
BLL,20141104,63.529999,64.389999,63.389999,63.448434,1594300
BLL,20141103,64.230003,64.529999,63.130001,62.912501,1998200
BLL,20141031,63.919998,64.529999,63.450001,63.944667,1867200
BLL,20141030,64.040001,64.919998,62.900002,62.823178,2292900
BLL,20141029,66.599998,67.029999,65.709999,66.088393,2528500
BLL,20141028,65.910004,66.580002,65.830002,66.078474,1095200
BLL,20141027,66.25,66.519997,65.089996,65.016534,1376700
BLL,20141024,66.50,67.059998,66.139999,66.247191,770700
BLL,20141023,67.459999,67.459999,66.230003,66.078474,1284900
BLL,20141022,68.169998,68.220001,66.830002,66.36629,1354200
BLL,20141021,66.110001,67.910004,65.940002,67.378603,1664100
BLL,20141020,65.120003,66.110001,65.050003,65.473068,1231300
BLL,20141017,64.239998,65.279999,64.239998,64.540146,1344500
BLL,20141016,63.259998,64.57,63.220001,63.488133,1197400
BLL,20141015,62.619999,64.150002,62.189999,63.478207,2208600
BLL,20141014,62.23,63.259998,61.889999,62.594911,1112000
BLL,20141013,62.470001,63.290001,61.790001,61.344404,1380700
BLL,20141010,62.919998,63.82,62.59,62.1483,1457100
BLL,20141009,63.59,64.349998,62.849998,62.584988,1146900
BLL,20141008,62.509998,63.900002,62.130001,63.359112,816800
BLL,20141007,63.119999,63.23,62.369999,61.939883,686700
BLL,20141006,63.25,63.650002,62.849998,62.624684,536600
BLL,20141003,62.490002,63.290001,62.349998,62.644534,791600
BLL,20141002,61.990002,62.580002,61.759998,61.840638,1032300
BLL,20141001,63.07,63.259998,61.950001,61.642144,1553300
BLL,20140930,64.139999,64.269997,63.189999,62.793406,1161700
BLL,20140929,63.119999,64.449997,62.849998,63.706477,937300
BLL,20140926,63.439999,63.68,63.139999,62.892651,532800
BLL,20140925,63.48,63.900002,63.209999,63.031596,752300
BLL,20140924,63.77,64.25,63.630001,63.488133,609500
BLL,20140923,64.419998,64.730003,63.880001,63.438507,1072700
BLL,20140922,64.449997,64.580002,64.239998,63.954594,885300
BLL,20140919,64.400002,64.650002,64.269997,63.895041,1404100
BLL,20140918,64.510002,64.660004,64.00,63.716397,886600
BLL,20140917,65.449997,65.68,64.190002,64.063766,1154600
BLL,20140916,65.610001,66.040001,65.470001,65.145552,760100
BLL,20140915,65.699997,65.980003,65.519997,65.165406,478100
BLL,20140912,66.00,66.110001,65.540001,65.215024,813300
BLL,20140911,65.50,66.129997,65.419998,65.592159,595700
BLL,20140910,65.660004,66.010002,65.449997,65.403596,604000
BLL,20140909,65.669998,65.860001,65.360001,65.175325,444400
BLL,20140908,66.139999,66.389999,65.559998,65.413522,684500
BLL,20140905,65.760002,66.330002,65.349998,65.830357,474900
BLL,20140904,66.269997,66.529999,65.830002,65.363896,1038700
BLL,20140903,65.449997,66.099998,65.199997,65.562386,1123800
BLL,20140902,64.75,65.57,64.419998,64.75849,1568500
BLL,20140829,63.869999,64.389999,63.77,63.617151,671800
BLL,20140828,63.27,63.950001,63.02,63.19039,877300
BLL,20140827,63.66,63.959999,63.400002,63.081222,657000
BLL,20140826,63.25,63.619999,63.139999,62.893039,614800
BLL,20140825,63.459999,63.48,62.900002,62.496861,556300
BLL,20140822,63.759998,63.759998,62.93,62.595907,775200
BLL,20140821,63.369999,63.889999,63.130001,62.972276,722000
BLL,20140820,64.059998,64.089996,63.220001,62.635526,709300
BLL,20140819,64.050003,64.199997,63.860001,63.45759,543300
BLL,20140818,63.419998,63.889999,63.290001,63.239692,554800
BLL,20140815,63.07,63.599998,62.700001,62.51667,942700
BLL,20140814,62.669998,63.110001,62.549999,62.33839,429400
BLL,20140813,63.00,63.16,62.43,62.061068,571800
BLL,20140812,62.68,62.860001,62.369999,62.189827,639600
BLL,20140811,62.50,62.790001,62.349998,62.041259,548800
BLL,20140808,61.93,62.34,61.369999,61.654987,779500
BLL,20140807,62.59,62.799999,62.099998,61.66489,764000
BLL,20140806,61.18,62.380001,61.040001,61.635178,854100
BLL,20140805,61.790001,62.049999,61.240002,60.823016,697500
BLL,20140804,61.869999,62.099998,61.540001,61.357855,835100
BLL,20140801,61.23,62.110001,60.919998,61.090436,1685700
BLL,20140731,62.310001,62.950001,60.73,60.674448,1398500
BLL,20140730,62.52,62.91,62.16,61.892695,1396500
BLL,20140729,62.880001,63.16,62.43,61.853076,461900
BLL,20140728,63.299999,63.360001,62.759998,62.308678,768700
BLL,20140725,63.610001,63.84,63.189999,62.754378,525800
BLL,20140724,63.119999,64.040001,63.029999,63.219887,603000
BLL,20140723,63.23,63.27,62.549999,62.3582,792800
BLL,20140722,64.900002,64.910004,63.009998,62.60581,1338300
BLL,20140721,64.230003,64.760002,63.810001,63.982523,786600
BLL,20140718,63.560001,64.580002,63.50,63.725006,727000
BLL,20140717,63.759998,64.209999,63.360001,62.87323,655800
BLL,20140716,64.169998,64.550003,63.919998,63.576446,739500
BLL,20140715,63.669998,64.18,63.669998,63.526921,995700
BLL,20140714,63.349998,63.779999,63.290001,63.12084,567200
BLL,20140711,63.360001,63.360001,62.849998,62.467149,798100
BLL,20140710,62.759998,63.419998,62.630001,62.734569,731000
BLL,20140709,63.279999,63.529999,62.810001,62.833611,540800
BLL,20140708,62.869999,63.139999,62.599998,62.42753,859400
BLL,20140707,63.00,63.080002,62.73,62.259157,484700
BLL,20140703,62.869999,63.099998,62.599998,62.42753,523800
BLL,20140702,62.93,63.360001,62.349998,62.070971,898200
BLL,20140701,62.860001,63.290001,62.470001,62.387916,766500
BLL,20140630,62.93,63.130001,62.299999,62.080877,918800
BLL,20140627,62.16,63.00,62.110001,62.387916,1503300
BLL,20140626,62.00,62.330002,61.630001,61.694606,512400
BLL,20140625,61.669998,62.709999,61.490002,61.625275,869400
BLL,20140624,61.549999,61.98,61.150002,60.773495,602400
BLL,20140623,61.349998,61.75,61.099998,61.139957,772900
BLL,20140620,61.310001,61.610001,61.169998,60.922059,909100
BLL,20140619,60.759998,61.240002,60.759998,60.644736,566800
BLL,20140618,60.650002,60.990002,60.139999,60.357507,547900
BLL,20140617,60.549999,61.060001,60.419998,60.238655,473000
BLL,20140616,60.73,61.060001,60.369999,59.951426,665900
BLL,20140613,59.869999,60.900002,59.830002,60.288177,692300
BLL,20140612,60.880001,60.990002,60.330002,60.000952,602000
BLL,20140611,61.150002,61.27,60.540001,60.337698,609900
BLL,20140610,61.360001,61.66,61.029999,60.813113,1176700
BLL,20140609,61.09,61.419998,60.970001,60.644736,1163100
BLL,20140606,60.98,61.34,60.900002,60.506075,695700
BLL,20140605,60.349998,61.049999,60.16,60.436744,485300
BLL,20140604,60.91,60.98,60.439999,59.941524,758800
BLL,20140603,60.009998,61.049999,60.009998,60.446647,1454000
BLL,20140602,60.619999,60.68,60.07,59.505731,1147100
BLL,20140530,60.310001,60.619999,60.040001,59.783053,787600
BLL,20140529,60.119999,60.369999,59.68,59.703816,841700
BLL,20140528,60.700001,61.240002,60.080002,59.396776,1112900
BLL,20140527,60.169998,60.650002,59.860001,59.76245,737000
BLL,20140523,60.009998,60.330002,59.919998,59.515375,1088400
BLL,20140522,59.970001,60.330002,59.82,59.228767,852600
BLL,20140521,60.02,60.349998,59.66,59.2683,918500
BLL,20140520,60.220001,60.50,59.939999,59.307829,727700
BLL,20140519,59.650002,60.549999,59.630001,59.683384,853400
BLL,20140516,59.349998,59.84,59.00,59.13982,1901800
BLL,20140515,59.619999,59.799999,59.040001,58.754384,1093000
BLL,20140514,59.07,59.98,58.869999,58.991574,1786800
BLL,20140513,58.959999,59.200001,58.580002,58.092222,1160300
BLL,20140512,58.790001,59.25,58.68,58.299767,972500
BLL,20140509,58.220001,58.669998,57.860001,57.95386,1140000
BLL,20140508,57.869999,58.27,57.700001,57.439944,1031300
BLL,20140507,57.060001,57.959999,56.77,57.182988,1305700
BLL,20140506,56.41,57.099998,56.32,56.155156,798200
BLL,20140505,55.580002,56.52,55.52,55.82902,1918000
BLL,20140502,57.00,57.00,55.540001,55.028496,2788300
BLL,20140501,56.919998,58.200001,56.700001,56.273751,1991800
BLL,20140430,56.07,56.310001,55.84,55.532527,1195300
BLL,20140429,56.41,56.549999,55.93,55.433698,681600
BLL,20140428,56.16,56.919998,55.950001,55.532527,1429000
BLL,20140425,55.450001,55.98,55.23,55.295337,958200
BLL,20140424,55.73,55.830002,55.27,54.751773,630900
BLL,20140423,55.470001,55.759998,55.00,54.820954,951500
BLL,20140422,56.189999,56.330002,53.700001,54.959315,1545800
BLL,20140421,56.18,56.240002,55.880001,55.453465,657800
BLL,20140417,56.099998,56.450001,55.98,55.581945,846900
BLL,20140416,55.630001,56.169998,55.619999,55.384284,958400
BLL,20140415,54.029999,55.349998,53.869999,54.672708,1230700
BLL,20140414,53.959999,54.16,53.610001,53.219907,765700
BLL,20140411,54.560001,54.84,53.900002,53.308854,895000
BLL,20140410,55.259998,55.52,54.650002,54.109377,806700
BLL,20140409,54.619999,55.279999,54.619999,54.524461,631600
BLL,20140408,54.450001,55.02,54.27,54.158792,698500
BLL,20140407,55.009998,55.18,54.259998,53.763474,929500
BLL,20140404,55.650002,56.290001,54.919998,54.534346,910600
BLL,20140403,55.610001,55.639999,55.09,54.64306,621200
BLL,20140402,54.950001,55.50,54.650002,54.751773,770900
BLL,20140401,54.970001,55.080002,54.619999,54.415752,748000
BLL,20140331,54.099998,54.900002,53.98,54.168677,1153200
BLL,20140328,53.73,54.209999,53.50,53.338505,526900
BLL,20140327,53.209999,53.68,52.900002,52.972832,770900
BLL,20140326,53.740002,53.889999,53.240002,52.686228,837500
BLL,20140325,53.59,53.900002,53.400002,52.943184,720200
BLL,20140324,54.110001,54.299999,53.240002,52.804823,834100
BLL,20140321,54.110001,54.310001,53.610001,53.407686,2101700
BLL,20140320,53.759998,54.040001,53.59,53.101312,956900
BLL,20140319,54.619999,54.830002,53.720001,53.358272,874000
BLL,20140318,54.639999,54.889999,54.450001,53.95125,693800
BLL,20140317,54.220001,54.610001,54.130001,53.89195,703200
BLL,20140314,54.48,54.860001,53.970001,53.397801,1776700
BLL,20140313,54.75,55.18,54.27,53.911717,1195600
BLL,20140312,54.740002,55.009998,54.41,53.931483,1036200
BLL,20140311,55.580002,55.68,54.939999,54.435518,1113800
BLL,20140310,55.98,56.189999,55.459999,54.88025,675500
BLL,20140307,56.110001,56.330002,55.830002,55.433698,1110300
BLL,20140306,56.02,56.240002,55.790001,55.295337,632800
BLL,20140305,56.00,56.00,55.619999,55.107558,632900
BLL,20140304,55.799999,56.00,55.529999,55.33487,1138300
BLL,20140303,54.939999,55.400002,54.790001,54.593646,713500
BLL,20140228,55.290001,55.84,55.27,54.909901,599700
BLL,20140227,54.860001,55.299999,54.790001,54.652941,731200
BLL,20140226,54.900002,55.290001,54.779999,54.178559,597600
BLL,20140225,54.869999,54.98,54.560001,53.932069,644600
BLL,20140224,54.919998,55.369999,54.830002,54.109542,680700
BLL,20140221,54.889999,55.360001,54.66,54.148977,2236800
BLL,20140220,54.889999,55.110001,54.450001,53.981366,1030400
BLL,20140219,54.669998,55.560001,54.669998,54.139119,880100
BLL,20140218,54.599998,55.169998,54.549999,54.09968,1235000
BLL,20140214,54.43,54.830002,54.290001,53.863052,1499300
BLL,20140213,53.560001,54.869999,53.50,53.715156,1105600
BLL,20140212,54.040001,54.310001,53.720001,53.093999,1363100
BLL,20140211,53.130001,54.189999,53.040001,53.182736,949700
BLL,20140210,52.68,53.34,52.639999,52.512282,1121400
BLL,20140207,51.98,52.869999,51.84,52.058741,1228500
BLL,20140206,51.650002,52.02,51.310001,51.279831,1338700
BLL,20140205,50.950001,51.950001,50.290001,50.924888,1672100
BLL,20140204,51.389999,51.560001,50.220001,50.471343,2069100
BLL,20140203,51.299999,52.040001,51.110001,50.441766,2194500
BLL,20140131,50.959999,51.77,50.759998,50.471343,1681800
BLL,20140130,51.799999,52.740002,50.709999,50.875587,2554800
BLL,20140129,47.880001,49.439999,47.75,48.381107,1626600
BLL,20140128,48.59,48.720001,48.110001,47.592339,1289300
BLL,20140127,48.709999,49.66,48.43,47.848687,1211700
BLL,20140124,49.689999,49.810001,48.580002,47.917704,831600
BLL,20140123,50.59,50.779999,49.77,49.307909,821000
BLL,20140122,50.700001,50.810001,50.419998,50.037522,662700
BLL,20140121,50.73,50.810001,50.18,49.850191,941000
BLL,20140117,51.130001,51.139999,50.490002,49.820609,667700
BLL,20140116,50.970001,50.990002,50.66,50.244573,510800
BLL,20140115,51.279999,51.43,50.830002,50.264292,597500
BLL,20140114,50.779999,51.23,50.779999,50.491063,747400
BLL,20140113,51.759998,51.900002,50.709999,50.067099,873500
BLL,20140110,52.330002,52.330002,51.669998,51.200956,506500
BLL,20140109,52.209999,52.450001,51.799999,51.427727,678800
BLL,20140108,51.959999,52.200001,51.799999,51.309412,589300
BLL,20140107,51.57,52.119999,51.57,51.309412,654800
BLL,20140106,51.650002,51.810001,51.080002,50.737553,760000
BLL,20140103,51.48,51.880001,51.43,50.924888,429900
BLL,20140102,51.25,51.619999,51.130001,50.688256,617400
BLL,20131231,51.75,51.970001,51.380001,50.934746,710500
BLL,20131230,51.540001,51.82,51.400002,51.062922,533500
BLL,20131227,51.580002,51.77,51.389999,50.855871,379800
BLL,20131226,51.259998,51.619999,50.959999,50.776993,540300
BLL,20131224,50.889999,51.41,50.889999,50.451624,249200
BLL,20131223,51.09,51.099998,50.709999,50.175556,445700
BLL,20131220,50.849998,51.060001,50.52,50.214995,1018700
BLL,20131219,51.02,51.080002,50.43,50.037522,892100
BLL,20131218,50.200001,51.259998,50.02,50.461485,1206900
BLL,20131217,50.490002,50.599998,49.68,49.416365,715900
BLL,20131216,49.98,50.639999,49.849998,49.840329,743400
BLL,20131213,49.889999,50.25,49.619999,49.209314,625500
BLL,20131212,49.84,50.060001,49.599998,49.160017,598200
BLL,20131211,50.50,50.639999,49.740002,49.169875,780700
BLL,20131210,50.18,50.900002,50.110001,49.850191,978200
BLL,20131209,50.040001,50.48,49.889999,49.652998,650100
BLL,20131206,49.799999,50.189999,49.59,49.347348,652200
BLL,20131205,49.470001,49.77,49.259998,48.637459,632200
BLL,20131204,49.619999,49.950001,49.349998,48.933246,910700
BLL,20131203,50.09,50.18,49.369999,49.021983,1017300
BLL,20131202,50.009998,50.68,49.740002,49.495244,683700
BLL,20131129,50.549999,50.610001,49.939999,49.278331,514300
BLL,20131127,50.279999,50.610001,50.07,49.712153,456100
BLL,20131126,50.25,50.540001,49.98,49.436087,836100
BLL,20131125,50.189999,50.439999,50.099998,49.367249,560600
BLL,20131122,50.32,50.459999,49.860001,49.180398,836000
BLL,20131121,50.009998,50.509998,49.970001,49.485257,617300
BLL,20131120,50.509998,50.709999,49.82,49.032889,776900
BLL,20131119,50.330002,50.689999,50.209999,49.672104,519100
BLL,20131118,50.16,50.650002,50.040001,49.485257,620600
BLL,20131115,50.200001,50.419998,49.740002,49.337744,1254200
BLL,20131114,49.68,49.75,49.310001,48.718197,771900
BLL,20131113,49.080002,49.470001,48.84,48.649359,1233000
BLL,20131112,49.639999,49.689999,49.150002,48.521514,842300
BLL,20131111,49.540001,49.91,49.389999,48.895212,653500
BLL,20131108,49.369999,49.779999,49.32,48.67886,880600
BLL,20131107,50.02,50.349998,49.32,48.541183,944300
BLL,20131106,49.689999,50.200001,49.59,49.209903,1197300
BLL,20131105,49.470001,49.790001,48.98,48.757535,953100
BLL,20131104,49.060001,49.560001,48.919998,48.659191,855900
BLL,20131101,48.93,49.240002,48.59,48.069146,1044400
BLL,20131031,48.549999,49.189999,48.360001,48.078978,1442300
BLL,20131030,48.970001,49.16,48.450001,47.744618,1218600
BLL,20131029,48.869999,49.009998,48.790001,48.049477,787400
BLL,20131028,48.619999,48.900002,48.419998,47.96097,990600
BLL,20131025,47.959999,48.759998,47.93,47.793788,1206900
BLL,20131024,47.00,47.990002,46.880001,47.066066,1569000
BLL,20131023,46.18,46.299999,45.27,45.246753,1756900
BLL,20131022,46.220001,46.740002,46.16,45.807301,497300
BLL,20131021,46.139999,46.34,45.790001,45.266421,366500
BLL,20131018,46.23,46.240002,45.759998,45.404098,575200
BLL,20131017,45.16,46.07,45.060001,45.266421,1274500
BLL,20131016,45.07,45.23,44.779999,44.469861,1038800
BLL,20131015,45.380001,45.52,44.779999,44.037157,1185600
BLL,20131014,45.25,45.630001,45.02,44.814053,743000
BLL,20131011,44.84,45.50,44.639999,44.725546,1069100
BLL,20131010,45.02,45.34,44.509998,44.017489,2069200
BLL,20131009,44.700001,44.889999,44.290001,43.89948,877600
BLL,20131008,44.689999,45.040001,44.580002,43.919149,1016700
BLL,20131007,44.82,45.139999,44.57,44.145333,513400
BLL,20131004,44.880001,45.310001,44.669998,44.440356,780900
BLL,20131003,45.50,45.529999,44.50,44.155169,954400
BLL,20131002,45.18,45.599998,44.880001,44.735382,1319500
BLL,20131001,44.880001,45.549999,44.77,44.66654,698500
BLL,20130930,44.650002,45.110001,44.419998,44.135501,1471500
BLL,20130927,45.119999,45.330002,44.889999,44.253509,1341600
BLL,20130926,45.529999,45.93,45.189999,44.715714,439100
BLL,20130925,44.82,45.68,44.700001,44.646875,1428300
BLL,20130924,45.57,45.77,45.439999,44.686209,396100
BLL,20130923,45.580002,46.360001,45.549999,44.873059,656700
BLL,20130920,46.150002,46.360001,45.41,45.030405,1590200
BLL,20130919,46.450001,46.799999,46.07,45.315595,556600
BLL,20130918,45.689999,46.700001,45.259998,45.689289,975500
BLL,20130917,45.669998,46.00,45.419998,45.020569,839700
BLL,20130916,45.029999,45.77,44.98,44.912393,714300
BLL,20130913,44.599998,44.77,44.259998,43.722466,532200
BLL,20130912,45.220001,45.32,44.509998,43.89948,630700
BLL,20130911,45.330002,45.450001,45.16,44.489529,662000
BLL,20130910,45.25,45.630001,45.119999,44.558368,673600
BLL,20130909,44.330002,45.119999,44.25,44.28301,548200
BLL,20130906,44.450001,44.66,44.099998,43.663464,445200
BLL,20130905,44.48,44.599998,44.279999,43.683129,616400
BLL,20130904,44.220001,44.580002,43.98,43.781472,472500
BLL,20130903,44.950001,45.169998,43.939999,43.555288,629500
BLL,20130830,44.810001,44.919998,44.299999,43.683129,668500
BLL,20130829,44.310001,45.099998,44.23,44.066662,693200
BLL,20130828,45.060001,45.16,44.48,43.65363,610800
BLL,20130827,45.02,45.299999,44.98,44.192926,672700
BLL,20130826,45.68,45.849998,45.380001,44.624362,620600
BLL,20130823,45.84,46.130001,45.41,44.810667,574000
BLL,20130822,45.389999,46.080002,45.389999,45.134243,563000
BLL,20130821,45.919998,46.029999,45.450001,44.565532,1045100
BLL,20130820,45.529999,46.490002,45.43,45.281325,1657500
BLL,20130819,44.880001,45.540001,44.75,44.653781,1206500
BLL,20130816,44.889999,45.310001,44.709999,44.134092,3722000
BLL,20130815,45.16,45.25,44.509998,43.781101,896800
BLL,20130814,45.189999,45.509998,45.119999,44.516506,692100
BLL,20130813,45.029999,45.330002,44.889999,44.408646,663100
BLL,20130812,44.540001,45.189999,44.540001,44.085066,679600
BLL,20130809,44.57,44.939999,44.380001,43.800708,768500
BLL,20130808,44.509998,45.029999,44.439999,43.692852,777800
BLL,20130807,44.23,44.59,43.950001,43.526158,926900
BLL,20130806,45.25,45.369999,44.189999,43.418298,1554500
BLL,20130805,45.740002,45.900002,45.119999,44.398838,709000
BLL,20130802,45.450001,45.93,45.450001,44.957746,632500
BLL,20130801,45.040001,45.75,44.880001,44.683196,950400
BLL,20130731,44.990002,45.209999,44.689999,43.918376,718900
BLL,20130730,44.82,45.110001,44.740002,44.075262,881300
BLL,20130729,44.93,45.060001,44.669998,43.996817,452500
BLL,20130726,45.18,45.279999,44.59,44.075262,733200
BLL,20130725,45.34,45.849998,44.93,44.349812,864400
BLL,20130724,45.689999,45.779999,45.32,44.604754,1140300
BLL,20130723,45.740002,45.869999,45.529999,44.761641,1221200
BLL,20130722,45.18,45.810001,45.07,44.771444,1022100
BLL,20130719,45.360001,45.369999,44.889999,44.290978,623600
BLL,20130718,44.720001,45.32,44.619999,44.290978,1378400
BLL,20130717,44.849998,44.959999,44.43,43.594796,702000
BLL,20130716,45.099998,45.220001,44.720001,43.908568,660400
BLL,20130715,45.34,45.369999,45.00,44.232148,571900
BLL,20130712,45.139999,45.48,45.02,44.496894,813600
BLL,20130711,44.790001,45.27,44.689999,44.330201,1130900
BLL,20130710,43.689999,44.200001,43.540001,43.290831,1129500
BLL,20130709,43.009998,43.75,42.970001,42.829976,1129100
BLL,20130708,42.630001,43.00,42.57,42.016126,905300
BLL,20130705,42.16,42.630001,42.150002,41.712161,543200
BLL,20130703,42.049999,42.279999,41.93,41.261114,547800
BLL,20130702,41.830002,42.310001,41.610001,41.359166,1003200
BLL,20130701,41.700001,42.400002,41.68,41.035587,786200
BLL,20130628,42.02,42.25,41.52,40.731622,2010600
BLL,20130627,42.299999,42.349998,42.02,41.319944,971700
BLL,20130626,42.27,42.450001,41.740002,41.212084,598800
BLL,20130625,42.290001,42.330002,41.709999,41.31014,971500
BLL,20130624,42.060001,42.25,41.540001,41.212084,922300
BLL,20130621,42.91,42.990002,42.279999,41.721965,1367100
BLL,20130620,42.889999,42.889999,42.369999,41.80041,1093500
BLL,20130619,43.32,43.889999,43.130001,42.378929,1019000
BLL,20130618,43.259998,43.400002,43.029999,42.34951,598100
BLL,20130617,43.580002,43.689999,43.099998,42.427955,749700
BLL,20130614,43.41,43.59,43.189999,42.496592,942000
BLL,20130613,42.360001,43.509998,42.360001,42.555426,1037500
BLL,20130612,43.110001,43.189999,42.369999,41.614105,1164400
BLL,20130611,42.950001,43.23,42.720001,42.065156,888900
BLL,20130610,43.650002,43.66,43.290001,42.584841,454100
BLL,20130607,43.00,43.630001,42.950001,42.731924,1047600
BLL,20130606,42.650002,42.84,42.41,41.986711,853000
BLL,20130605,43.139999,43.299999,42.639999,41.888659,1207000
BLL,20130604,43.240002,43.669998,43.07,42.516204,1405800
BLL,20130603,43.130001,43.400002,42.27,42.516204,1836300
BLL,20130531,43.360001,43.84,43.150002,42.320095,1725700
BLL,20130530,43.860001,44.060001,43.540001,42.712312,1157000
BLL,20130529,44.310001,44.389999,43.77,42.957444,1239900
BLL,20130528,44.73,45.099998,44.360001,43.504923,1692400
BLL,20130524,44.900002,45.200001,44.290001,43.397382,1529400
BLL,20130523,45.369999,45.900002,45.200001,44.247927,1297300
BLL,20130522,46.169998,46.50,45.560001,44.638984,1082000
BLL,20130521,46.060001,46.599998,45.990002,45.254897,1601800
BLL,20130520,45.73,46.16,45.73,45.030041,787200
BLL,20130517,45.540001,45.93,45.459999,44.726972,2533700
BLL,20130516,45.32,45.689999,45.200001,44.247927,1618300
BLL,20130515,45.50,45.73,45.27,44.550996,1425200
BLL,20130514,45.560001,45.93,45.509998,44.638984,1201300
BLL,20130513,45.689999,45.869999,45.490002,44.580324,1227300
BLL,20130510,45.990002,46.200001,45.68,44.942053,1252900
BLL,20130509,45.470001,45.959999,45.310001,44.86384,1213400
BLL,20130508,45.290001,45.619999,45.25,44.404349,847600
BLL,20130507,45.290001,45.669998,45.119999,44.472787,970500
BLL,20130506,45.110001,45.459999,45.110001,44.384799,1168100
BLL,20130503,45.279999,46.099998,45.169998,44.32614,1333500
BLL,20130502,44.740002,45.290001,44.740002,43.944861,895100
BLL,20130501,44.130001,44.799999,44.130001,43.690673,1458200
BLL,20130430,44.41,44.549999,43.869999,43.133419,1875600
BLL,20130429,44.029999,44.700001,43.720001,43.465817,1707900
BLL,20130426,44.950001,45.080002,43.799999,43.045432,2232000
BLL,20130425,44.700001,46.27,44.240002,44.08173,4092500
BLL,20130424,47.189999,47.610001,47.16,46.281417,579900
BLL,20130423,46.889999,47.09,46.560001,45.929467,483900
BLL,20130422,46.540001,46.869999,46.130001,45.675282,458100
BLL,20130419,46.110001,46.630001,46.060001,45.391766,789400
BLL,20130418,46.84,46.990002,45.849998,44.9225,668200
BLL,20130417,46.639999,46.75,45.869999,45.538413,851200
BLL,20130416,46.619999,47.279999,46.360001,45.880585,978400
BLL,20130415,47.330002,47.380001,46.310001,45.35266,970400
BLL,20130412,48.00,48.290001,47.400002,46.819118,626000
BLL,20130411,48.209999,48.50,48.09,47.053753,751000
BLL,20130410,47.619999,48.169998,47.549999,47.092855,658900
BLL,20130409,47.290001,47.619999,47.139999,46.359626,599800
BLL,20130408,47.00,47.279999,46.66,46.212983,623200
BLL,20130405,46.740002,47.060001,46.48,45.939245,682400
BLL,20130404,47.049999,47.25,46.900002,46.085889,568200
BLL,20130403,47.959999,48.07,46.700001,45.919692,827100
BLL,20130402,47.380001,48.029999,47.32,46.936433,950200
BLL,20130401,47.48,47.689999,47.080002,46.242311,414200
BLL,20130328,47.330002,47.630001,47.130001,46.516052,819400
BLL,20130327,46.209999,47.400002,46.00,46.281417,1020600
BLL,20130326,46.259998,46.490002,45.970001,45.440647,677400
BLL,20130325,46.00,46.27,45.91,45.039816,609100
BLL,20130322,45.93,46.029999,45.529999,44.844287,737800
BLL,20130321,45.970001,46.259998,45.82,44.824734,771900
BLL,20130320,46.200001,46.369999,46.02,45.176684,667600
BLL,20130319,45.959999,46.16,45.610001,44.961606,927500
BLL,20130318,45.549999,46.060001,45.529999,44.785631,760800
BLL,20130315,45.950001,46.16,45.740002,44.981156,1572000
BLL,20130314,45.900002,46.040001,45.630001,44.990934,907800
BLL,20130313,45.139999,45.82,44.830002,44.756299,1322800
BLL,20130312,45.07,45.139999,44.77,44.08173,562500
BLL,20130311,44.75,45.080002,44.52,44.032849,749300
BLL,20130308,44.639999,44.869999,44.560001,43.847095,752900
BLL,20130307,44.380001,44.66,44.380001,43.465817,642400
BLL,20130306,44.470001,44.59,44.139999,43.280067,736800
BLL,20130305,44.119999,44.419998,43.950001,43.201854,644000
BLL,20130304,44.07,44.150002,43.68,43.006329,910700
BLL,20130301,44.34,44.34,43.91,43.231185,891500
BLL,20130228,44.27,44.720001,44.240002,43.416935,1040400
BLL,20130227,43.650002,44.459999,43.43,43.319173,732100
BLL,20130226,43.599998,43.889999,43.259998,42.70326,701900
BLL,20130225,44.619999,44.720001,43.459999,42.3621,752700
BLL,20130222,44.27,44.560001,43.959999,43.21987,1203700
BLL,20130221,44.330002,44.400002,43.959999,42.946945,948800
BLL,20130220,45.02,45.209999,44.50,43.405069,966800
BLL,20130219,45.580002,45.66,45.00,43.950923,1058400
BLL,20130215,45.619999,46.07,45.32,44.389556,1361700
BLL,20130214,45.060001,45.32,45.009998,44.067891,914100
BLL,20130213,45.189999,45.209999,44.75,44.058145,834200
BLL,20130212,45.290001,45.32,44.889999,43.755975,989400
BLL,20130211,45.34,45.349998,44.689999,43.999659,934000
BLL,20130208,45.27,45.52,45.18,44.214103,621100
BLL,20130207,45.41,45.799999,45.169998,44.067891,680000
BLL,20130206,45.330002,45.490002,45.029999,44.184862,824900
BLL,20130205,45.139999,45.619999,45.110001,44.389556,837900
BLL,20130204,45.360001,45.470001,44.779999,43.814461,990600
BLL,20130201,44.720001,45.720001,44.400002,44.438292,2051500
BLL,20130131,45.150002,45.650002,44.240002,43.395323,1666600
BLL,20130130,46.330002,46.619999,45.919998,44.769703,1047400
BLL,20130129,46.130001,46.25,45.970001,45.052378,1134600
BLL,20130128,46.619999,46.619999,46.07,44.935407,628900
BLL,20130125,46.68,46.68,46.389999,45.432525,556100
BLL,20130124,46.59,46.889999,46.330002,45.344798,829200
BLL,20130123,46.450001,46.759998,46.290001,45.344798,548100
BLL,20130122,46.650002,46.990002,46.43,45.364294,703800
BLL,20130118,46.189999,46.700001,46.09,45.471515,833000
BLL,20130117,45.59,46.52,45.52,45.140104,807700
BLL,20130116,45.619999,45.700001,45.23,44.360311,668700
BLL,20130115,45.34,45.849998,45.23,44.613745,577600
BLL,20130114,45.389999,45.889999,45.259998,44.438292,729700
BLL,20130111,45.650002,45.669998,45.240002,44.253093,524100
BLL,20130110,45.650002,45.77,45.389999,44.457787,587600
BLL,20130109,45.560001,45.91,45.439999,44.457787,620700
BLL,20130108,45.48,45.73,45.099998,44.262839,1104100
BLL,20130107,46.299999,46.419998,46.060001,44.925661,559500
BLL,20130104,46.59,46.59,46.18,45.325303,809800
BLL,20130103,46.099998,46.549999,45.970001,45.266818,1239400
BLL,20130102,45.419998,46.07,45.330002,44.886671,951700
