COF,20151030,80.550003,80.730003,78.82,78.900002,2684800
COF,20151029,80.879997,81.410004,79.93,80.199997,1989600
COF,20151028,79.339996,81.190002,79.199997,81.139999,2263200
COF,20151027,79.080002,79.589996,78.940002,79.330002,1954300
COF,20151026,80.510002,80.93,79.470001,79.650002,3073700
COF,20151023,77.360001,81.410004,77.18,81.120003,6556800
COF,20151022,73.779999,76.379997,73.779999,74.940002,4201800
COF,20151021,75.010002,75.300003,73.610001,73.68,3235800
COF,20151020,74.540001,75.160004,74.419998,74.580002,2155600
COF,20151019,74.139999,74.879997,73.970001,74.639999,2429300
COF,20151016,74.949997,75.080002,74.160004,74.669998,2714200
COF,20151015,73.18,74.540001,72.629997,74.519997,2593300
COF,20151014,74.00,74.050003,72.330002,72.559998,3277900
COF,20151013,74.07,74.57,73.629997,73.940002,2332100
COF,20151012,74.650002,74.879997,74.010002,74.25,1724200
COF,20151009,75.349998,75.709999,74.239998,74.449997,2203500
COF,20151008,74.550003,75.260002,73.870003,75.050003,2422000
COF,20151007,75.68,76.169998,74.660004,74.959999,2338200
COF,20151006,74.900002,75.690002,74.669998,75.220001,2324100
COF,20151005,73.360001,75.639999,73.360001,75.300003,2538700
COF,20151002,71.209999,72.870003,70.169998,72.870003,3118900
COF,20151001,72.629997,73.019997,71.760002,72.940002,4221000
COF,20150930,72.720001,72.860001,71.760002,72.519997,2678300
COF,20150929,72.120003,72.489998,71.040001,71.550003,2837800
COF,20150928,73.580002,73.949997,72.099998,72.169998,1910700
COF,20150925,74.220001,74.730003,73.839996,74.050003,2517200
COF,20150924,72.599998,73.239998,72.18,73.120003,3636800
COF,20150923,74.080002,74.080002,73.190002,73.50,2088300
COF,20150922,73.519997,73.779999,72.949997,73.68,2167100
COF,20150921,74.209999,75.019997,74.080002,74.580002,2219900
COF,20150918,74.839996,74.879997,73.339996,73.559998,4922400
COF,20150917,77.290001,77.699997,75.559998,75.889999,2715900
COF,20150916,76.580002,77.410004,76.190002,77.279999,2867100
COF,20150915,76.00,76.800003,75.919998,76.360001,3306600
COF,20150914,75.809998,76.339996,75.290001,75.760002,2663800
COF,20150911,75.589996,75.889999,74.910004,75.650002,2317200
COF,20150910,75.459999,76.43,75.389999,75.870003,2530900
COF,20150909,77.519997,77.980003,75.690002,75.860001,2243800
COF,20150908,76.00,76.800003,75.709999,76.790001,2603200
COF,20150904,74.949997,75.32,74.169998,74.830002,2249800
COF,20150903,75.989998,77.349998,75.690002,76.160004,2940000
COF,20150902,75.540001,75.940002,74.18,75.300003,2535400
COF,20150901,75.68,76.07,73.860001,74.32,2810900
COF,20150831,77.019997,78.110001,76.669998,77.75,2673000
COF,20150828,77.07,77.519997,76.75,77.32,2260400
COF,20150827,75.809998,77.629997,75.550003,77.360001,4708000
COF,20150826,73.620003,74.910004,72.449997,74.75,3596900
COF,20150825,75.790001,75.849998,72.199997,72.25,3577000
COF,20150824,71.790001,75.870003,67.730003,73.529999,4289000
COF,20150821,78.290001,78.82,76.620003,76.620003,4189500
COF,20150820,79.300003,79.769997,79.010002,79.040001,2881100
COF,20150819,80.660004,80.870003,79.739998,80.120003,4634600
COF,20150818,81.610001,82.080002,80.889999,81.260002,2414600
COF,20150817,80.690002,81.779999,80.50,81.650002,2020200
COF,20150814,80.330002,81.360001,80.300003,81.269997,1960100
COF,20150813,80.980003,81.419998,80.379997,80.760002,2419100
COF,20150812,80.440002,80.889999,79.129997,80.620003,3122100
COF,20150811,81.709999,81.919998,80.43,80.870003,2540800
COF,20150810,81.470001,82.669998,81.300003,82.489998,2292800
COF,20150807,81.00,81.629997,80.269997,80.82,2874100
COF,20150806,81.540001,81.830002,80.860001,81.139999,3196300
COF,20150805,81.949997,82.220001,81.330002,81.460001,3937500
COF,20150804,81.629997,81.919998,81.260002,80.982343,2088400
COF,20150803,81.459999,81.699997,80.790001,81.231121,3392900
COF,20150731,81.580002,81.599998,80.900002,80.90274,3677200
COF,20150730,80.220001,81.580002,80.110001,81.101759,4276500
COF,20150729,78.940002,79.739998,78.889999,79.230948,4626500
COF,20150728,79.25,79.25,77.800003,78.265687,7524100
COF,20150727,78.040001,79.379997,77.949997,78.225882,7195600
COF,20150724,83.540001,83.900002,78.230003,78.47466,16800000
COF,20150723,91.620003,91.800003,90.599998,90.326459,2646200
COF,20150722,91.620003,92.099998,91.279999,91.202164,2484000
COF,20150721,91.419998,92.059998,91.199997,91.261868,2522000
COF,20150720,91.080002,91.849998,90.580002,90.993191,2377100
COF,20150717,90.629997,91.019997,90.269997,90.545385,2401100
COF,20150716,90.650002,91.080002,90.510002,90.515533,2067300
COF,20150715,89.739998,90.559998,89.040001,89.659735,2211300
COF,20150714,88.730003,89.220001,88.580002,88.58501,1783800
COF,20150713,88.529999,89.089996,88.110001,88.594964,2058800
COF,20150710,87.82,88.080002,87.099998,87.241608,1723600
COF,20150709,87.220001,87.610001,86.699997,86.306207,2025700
COF,20150708,87.389999,87.540001,86.120003,85.788744,2361700
COF,20150707,87.669998,87.959999,86.349998,87.460535,2581300
COF,20150706,87.410004,88.00,87.25,87.321219,1999400
COF,20150702,88.720001,89.07,88.019997,87.888434,1903700
COF,20150701,89.010002,89.010002,88.190002,88.167064,2728800
COF,20150630,88.519997,88.75,87.709999,87.540146,2827500
COF,20150629,87.870003,88.550003,87.660004,87.321219,3131100
COF,20150626,89.160004,89.32,88.790001,88.624816,3244000
COF,20150625,89.480003,90.099998,88.519997,88.415843,2431700
COF,20150624,89.309998,89.650002,89.07,88.654668,2153800
COF,20150623,89.93,89.989998,89.169998,88.943252,1881000
COF,20150622,89.00,89.50,88.959999,88.883547,2140900
COF,20150619,88.150002,88.760002,88.019997,87.987944,3614800
COF,20150618,88.160004,88.650002,87.709999,88.087454,2655700
COF,20150617,88.489998,88.489998,87.709999,87.410776,2870300
COF,20150616,87.370003,88.120003,87.18,87.639655,2250500
COF,20150615,86.779999,87.589996,86.779999,87.062488,2810100
COF,20150612,87.470001,87.779999,87.120003,87.142099,2627500
COF,20150611,86.989998,87.940002,86.739998,87.231663,2939100
COF,20150610,85.800003,86.989998,85.400002,86.505227,4359300
COF,20150609,84.739998,85.720001,84.589996,85.151871,2361700
COF,20150608,85.080002,85.370003,84.690002,84.524953,3476700
COF,20150605,83.889999,85.010002,83.730003,84.524953,3965400
COF,20150604,83.550003,84.279999,83.050003,82.783504,3164000
COF,20150603,84.00,84.910004,83.980003,83.88808,2221400
COF,20150602,83.440002,84.300003,83.269997,83.539785,2427900
COF,20150601,83.800003,84.040001,83.129997,82.982523,2129300
COF,20150529,84.379997,84.519997,83.32,83.151691,2473600
COF,20150528,84.480003,84.720001,83.879997,83.88808,1847900
COF,20150527,84.449997,85.050003,84.110001,84.216462,2131700
COF,20150526,84.980003,84.980003,83.480003,83.539785,2833600
COF,20150522,84.900002,85.360001,84.610001,84.604556,1740500
COF,20150521,85.269997,85.440002,84.800003,84.69412,2156300
COF,20150520,85.25,85.68,84.919998,84.932945,2119300
COF,20150519,84.910004,85.550003,84.690002,84.992657,2615600
COF,20150518,84.239998,84.720001,84.00,84.146805,1665600
COF,20150515,84.629997,84.739998,83.589996,83.619396,3146200
COF,20150514,84.120003,84.50,83.75,84.057248,2390800
COF,20150513,82.980003,83.709999,82.720001,83.241255,2172300
COF,20150512,82.889999,83.160004,82.239998,82.504873,2438900
COF,20150511,83.139999,83.660004,83.00,82.902913,2109500
COF,20150508,82.589996,83.360001,82.160004,82.753652,2767400
COF,20150507,82.160004,82.32,81.400002,81.619215,3150900
COF,20150506,82.739998,82.989998,82.00,81.83814,3283900
COF,20150505,82.00,83.040001,81.940002,81.471728,2760800
COF,20150504,82.00,82.43,81.809998,81.46183,1934200
COF,20150501,81.239998,81.989998,80.970001,81.13503,2840000
COF,20150430,80.230003,80.849998,79.82,80.065508,4201200
COF,20150429,80.599998,80.989998,79.839996,79.580264,1899900
COF,20150428,80.519997,80.919998,80.059998,79.946677,1783500
COF,20150427,80.580002,81.07,80.300003,79.580264,2815700
COF,20150424,80.089996,81.059998,79.360001,79.65949,3780700
COF,20150423,81.68,82.339996,81.550003,81.06571,2361500
COF,20150422,81.550003,81.889999,81.040001,80.966682,2543200
COF,20150421,82.50,82.610001,81.50,80.73891,2294900
COF,20150420,82.360001,82.639999,82.050003,81.39251,1699900
COF,20150417,82.400002,82.620003,81.82,81.204351,2752600
COF,20150416,82.620003,83.209999,82.519997,82.204553,2373400
COF,20150415,81.550003,82.959999,81.360001,82.016394,3696200
COF,20150414,81.089996,81.470001,80.769997,80.560656,2773800
COF,20150413,80.610001,81.330002,80.43,80.303177,1644200
COF,20150410,80.230003,80.660004,80.010002,79.827839,2233400
COF,20150409,80.040001,80.410004,79.620003,79.580264,1856800
COF,20150408,79.660004,81.040001,79.650002,79.411916,2564200
COF,20150407,79.860001,80.279999,79.669998,78.896957,2301100
COF,20150406,79.43,80.839996,79.139999,79.540652,2099300
COF,20150402,79.639999,80.440002,79.459999,79.530746,1968500
COF,20150401,78.830002,80.040001,78.57,79.095021,3607600
COF,20150331,78.580002,79.190002,78.449997,78.055206,2666700
COF,20150330,79.190002,79.610001,79.059998,78.431516,1962700
COF,20150327,78.470001,79.019997,78.050003,77.886857,2636300
COF,20150326,78.800003,78.900002,77.889999,77.748216,2291100
COF,20150325,80.18,80.18,78.839996,78.075009,1918300
COF,20150324,80.940002,80.959999,80.129997,79.362398,2118100
COF,20150323,81.269997,81.989998,81.18,80.461628,1731500
COF,20150320,80.970001,81.449997,80.760002,80.34279,3649600
COF,20150319,81.480003,81.589996,80.529999,79.837744,2653800
COF,20150318,80.970001,81.910004,80.510002,80.828041,2175900
COF,20150317,81.00,81.650002,80.669998,80.709202,2201300
COF,20150316,80.639999,81.769997,80.529999,80.679495,2888900
COF,20150313,81.400002,81.400002,79.269997,79.223757,2770500
COF,20150312,79.040001,81.519997,79.040001,80.659684,4562500
COF,20150311,78.050003,78.529999,77.720001,77.470934,2259600
COF,20150310,79.019997,79.110001,77.699997,76.965881,2864700
COF,20150309,78.870003,80.019997,78.620003,79.065306,3048100
COF,20150306,79.550003,80.709999,78.760002,78.213657,3088700
COF,20150305,78.650002,78.970001,78.199997,78.124527,2042100
COF,20150304,78.949997,78.980003,78.25,77.886857,2340500
COF,20150303,79.150002,79.419998,78.779999,78.372101,2257000
COF,20150302,78.709999,79.279999,78.269997,78.382006,3486400
COF,20150227,78.860001,79.410004,78.709999,77.946273,3329200
COF,20150226,79.480003,79.970001,78.720001,78.382006,2731700
COF,20150225,80.18,80.419998,79.550003,78.887059,3103800
COF,20150224,79.839996,80.82,79.620003,79.718905,2225300
COF,20150223,80.389999,80.389999,79.379997,79.283172,2397500
COF,20150220,79.199997,80.419998,78.57,79.609972,2590500
COF,20150219,79.389999,79.75,79.089996,78.649383,2190700
COF,20150218,79.730003,79.989998,79.269997,78.570157,2535300
COF,20150217,78.790001,80.279999,78.769997,79.223757,3468600
COF,20150213,79.389999,79.709999,78.650002,78.114621,3216000
COF,20150212,78.029999,79.639999,77.889999,78.520647,3961500
COF,20150211,77.099998,77.580002,76.900002,76.569761,1923300
COF,20150210,77.419998,77.599998,76.75,76.312281,2063000
COF,20150209,75.690002,77.040001,75.290001,75.975584,2441500
COF,20150206,76.32,77.510002,76.07,75.480435,3786500
COF,20150205,75.449997,75.959999,75.410004,75.044702,3303500
COF,20150204,75.739998,76.080002,75.080002,74.272279,3317900
COF,20150203,74.690002,75.599998,74.540001,74.479412,2830800
COF,20150202,73.699997,74.519997,72.769997,73.404285,3552000
COF,20150130,74.50,74.910004,73.110001,72.2108,4937800
COF,20150129,74.199997,75.25,73.900002,73.936916,4577700
COF,20150128,76.660004,76.839996,74.43,73.433874,4404900
COF,20150127,77.279999,77.580002,76.699997,75.72221,3205600
COF,20150126,77.230003,78.300003,76.50,77.122835,4297900
COF,20150123,76.629997,78.720001,76.629997,76.540883,4822800
COF,20150122,76.959999,77.160004,74.75,75.15999,7580300
COF,20150121,77.080002,77.599998,76.599998,76.156207,2486600
COF,20150120,76.629997,77.620003,76.440002,76.33375,3296000
COF,20150116,76.639999,77.209999,75.550003,75.603852,4689900
COF,20150115,76.75,78.379997,76.639999,75.899753,3913300
COF,20150114,77.440002,77.440002,75.510002,75.702486,4149400
COF,20150113,79.75,80.040001,77.629997,77.320102,3944700
COF,20150112,79.790001,80.00,78.650002,77.980956,2372100
COF,20150109,80.900002,81.029999,79.360001,78.28673,2741300
COF,20150108,80.709999,81.389999,80.580002,79.667616,2008200
COF,20150107,80.160004,80.459999,79.709999,78.898263,2434100
COF,20150106,80.730003,80.769997,78.860001,78.010545,2929500
COF,20150105,81.57,82.160004,80.199997,79.490073,2678200
COF,20150102,82.790001,83.239998,81.730003,81.364142,1483200
COF,20141231,83.830002,83.949997,82.529999,81.423328,1523200
COF,20141230,83.089996,83.720001,82.900002,82.17295,2069000
COF,20141229,82.959999,83.959999,82.830002,82.163092,1601200
COF,20141226,83.379997,83.779999,83.18,82.074317,957600
COF,20141224,83.57,83.57,83.190002,82.094048,1040600
COF,20141223,83.389999,83.769997,83.209999,82.143361,1685200
COF,20141222,82.400002,82.93,82.080002,81.758684,2040800
COF,20141219,82.459999,82.940002,81.720001,81.304963,4057100
COF,20141218,80.339996,82.169998,80.330002,81.038652,4340300
COF,20141217,78.419998,79.620003,78.150002,78.523452,5072400
COF,20141216,78.870003,79.940002,77.720001,77.16229,3887600
COF,20141215,80.510002,80.510002,78.580002,78.523452,4607400
COF,20141212,81.800003,82.230003,80.150002,79.075807,3028100
COF,20141211,82.580002,83.110001,82.190002,81.255643,2138300
COF,20141210,83.279999,83.599998,82.300003,81.265508,4792900
COF,20141209,82.089996,83.519997,82.089996,82.133495,3188700
COF,20141208,83.169998,83.260002,82.480003,82.064451,3581200
COF,20141205,82.699997,83.260002,82.43,81.808005,2853200
COF,20141204,81.00,82.190002,81.00,80.9696,2924000
COF,20141203,82.050003,82.57,81.830002,81.058376,2333500
COF,20141202,82.139999,82.800003,81.970001,81.216188,1962200
COF,20141201,82.540001,82.800003,82.169998,81.186599,2161000
COF,20141128,82.620003,83.690002,82.589996,82.064451,1161900
COF,20141126,82.910004,83.00,82.410004,81.620596,1470000
COF,20141125,82.099998,82.860001,81.989998,81.531828,2393700
COF,20141124,81.580002,82.230003,81.510002,80.979466,1767900
COF,20141121,81.75,81.910004,80.93,80.101613,2461900
COF,20141120,80.449997,81.529999,80.220001,79.983248,2968000
COF,20141119,81.400002,81.459999,80.480003,79.539393,2173200
COF,20141118,81.50,82.029999,81.25,80.180523,2596100
COF,20141117,81.730003,81.730003,80.370003,80.032569,2931000
COF,20141114,81.410004,81.959999,81.410004,80.64411,2458300
COF,20141113,82.010002,82.330002,81.199997,80.48629,2632200
COF,20141112,81.949997,82.010002,81.260002,80.4567,2408300
COF,20141111,82.230003,83.209999,81.830002,81.058376,3543900
COF,20141110,82.599998,83.300003,82.540001,82.103906,2207100
COF,20141107,82.220001,83.139999,82.00,81.472641,2065100
COF,20141106,81.599998,82.309998,81.239998,80.959742,2413200
COF,20141105,82.690002,82.790001,81.32,80.19038,3954700
COF,20141104,82.769997,82.839996,81.839996,81.045354,2199400
COF,20141103,83.00,83.32,82.510002,81.241896,2061000
COF,20141031,82.870003,83.07,82.43,81.340167,2666600
COF,20141030,81.400002,82.360001,81.209999,80.318139,2227400
COF,20141029,80.830002,81.800003,80.580002,79.885737,2509500
COF,20141028,79.610001,80.800003,79.550003,79.296104,2251700
COF,20141027,79.25,79.68,78.860001,77.674606,2675700
COF,20141024,78.650002,79.349998,78.440002,77.900628,2289700
COF,20141023,78.68,78.919998,78.209999,77.035833,2306300
COF,20141022,78.510002,78.769997,77.800003,76.50516,3531500
COF,20141021,77.290001,78.739998,76.690002,77.340475,4667400
COF,20141020,76.230003,76.730003,76.00,75.178483,4578800
COF,20141017,75.989998,76.769997,75.080002,75.109692,9753000
COF,20141016,77.849998,79.459999,77.260002,77.173414,5980200
COF,20141015,79.050003,80.190002,77.830002,77.841667,7118000
COF,20141014,79.610001,80.480003,79.540001,78.647502,2889600
COF,20141013,80.230003,80.809998,79.410004,78.107007,2987200
COF,20141010,81.440002,82.139999,80.339996,78.971803,2738900
COF,20141009,82.610001,83.099998,81.330002,80.033148,2954700
COF,20141008,81.110001,82.940002,80.709999,81.330345,3370700
COF,20141007,81.540001,81.809998,80.82,79.423855,3123900
COF,20141006,82.809998,82.989998,81.82,80.799672,1952600
COF,20141003,82.080002,82.660004,82.029999,80.858633,3397200
COF,20141002,80.68,81.50,80.139999,79.728498,2721800
COF,20141001,81.75,81.910004,80.57,79.217484,3336100
COF,20140930,81.940002,82.400002,81.559998,80.210039,3460900
COF,20140929,80.790001,82.029999,80.75,80.41641,3133600
COF,20140926,81.050003,81.809998,80.879997,80.200209,2292000
COF,20140925,82.269997,82.510002,81.010002,79.610576,3232300
COF,20140924,82.209999,82.519997,81.660004,80.996214,2158900
COF,20140923,82.809998,83.199997,82.040001,80.632611,2805900
COF,20140922,83.93,84.349998,83.25,81.851188,2112500
COF,20140919,84.419998,84.660004,83.889999,82.617713,4328500
COF,20140918,83.160004,83.989998,82.970001,82.224621,4199200
COF,20140917,82.480003,83.269997,82.129997,81.448267,4075000
COF,20140916,81.550003,82.489998,81.25,80.760362,2891500
COF,20140915,81.120003,81.779999,80.919998,80.092109,3621100
COF,20140912,81.120003,81.220001,80.660004,79.541785,2949600
COF,20140911,81.040001,81.339996,80.93,79.826776,2129800
COF,20140910,81.610001,82.230003,81.199997,79.826776,3078700
COF,20140909,81.989998,82.059998,81.480003,80.11176,1945700
COF,20140908,82.419998,82.779999,81.849998,80.662091,1906600
COF,20140905,82.50,82.849998,82.139999,81.261554,1620600
COF,20140904,82.68,83.099998,82.18,81.074834,1892600
COF,20140903,82.809998,82.93,82.440002,81.104315,2207400
COF,20140902,82.339996,82.690002,81.870003,81.153454,2808900
COF,20140829,82.050003,82.419998,81.790001,80.642433,1897900
COF,20140828,81.50,81.790001,81.209999,80.180551,1200600
COF,20140827,81.989998,82.019997,81.690002,80.544162,1556800
COF,20140826,82.129997,82.25,81.739998,80.386929,1458000
COF,20140825,81.870003,82.660004,81.82,80.642433,2188200
COF,20140822,81.650002,82.00,81.199997,79.895567,1458800
COF,20140821,81.209999,81.82,80.970001,80.278829,2863900
COF,20140820,80.449997,81.019997,80.260002,79.522126,2159600
COF,20140819,80.629997,80.68,80.419998,79.089732,1687500
COF,20140818,79.870003,80.419998,79.769997,79.030764,3003500
COF,20140815,80.169998,80.239998,78.739998,77.930116,2364900
COF,20140814,79.910004,80.150002,79.629997,78.41165,1611100
COF,20140813,79.639999,79.959999,79.389999,78.500091,2594000
COF,20140812,78.389999,79.419998,78.389999,77.969419,2927200
COF,20140811,79.029999,79.339996,78.589996,77.350305,1745100
COF,20140808,78.120003,78.900002,77.699997,77.517366,2279600
COF,20140807,78.849998,78.919998,77.879997,76.69188,2346400
COF,20140806,78.379997,79.080002,78.25,77.104627,2820900
COF,20140805,79.709999,79.919998,78.650002,77.133995,3695200
COF,20140804,79.800003,80.220001,79.400002,78.53394,5056900
COF,20140801,79.040001,80.019997,78.870003,77.81928,4016700
COF,20140731,81.110001,81.18,79.540001,77.868232,3243200
COF,20140730,81.480003,81.800003,81.019997,79.845772,2806300
COF,20140729,81.529999,81.910004,81.18,79.483554,2139100
COF,20140728,83.110001,83.519997,81.160004,79.816404,2386600
COF,20140725,82.110001,82.519997,81.57,79.933884,2929600
COF,20140724,82.540001,82.610001,82.169998,80.668121,3620000
COF,20140723,82.330002,82.389999,81.949997,80.266735,2851400
COF,20140722,81.910004,82.389999,81.889999,80.394007,3966300
COF,20140721,82.32,82.419998,81.779999,80.198206,3595400
COF,20140718,83.68,83.900002,82.059998,80.560432,6368300
COF,20140717,84.07,84.279999,82.410004,80.756226,4083900
COF,20140716,85.050003,85.160004,84.059998,82.606501,3356700
COF,20140715,84.389999,85.389999,84.339996,83.115576,3029200
COF,20140714,84.639999,84.900002,83.889999,82.244283,2608500
COF,20140711,83.769997,84.080002,83.32,82.19533,1934500
COF,20140710,83.040001,84.080002,82.989998,81.931009,2401700
COF,20140709,84.150002,84.949997,83.68,82.616293,2773000
COF,20140708,83.290001,83.610001,82.889999,81.480678,2640700
COF,20140707,84.309998,84.599998,83.290001,81.813528,2501800
COF,20140703,84.199997,84.980003,83.910004,83.164521,2811500
COF,20140702,83.290001,83.68,83.150002,81.842896,2830400
COF,20140701,83.120003,83.529999,82.879997,81.275085,3252600
COF,20140630,83.00,83.080002,82.480003,80.863914,2349100
COF,20140627,81.059998,83.190002,81.059998,81.265301,2723100
COF,20140626,82.25,82.519997,81.540001,80.756226,1977300
COF,20140625,82.139999,82.589996,81.940002,80.599592,2554600
COF,20140624,83.349998,83.720001,82.419998,80.717065,3538400
COF,20140623,83.18,83.57,82.75,81.735208,3117500
COF,20140620,82.400002,83.889999,82.379997,81.676471,6220000
COF,20140619,81.970001,82.220001,81.339996,80.276527,3867100
COF,20140618,80.82,81.739998,80.199997,79.933884,5820200
COF,20140617,80.82,81.550003,80.769997,79.199648,5594400
COF,20140616,80.379997,81.400002,80.150002,79.336705,3273000
COF,20140613,80.910004,81.040001,80.129997,78.778685,3259900
COF,20140612,80.610001,81.260002,80.610001,79.229016,2920700
COF,20140611,81.57,81.57,80.300003,79.131119,3373700
COF,20140610,81.809998,81.959999,81.480003,79.992621,2537600
COF,20140609,81.00,82.32,80.959999,80.266735,3341000
COF,20140606,79.910004,80.970001,79.779999,79.101751,2650900
COF,20140605,78.900002,79.970001,78.809998,78.142345,2088300
COF,20140604,78.690002,79.279999,78.599998,77.515798,2094400
COF,20140603,78.470001,79.07,78.110001,77.124203,2410700
COF,20140602,78.919998,79.029999,78.199997,76.977354,2454500
COF,20140530,78.650002,79.239998,78.610001,77.231892,2424900
COF,20140529,78.589996,78.900002,78.169998,77.065467,2464100
COF,20140528,77.980003,78.879997,77.93,76.899042,2939400
COF,20140527,77.190002,78.199997,77.160004,76.115853,2028500
COF,20140523,76.43,77.279999,76.43,75.567625,1702000
COF,20140522,76.50,77.080002,76.50,75.038974,1936300
COF,20140521,75.800003,76.790001,75.699997,75.058551,1830300
COF,20140520,76.089996,76.25,75.330002,73.893567,1928600
COF,20140519,75.699997,76.160004,75.599998,74.500531,2264100
COF,20140516,76.209999,76.279999,75.169998,74.177465,3325100
COF,20140515,75.989998,76.43,75.349998,74.813805,3354500
COF,20140514,77.279999,77.540001,76.059998,74.56906,2620700
COF,20140513,77.760002,77.970001,77.18,75.880899,2476800
COF,20140512,76.879997,77.779999,76.879997,76.096277,2566500
COF,20140509,76.209999,76.650002,76.019997,74.823597,2750600
COF,20140508,76.010002,76.900002,75.870003,74.56906,3275200
COF,20140507,75.169998,76.489998,75.169998,74.520113,2835900
COF,20140506,75.330002,75.82,74.760002,73.115918,3497800
COF,20140505,75.800003,75.860001,75.199997,73.925278,3188900
COF,20140502,74.760002,75.980003,74.449997,73.935031,5635000
COF,20140501,73.900002,74.540001,73.389999,72.677101,4774400
COF,20140430,73.519997,74.019997,73.230003,72.062766,4251700
COF,20140429,73.440002,73.660004,73.209999,71.682463,4016100
COF,20140428,73.809998,74.080002,72.629997,71.13638,6126400
COF,20140425,74.540001,74.739998,73.199997,71.516684,3946900
COF,20140424,75.309998,75.410004,74.550003,72.88188,2729400
COF,20140423,75.059998,75.419998,74.779999,73.057405,3376400
COF,20140422,75.07,75.739998,74.839996,73.242684,4021800
COF,20140421,75.459999,75.940002,74.93,73.184178,4336400
COF,20140417,75.589996,75.889999,74.720001,73.028152,4794000
COF,20140416,75.269997,75.550003,74.629997,73.291443,3643600
COF,20140415,74.389999,75.330002,73.559998,72.667348,3107700
COF,20140414,74.870003,74.940002,73.209999,72.218785,2979800
COF,20140411,73.400002,74.830002,73.059998,72.199285,2741300
COF,20140410,76.400002,76.510002,74.07,72.228538,4814300
COF,20140409,75.839996,76.440002,75.220001,74.4421,3582300
COF,20140408,75.489998,76.099998,74.989998,73.798512,3051300
COF,20140407,76.519997,76.540001,75.040001,73.671747,3864000
COF,20140404,77.760002,77.910004,76.540001,74.793151,3008700
COF,20140403,77.279999,77.68,77.00,75.544012,2392200
COF,20140402,76.860001,77.370003,76.550003,75.231968,2521100
COF,20140401,77.330002,77.449997,76.559998,74.871164,2171700
COF,20140331,76.699997,77.550003,76.589996,75.241721,2549700
COF,20140328,76.019997,76.610001,75.660004,74.198316,2024000
COF,20140327,75.580002,76.400002,75.07,73.993537,3924500
COF,20140326,75.639999,76.089996,74.919998,73.096411,2836400
COF,20140325,75.510002,75.970001,75.099998,73.447462,2884100
COF,20140324,75.510002,75.860001,74.879997,73.330443,2245600
COF,20140321,75.139999,76.93,74.690002,73.525475,6870100
COF,20140320,72.879997,74.349998,72.830002,72.433316,2724800
COF,20140319,73.639999,74.25,72.830002,71.292406,2864800
COF,20140318,73.970001,74.029999,73.339996,71.721469,1796900
COF,20140317,73.910004,73.949997,72.839996,71.994507,1911100
COF,20140314,72.529999,73.309998,72.059998,70.39528,2321200
COF,20140313,74.639999,74.769997,72.540001,70.921856,2876700
COF,20140312,73.870003,74.360001,73.739998,72.345558,1936400
COF,20140311,75.519997,75.519997,74.160004,72.511329,2075200
COF,20140310,74.760002,75.290001,74.480003,73.28169,1939100
COF,20140307,75.330002,75.860001,74.730003,73.145171,2487000
COF,20140306,74.510002,75.230003,74.260002,73.164671,2879600
COF,20140305,73.650002,74.599998,73.309998,72.511329,2438900
COF,20140304,73.080002,73.790001,72.639999,71.838481,2573000
COF,20140303,72.690002,72.809998,71.970001,70.444032,2040100
COF,20140228,72.830002,74.07,72.82,71.60445,2753900
COF,20140227,71.360001,72.730003,71.220001,70.81459,2609400
COF,20140226,71.18,71.620003,70.790001,69.55666,2298700
COF,20140225,71.809998,71.860001,70.720001,69.273869,3350700
COF,20140224,70.970001,72.099998,70.970001,69.946717,2823400
COF,20140221,70.839996,71.540001,70.580002,69.205609,2969900
COF,20140220,70.889999,70.989998,70.209999,69.078836,2789400
COF,20140219,72.139999,72.589996,70.900002,69.186102,2275300
COF,20140218,72.68,73.099998,72.230003,70.619558,1850100
COF,20140214,72.199997,72.540001,72.080002,70.600058,1587100
COF,20140213,70.809998,72.419998,70.809998,70.570805,2839800
COF,20140212,71.400002,72.099998,71.279999,69.878457,2378700
COF,20140211,71.32,71.879997,71.040001,69.4884,3026200
COF,20140210,71.400002,71.970001,70.910004,69.595666,2091900
COF,20140207,70.120003,71.419998,70.120003,69.624919,3471600
COF,20140206,68.660004,69.980003,68.559998,68.18171,2295900
COF,20140205,68.610001,68.839996,67.860001,66.6605,2667900
COF,20140204,69.120003,69.660004,68.360001,66.71875,3110800
COF,20140203,70.519997,70.610001,68.589996,66.864383,3856900
COF,20140131,69.940002,70.989998,69.720001,68.553709,3228800
COF,20140130,70.610001,71.309998,70.290001,68.893515,2205800
COF,20140129,70.080002,70.919998,69.779999,67.835261,2906200
COF,20140128,69.970001,71.110001,69.93,68.80614,2293300
COF,20140127,70.550003,70.75,69.720001,67.912926,3277800
COF,20140124,71.239998,71.779999,70.57,68.514873,3768800
COF,20140123,72.360001,72.360001,71.059998,69.456626,4323900
COF,20140122,72.690002,72.970001,72.459999,70.534302,4125300
COF,20140121,72.800003,73.139999,72.410004,70.495466,6158300
COF,20140117,73.879997,73.910004,72.290001,70.281871,10411300
COF,20140116,77.099998,77.230003,76.309998,74.213931,3130300
COF,20140115,77.25,77.519997,76.809998,74.786745,3054300
COF,20140114,77.279999,77.720001,76.82,75.107137,2530900
COF,20140113,77.620003,77.910004,76.139999,74.14597,2639600
COF,20140110,77.980003,78.239998,77.400002,75.747913,2324500
COF,20140109,78.059998,78.339996,77.739998,75.582865,3648000
COF,20140108,77.220001,77.919998,77.18,75.582865,3035100
COF,20140107,78.309998,78.489998,77.129997,75.029465,5041100
COF,20140106,77.550003,78.07,76.57,74.359557,3489200
COF,20140103,77.239998,77.599998,76.910004,75.087715,1940000
COF,20140102,76.610001,77.730003,76.599998,75.00034,3070300
COF,20131231,76.00,76.709999,75.849998,74.378978,1935400
COF,20131230,75.970001,76.160004,75.540001,73.611984,1429300
COF,20131227,75.870003,75.959999,75.510002,73.573148,693500
COF,20131226,75.620003,76.00,75.400002,73.670234,1615100
COF,20131224,75.07,75.470001,74.970001,73.184795,666700
COF,20131223,74.949997,75.330002,74.50,72.825575,1908700
COF,20131220,73.940002,74.809998,73.610001,72.55373,4705200
COF,20131219,73.360001,73.779999,72.769997,71.495469,2984300
COF,20131218,71.879997,73.510002,71.220001,71.311,3311900
COF,20131217,72.720001,72.949997,71.470001,69.699346,2010800
COF,20131216,71.760002,72.510002,71.550003,70.077988,2232700
COF,20131213,71.690002,71.809998,71.089996,69.388665,1837800
COF,20131212,71.690002,71.889999,71.019997,69.398376,2558500
COF,20131211,73.00,73.220001,71.690002,69.767307,3254600
COF,20131210,72.709999,73.220001,72.360001,70.699349,1858000
COF,20131209,73.019997,73.330002,72.800003,70.874107,2612400
COF,20131206,72.769997,73.190002,72.330002,70.485755,4134500
COF,20131205,72.25,72.419998,71.599998,69.844979,3508500
COF,20131204,71.279999,72.639999,71.150002,70.243035,3459500
COF,20131203,71.919998,72.150002,71.349998,69.544002,4238700
COF,20131202,72.650002,73.00,71.860001,70.000316,3869000
COF,20131129,71.690002,72.18,71.32,69.544002,1699700
COF,20131127,71.089996,71.599998,70.839996,69.427501,1967300
COF,20131126,70.540001,71.120003,70.389999,68.747882,2322700
COF,20131125,69.730003,70.779999,69.599998,68.359536,2474500
COF,20131122,69.959999,69.959999,69.040001,67.582831,3018400
COF,20131121,69.25,69.849998,69.059998,67.602245,2755000
COF,20131120,69.889999,69.910004,68.739998,66.796422,2884700
COF,20131119,69.419998,69.589996,69.019997,67.233314,2335700
COF,20131118,70.440002,70.580002,69.32,67.398362,3286800
COF,20131115,70.400002,70.93,70.239998,68.3207,2738800
COF,20131114,70.129997,70.879997,70.110001,68.631381,2641000
COF,20131113,69.279999,70.07,68.800003,68.019723,3378900
COF,20131112,69.660004,69.879997,69.32,67.485745,2515300
COF,20131111,69.629997,69.949997,69.459999,67.650792,2086100
COF,20131108,68.900002,70.00,68.849998,67.563409,3932300
COF,20131107,69.589996,69.900002,68.82,66.844961,2946500
COF,20131106,70.480003,70.480003,68.919998,67.27215,3264700
COF,20131105,69.50,70.150002,69.120003,67.631371,2748500
COF,20131104,69.519997,69.690002,69.160004,67.293022,2578600
COF,20131101,68.790001,69.449997,68.629997,67.080343,2470600
COF,20131031,69.580002,69.669998,68.669998,66.384308,4563300
COF,20131030,70.82,71.00,69.68,67.4767,3201700
COF,20131029,70.870003,71.379997,70.839996,68.569085,2659100
COF,20131028,70.370003,71.129997,70.019997,68.414407,2322300
COF,20131025,70.589996,70.82,70.07,68.037389,3311200
COF,20131024,70.82,70.849998,70.120003,68.298406,3095400
COF,20131023,70.860001,70.860001,70.150002,68.192067,3294000
COF,20131022,71.449997,71.620003,70.519997,68.636755,4767400
COF,20131021,71.800003,71.949997,71.160004,68.897765,3603300
COF,20131018,72.800003,72.989998,70.949997,69.216782,6241700
COF,20131017,72.099998,72.540001,71.629997,69.748479,4603700
COF,20131016,71.889999,72.650002,71.830002,69.845149,3925300
COF,20131015,71.93,72.169998,71.290001,69.207113,4403000
COF,20131014,71.620003,72.349998,71.080002,69.70014,3674400
COF,20131011,70.75,71.940002,70.620003,69.516469,2294900
COF,20131010,69.099998,70.910004,69.080002,68.404745,3158600
COF,20131009,67.900002,68.379997,67.360001,65.83328,2626300
COF,20131008,68.879997,69.139999,67.599998,65.572271,3565700
COF,20131007,69.629997,69.650002,68.82,66.587317,2587000
COF,20131004,68.879997,70.489998,68.730003,67.979389,3046400
COF,20131003,69.160004,69.699997,68.379997,66.490647,2289200
COF,20131002,69.440002,69.550003,68.879997,67.235021,2480500
COF,20131001,69.040001,70.00,68.949997,67.467031,2768700
COF,20130930,68.480003,69.050003,68.07,66.451977,2940500
COF,20130927,68.739998,69.110001,68.599998,66.625986,2162800
COF,20130926,69.07,69.839996,68.879997,66.819334,1821800
COF,20130925,68.720001,69.699997,68.370003,66.887003,3168000
COF,20130924,68.339996,69.379997,67.849998,66.210299,3254500
COF,20130923,68.75,68.839996,67.970001,66.171629,2590800
COF,20130920,69.089996,69.559998,68.949997,66.799995,3306600
COF,20130919,69.550003,69.760002,68.849998,66.741995,1911700
COF,20130918,68.959999,69.650002,68.690002,66.974004,2644900
COF,20130917,67.910004,69.239998,67.839996,66.819334,3308800
COF,20130916,68.190002,68.699997,67.470001,65.398262,3057500
COF,20130913,67.959999,68.18,67.32,65.243584,1950400
COF,20130912,67.57,68.190002,67.550003,65.688272,2912000
COF,20130911,67.889999,68.099998,67.330002,65.369261,2218400
COF,20130910,67.00,68.019997,66.809998,65.591602,2572900
COF,20130909,65.489998,66.480003,65.339996,64.247869,1883500
COF,20130906,65.639999,65.730003,64.339996,63.203815,1699700
COF,20130905,65.00,65.980003,64.919998,63.397162,1815000
COF,20130904,64.339996,65.199997,64.209999,62.865466,1782400
COF,20130903,65.309998,65.599998,63.990002,62.256438,1834000
COF,20130830,64.459999,64.699997,64.239998,62.401447,2026100
COF,20130829,63.91,64.839996,63.689999,62.2371,1685500
COF,20130828,64.349998,64.57,63.650002,61.90842,3039300
COF,20130827,65.389999,65.629997,64.150002,62.16943,2850300
COF,20130826,66.580002,66.809998,66.00,63.803181,1352500
COF,20130823,67.059998,67.059998,66.099998,64.450878,1145800
COF,20130822,66.580002,67.029999,66.190002,64.460547,1462700
COF,20130821,66.379997,66.82,65.849998,63.957859,1853200
COF,20130820,65.959999,67.040001,65.669998,64.373539,1981500
COF,20130819,66.870003,67.220001,65.889999,63.71618,2155300
COF,20130816,66.889999,67.690002,66.839996,64.924573,2403800
COF,20130815,68.080002,68.25,66.82,64.779565,2639900
COF,20130814,68.449997,68.760002,68.339996,66.084628,1487900
COF,20130813,68.379997,68.879997,67.910004,66.277968,1386300
COF,20130812,68.00,68.50,67.739998,66.142629,1890200
COF,20130809,68.410004,68.830002,68.169998,65.958958,2402000
COF,20130808,68.480003,68.809998,68.169998,66.142629,2734200
COF,20130807,69.029999,69.029999,67.870003,65.668941,3996100
COF,20130806,69.440002,69.529999,68.839996,66.983673,2698100
COF,20130805,69.370003,69.639999,69.129997,67.186683,1998300
COF,20130802,69.459999,69.720001,69.349998,67.273683,2535200
COF,20130801,69.480003,69.790001,68.879997,67.380023,3170400
COF,20130731,69.129997,69.519997,68.50,66.432642,5287900
COF,20130730,68.970001,69.220001,68.260002,66.57702,3325100
COF,20130729,68.419998,68.540001,68.18,65.88401,1942100
COF,20130726,68.50,68.779999,67.860001,66.182394,2549300
COF,20130725,68.059998,68.760002,67.25,66.143892,3715200
COF,20130724,69.139999,69.489998,68.669998,66.143892,2191000
COF,20130723,69.239998,69.379997,68.739998,66.423022,2417700
COF,20130722,69.269997,69.400002,68.800003,66.596275,3198300
COF,20130719,69.059998,70.00,68.220001,66.548146,5275800
COF,20130718,66.900002,67.519997,66.419998,64.536498,3839800
COF,20130717,66.769997,67.059998,65.970001,64.392119,3077500
COF,20130716,66.760002,67.080002,65.940002,64.180365,1973900
COF,20130715,67.629997,67.699997,66.169998,64.343991,2027500
COF,20130712,65.989998,66.959999,65.82,64.305489,2192500
COF,20130711,65.709999,65.93,65.099998,63.342976,2801100
COF,20130710,65.529999,65.529999,64.599998,62.47672,3139700
COF,20130709,65.93,66.139999,65.379997,63.073474,2890200
COF,20130708,66.07,66.330002,65.279999,63.083101,3291200
COF,20130705,64.529999,65.660004,64.290001,63.198605,2449100
COF,20130703,63.82,64.139999,63.330002,61.523827,1510700
COF,20130702,63.639999,64.720001,63.59,61.831831,4959500
COF,20130701,63.169998,63.990002,63.09,61.2062,2924300
COF,20130628,62.41,63.119999,61.77,60.455441,3694400
COF,20130627,62.00,63.00,61.84,60.339937,2650400
COF,20130626,61.599998,61.880001,61.150002,59.261923,2749400
COF,20130625,60.509998,61.419998,60.419998,58.819168,2926000
COF,20130624,60.93,61.00,59.810001,57.721904,3147200
COF,20130621,62.09,62.16,60.709999,59.059796,4593700
COF,20130620,61.720001,62.50,61.389999,59.310048,5222200
COF,20130619,62.25,62.389999,61.619999,59.492928,3641500
COF,20130618,61.93,62.279999,61.790001,59.772054,3661900
COF,20130617,61.419998,62.040001,60.869999,59.675804,3936700
COF,20130614,62.200001,62.220001,60.580002,58.722915,3501800
COF,20130613,61.43,62.490002,61.16,60.012682,2414700
COF,20130612,61.860001,62.110001,61.119999,59.079047,2058200
COF,20130611,61.900002,62.169998,61.27,59.156046,2624200
COF,20130610,62.34,62.939999,62.18,60.195562,2270900
COF,20130607,61.310001,62.389999,61.25,59.993435,3684100
COF,20130606,60.130001,60.790001,59.669998,58.491914,2939900
COF,20130605,61.07,61.360001,59.889999,57.933654,3487200
COF,20130604,61.880001,62.259998,61.110001,58.963543,2851700
COF,20130603,61.18,62.00,60.810001,59.589178,3295800
COF,20130531,62.07,62.119999,60.93,58.645916,5334500
COF,20130530,61.73,62.98,61.540001,60.089685,5352900
COF,20130529,61.32,62.02,61.07,59.290797,3918300
COF,20130528,62.00,62.540001,61.740002,59.492928,5252100
COF,20130524,60.810001,61.220001,60.50,58.838419,3903000
COF,20130523,60.98,61.66,60.50,58.944296,3538700
COF,20130522,62.130001,63.630001,61.23,59.233049,5850000
COF,20130521,61.860001,62.41,61.59,59.781681,3339300
COF,20130520,60.720001,62.060001,60.720001,59.492928,3618500
COF,20130517,59.509998,60.950001,59.380001,58.549666,4108000
COF,20130516,59.919998,60.00,58.970001,56.932644,3575800
COF,20130515,59.59,60.279999,59.330002,57.856655,3206900
COF,20130514,58.959999,59.799999,58.889999,57.365772,3259900
COF,20130513,59.380001,59.52,58.50,56.605389,2380700
COF,20130510,59.290001,59.509998,58.84,57.279145,2723300
COF,20130509,59.689999,59.689999,58.84,56.932644,2567000
COF,20130508,58.84,59.849998,58.470001,57.308024,3885300
COF,20130507,59.099998,59.400002,58.889999,56.580183,3236200
COF,20130506,58.470001,59.27,58.259998,56.551449,3410600
COF,20130503,58.700001,59.639999,58.400002,56.043876,4101300
COF,20130502,57.330002,58.32,57.049999,55.718262,3555700
COF,20130501,57.779999,57.849998,57.16,54.92338,2752100
COF,20130430,57.490002,57.93,57.330002,55.335186,3219100
COF,20130429,57.299999,57.57,57.200001,55.07661,4659300
COF,20130426,57.169998,57.389999,56.669998,54.731845,3426000
COF,20130425,57.049999,57.549999,56.779999,54.61692,4302900
COF,20130424,56.25,57.110001,56.189999,54.645653,5587100
COF,20130423,56.029999,56.580002,55.490002,53.956117,5034500
COF,20130422,56.290001,56.34,55.130001,53.017584,4598000
COF,20130419,54.970001,56.490002,54.400002,53.793308,13367200
COF,20130418,52.849998,53.27,52.34,50.556327,5486700
COF,20130417,52.830002,53.119999,52.450001,50.527594,5379800
COF,20130416,53.549999,53.709999,52.75,51.073479,4768800
COF,20130415,54.360001,54.389999,53.060001,50.853208,5634700
COF,20130412,54.59,54.799999,53.91,52.347202,4026000
COF,20130411,55.77,55.82,54.790001,52.500432,4461400
COF,20130410,55.959999,56.50,55.740002,53.400657,3652000
COF,20130409,55.50,56.16,55.400002,53.448544,4490700
COF,20130408,54.529999,55.470001,54.32,53.065467,2752500
COF,20130405,54.360001,54.84,53.82,52.395085,3679700
COF,20130404,54.150002,55.130001,54.080002,52.739853,4848600
COF,20130403,54.630001,54.709999,53.939999,51.868358,4133600
COF,20130402,53.849998,54.68,53.849998,52.318472,4061500
COF,20130401,55.060001,55.060001,53.439999,51.408668,3320900
COF,20130328,54.75,55.00,54.650002,52.624932,2644600
COF,20130327,54.650002,55.209999,54.57,52.500432,2530900
COF,20130326,54.900002,55.52,54.849998,52.730278,4867400
COF,20130325,54.400002,54.709999,53.900002,52.280164,4540100
COF,20130322,53.689999,54.16,53.580002,51.810895,2431800
COF,20130321,53.48,54.07,53.48,51.437398,3292700
COF,20130320,53.970001,54.099998,53.540001,51.628936,4943900
COF,20130319,54.939999,54.939999,53.169998,51.37036,6083000
COF,20130318,54.529999,54.98,54.25,52.347202,3219200
COF,20130315,54.66,55.259998,54.369999,52.854775,8652100
COF,20130314,54.82,55.040001,54.220001,52.203547,3733800
COF,20130313,54.619999,55.119999,54.529999,52.318472,3115700
COF,20130312,55.00,55.23,54.439999,52.289739,5322000
COF,20130311,54.259998,55.02,53.84,52.653661,3983100
COF,20130308,54.799999,54.84,53.59,51.906666,4184600
COF,20130307,54.360001,54.709999,54.029999,52.117355,4861300
COF,20130306,54.290001,54.599998,53.950001,52.012013,6279400
COF,20130305,53.610001,54.849998,53.43,51.667244,10804300
COF,20130304,51.740002,53.23,51.73,50.872362,9440900
COF,20130301,50.209999,51.950001,50.209999,49.675253,11378200
COF,20130228,51.400002,51.630001,50.740002,48.870795,6471200
COF,20130227,51.34,51.73,50.919998,49.407101,6580800
COF,20130226,51.279999,51.610001,50.689999,49.29218,6155400
COF,20130225,52.450001,52.57,50.799999,48.650527,6376800
COF,20130222,52.610001,52.66,51.919998,50.067904,5695700
COF,20130221,52.139999,52.419998,51.830002,50.000866,6306300
COF,20130220,52.25,52.990002,51.900002,50.058329,12105900
COF,20130219,53.990002,54.00,52.950001,50.872362,9927100
COF,20130215,56.09,56.09,53.68,51.743858,9782600
COF,20130214,54.959999,55.619999,54.740002,53.237851,6629400
COF,20130213,55.799999,56.099998,55.049999,52.739853,7385400
COF,20130212,56.419998,56.529999,55.330002,53.419811,8458900
COF,20130211,57.02,57.080002,56.330002,54.157231,3865900
COF,20130208,57.380001,57.560001,56.889999,54.846767,3733100
COF,20130207,57.75,57.84,56.790001,54.77015,5030000
COF,20130206,56.790001,57.91,56.709999,54.99042,4668200
COF,20130205,56.740002,57.369999,56.470001,54.66509,4832800
COF,20130204,56.110001,56.68,56.009998,53.957016,4016800
COF,20130201,56.779999,57.049999,56.32,54.06227,6329900
COF,20130131,56.41,56.75,56.18,53.890036,4628900
COF,20130130,55.459999,56.720001,55.450001,54.119683,5605300
COF,20130129,55.669998,56.009998,55.130001,53.220238,6769000
COF,20130128,56.580002,56.59,55.900002,53.583843,5616300
COF,20130125,56.98,57.330002,56.02,53.890036,6656200
COF,20130124,56.240002,56.93,56.200001,54.406739,5489000
COF,20130123,56.32,56.759998,56.080002,53.81349,4814900
COF,20130122,56.860001,56.900002,56.080002,53.73694,8788900
COF,20130118,56.59,57.50,56.209999,54.531131,27136300
COF,20130117,61.880001,62.139999,61.240002,58.932659,6044700
COF,20130116,61.41,61.779999,61.060001,59.085756,4057700
COF,20130115,61.09,61.849998,61.09,59.037914,2781200
COF,20130114,62.779999,62.900002,60.880001,58.636033,4904700
COF,20130111,62.490002,62.790001,61.84,59.315402,3377400
COF,20130110,62.73,62.869999,62.130001,60.157432,4569400
COF,20130109,62.369999,62.669998,62.18,59.621595,2894900
COF,20130108,62.490002,62.610001,61.580002,59.478066,3826700
COF,20130107,61.799999,62.919998,61.599998,60.167002,6413400
COF,20130104,60.779999,61.959999,60.630001,59.286694,4273700
COF,20130103,60.889999,61.32,60.360001,57.93753,5730000
COF,20130102,59.529999,61.25,59.299999,58.588191,6661100
