DO,20151030,19.65,20.07,19.120001,19.879999,3929100
DO,20151029,20.17,20.57,19.48,19.52,2204800
DO,20151028,19.49,20.059999,19.059999,19.91,2886600
DO,20151027,19.370001,19.65,18.90,19.32,2506000
DO,20151026,20.540001,20.66,19.530001,19.66,1756500
DO,20151023,20.389999,20.790001,20.049999,20.51,2057500
DO,20151022,20.59,21.299999,20.41,20.459999,2427700
DO,20151021,20.32,20.65,20.110001,20.389999,2159500
DO,20151020,19.719999,20.700001,19.719999,20.540001,2271000
DO,20151019,19.91,20.440001,19.559999,20.040001,2237500
DO,20151016,19.950001,20.57,19.48,20.32,3779300
DO,20151015,19.41,19.98,19.129999,19.870001,2479600
DO,20151014,19.440001,19.870001,19.209999,19.559999,1852300
DO,20151013,19.60,20.08,19.299999,19.389999,1966800
DO,20151012,20.299999,20.360001,19.540001,19.77,1705600
DO,20151009,20.33,20.719999,20.030001,20.32,2872000
DO,20151008,19.799999,20.33,19.60,20.17,1962100
DO,20151007,19.870001,20.450001,19.15,19.950001,3758900
DO,20151006,18.75,19.84,18.50,19.41,4628900
DO,20151005,18.40,19.27,18.139999,18.620001,5183800
DO,20151002,16.559999,18.27,16.51,18.190001,5045900
DO,20151001,17.700001,17.950001,16.57,16.809999,3187500
DO,20150930,17.879999,18.15,16.969999,17.299999,4428700
DO,20150929,18.02,18.309999,17.299999,17.799999,3027800
DO,20150928,18.219999,18.51,17.219999,17.389999,3508500
DO,20150925,19.450001,19.52,18.16,18.34,4738800
DO,20150924,19.52,20.139999,19.26,19.35,4200100
DO,20150923,20.02,20.450001,19.549999,19.700001,2475700
DO,20150922,19.77,20.51,19.60,20.01,2396200
DO,20150921,20.33,20.50,19.389999,20.10,2978000
DO,20150918,21.799999,21.879999,20.07,20.18,5157500
DO,20150917,22.950001,23.15,22.110001,22.280001,3045300
DO,20150916,22.549999,23.549999,22.50,22.98,4817100
DO,20150915,22.10,22.60,21.84,22.32,2234500
DO,20150914,21.91,22.280001,21.719999,22.09,2171600
DO,20150911,22.120001,22.309999,21.379999,21.99,2319600
DO,20150910,22.09,22.950001,21.99,22.48,2061500
DO,20150909,22.549999,23.459999,22.00,22.23,2847200
DO,20150908,21.950001,22.469999,21.77,22.450001,1677400
DO,20150904,22.40,22.49,21.639999,21.99,1990400
DO,20150903,22.43,23.23,22.23,22.90,2693900
DO,20150902,23.00,23.040001,21.43,22.219999,3033200
DO,20150901,23.42,23.73,22.49,22.709999,4010500
DO,20150831,23.83,24.459999,22.83,23.709999,7631900
DO,20150828,22.809999,24.82,22.73,24.290001,3903600
DO,20150827,22.23,23.059999,22.030001,23.030001,3348600
DO,20150826,22.23,22.370001,21.52,21.719999,4231500
DO,20150825,21.950001,22.389999,21.299999,21.50,3953300
DO,20150824,20.200001,21.92,20.00,21.09,3942000
DO,20150821,21.77,22.73,21.559999,21.57,3806700
DO,20150820,22.299999,22.60,21.700001,21.809999,3605200
DO,20150819,22.43,22.870001,22.040001,22.309999,3724700
DO,20150818,22.389999,22.799999,22.00,22.610001,2413200
DO,20150817,22.02,22.57,21.60,22.35,2985400
DO,20150814,23.049999,23.469999,21.950001,22.10,2563800
DO,20150813,23.40,23.67,22.719999,23.15,2134700
DO,20150812,23.34,24.309999,23.33,24.00,2571600
DO,20150811,23.059999,23.799999,22.92,23.354999,2687800
DO,20150810,22.059999,24.17,21.98,23.772763,3466300
DO,20150807,22.07,22.719999,21.889999,21.882878,2532900
DO,20150806,21.040001,22.57,20.530001,22.201175,3257900
DO,20150805,21.709999,21.85,20.51,20.838469,3496000
DO,20150804,21.50,21.73,21.00,21.057297,2891500
DO,20150803,21.690001,22.360001,20.940001,21.10703,3519400
DO,20150731,22.290001,22.65,21.91,21.833145,3206300
DO,20150730,23.00,23.33,21.950001,22.191228,2083500
DO,20150729,22.110001,23.209999,21.91,22.927288,2213100
DO,20150728,21.82,22.66,21.41,22.141494,2438900
DO,20150727,21.01,21.809999,20.60,21.375593,2575300
DO,20150724,22.219999,22.290001,21.139999,21.296019,2500800
DO,20150723,22.07,22.49,21.66,22.211122,2120300
DO,20150722,22.57,22.799999,21.860001,21.853037,2909700
DO,20150721,22.85,23.48,22.690001,22.718407,1595900
DO,20150720,23.110001,23.24,22.34,22.668674,2391500
DO,20150717,24.219999,24.23,23.129999,23.026756,2481000
DO,20150716,24.15,24.66,24.08,24.260154,2067500
DO,20150715,24.879999,25.299999,23.969999,23.862284,1830300
DO,20150714,24.76,26.299999,24.74,25.115576,2495800
DO,20150713,24.379999,25.18,24.32,24.827119,1570600
DO,20150710,24.90,25.24,24.17,24.190527,2064000
DO,20150709,25.23,25.74,25.07,24.996214,2663200
DO,20150708,24.92,25.07,24.32,24.568505,2942600
DO,20150707,24.690001,25.370001,23.74,25.065843,2588000
DO,20150706,24.85,25.200001,24.51,24.707759,2683800
DO,20150702,25.459999,25.959999,25.360001,25.314512,1545000
DO,20150701,25.73,25.940001,24.93,25.205097,2322800
DO,20150630,25.950001,26.34,25.42,25.672595,2479700
DO,20150629,26.32,26.84,25.780001,25.682542,1759600
DO,20150626,26.17,26.940001,25.65,26.746845,1881300
DO,20150625,26.950001,27.049999,25.969999,26.1202,1663800
DO,20150624,27.190001,27.709999,26.700001,26.836366,1443400
DO,20150623,27.459999,27.969999,27.290001,27.25413,1058600
DO,20150622,27.25,27.77,27.129999,27.293918,1585700
DO,20150619,27.309999,27.559999,26.719999,26.886101,2657000
DO,20150618,28.299999,28.43,26.76,27.293918,2090400
DO,20150617,28.67,28.969999,27.860001,27.950404,1508400
DO,20150616,28.209999,28.51,27.92,28.199073,1103600
DO,20150615,28.10,28.57,27.690001,28.099605,1172200
DO,20150612,29.209999,29.209999,28.23,28.318433,1678800
DO,20150611,30.049999,30.309999,28.76,28.855559,1897700
DO,20150610,30.120001,30.540001,29.98,30.118799,812400
DO,20150609,30.280001,30.58,29.530001,29.402631,982400
DO,20150608,30.15,30.52,29.82,29.710982,725900
DO,20150605,29.540001,30.93,29.450001,30.079011,1006000
DO,20150604,29.879999,30.32,29.34,29.561779,1189900
DO,20150603,31.17,31.83,30.24,30.118799,1638500
DO,20150602,30.41,31.73,30.389999,31.183102,1736700
DO,20150601,30.280001,30.43,29.92,29.92981,1156400
DO,20150529,30.719999,31.120001,30.290001,30.178479,1146100
DO,20150528,30.889999,31.209999,30.129999,30.476881,1088300
DO,20150527,30.98,31.559999,30.66,30.884698,1064000
DO,20150526,31.91,32.549999,31.08,30.984166,1584900
DO,20150522,31.90,32.740002,31.700001,32.356819,1109300
DO,20150521,32.029999,32.919998,31.870001,32.326979,1627300
DO,20150520,32.080002,32.18,31.50,31.590919,1460200
DO,20150519,32.700001,33.009998,31.629999,31.640652,1773200
DO,20150518,33.139999,33.630001,32.360001,33.301762,1603000
DO,20150515,33.330002,33.59,32.630001,32.943678,1381200
DO,20150514,34.389999,34.900002,33.349998,33.291817,1093200
DO,20150513,33.970001,34.700001,33.720001,34.296438,1240500
DO,20150512,33.209999,34.099998,32.740002,33.625033,1613900
DO,20150511,33.66,33.709999,32.77,32.861953,1311800
DO,20150508,32.990002,33.849998,32.25,33.4962,1731200
DO,20150507,34.50,34.57,32.82,32.911503,2046000
DO,20150506,35.880001,35.880001,33.919998,34.497124,2937800
DO,20150505,33.720001,35.950001,33.360001,34.2791,5848500
DO,20150504,33.419998,33.880001,31.76,32.802491,3555300
DO,20150501,33.139999,33.919998,32.75,33.169168,2930000
DO,20150430,32.009998,33.529999,31.23,33.169168,2870800
DO,20150429,29.969999,31.719999,29.90,31.315975,1614900
DO,20150428,29.629999,30.40,29.60,29.720445,803500
DO,20150427,30.02,30.35,29.65,29.522244,884900
DO,20150424,30.16,30.35,29.530001,29.551973,1952900
DO,20150423,30.110001,30.93,30.040001,30.12676,1138300
DO,20150422,30.129999,30.639999,29.799999,29.799726,1574500
DO,20150421,30.809999,31.209999,29.799999,29.819547,1788400
DO,20150420,30.42,31.26,30.309999,30.582627,2150200
DO,20150417,30.99,31.299999,30.16,30.166401,1786000
DO,20150416,31.18,32.049999,30.049999,30.979031,2577500
DO,20150415,31.00,31.969999,30.530001,31.187142,2701500
DO,20150414,29.42,31.18,29.379999,30.552896,2207900
DO,20150413,29.60,29.969999,28.68,28.937547,1278400
DO,20150410,30.52,30.82,29.40,29.343862,1618700
DO,20150409,29.35,30.50,28.76,30.18622,2516900
DO,20150408,29.780001,29.99,28.84,28.967276,2588600
DO,20150407,28.809999,30.10,28.57,29.532153,2024100
DO,20150406,27.65,29.26,27.540001,28.729434,2425200
DO,20150402,26.57,27.559999,26.540001,27.203276,1286300
DO,20150401,27.129999,27.379999,26.780001,26.70777,1364400
DO,20150331,26.530001,27.030001,26.34,26.549209,1407100
DO,20150330,26.780001,27.15,26.030001,26.450107,1633100
DO,20150327,26.50,26.99,26.120001,26.380736,1460600
DO,20150326,27.309999,27.57,26.48,26.499657,1871500
DO,20150325,26.65,27.120001,26.52,26.648308,1536200
DO,20150324,27.73,28.00,26.26,26.251904,2148500
DO,20150323,27.77,28.68,27.68,27.550129,1375300
DO,20150320,27.25,28.129999,27.059999,27.431209,2981900
DO,20150319,27.469999,27.690001,26.76,26.75732,1895700
DO,20150318,26.639999,28.309999,26.49,27.738422,1336700
DO,20150317,27.049999,27.32,26.43,26.569027,1432300
DO,20150316,26.370001,27.43,26.07,27.074444,2131300
DO,20150313,27.049999,27.07,26.02,26.469926,2965300
DO,20150312,27.74,27.91,27.200001,27.292467,1573900
DO,20150311,26.82,28.58,26.360001,27.421298,3617300
DO,20150310,27.76,27.82,26.280001,26.578938,2324400
DO,20150309,29.43,29.629999,27.620001,27.896983,2067200
DO,20150306,30.530001,30.809999,29.48,29.24476,1370600
DO,20150305,30.290001,30.959999,29.91,30.433973,1610900
DO,20150304,30.290001,30.469999,29.67,30.156491,1668000
DO,20150303,30.360001,30.889999,30.27,30.05739,1630600
DO,20150302,30.629999,30.780001,29.17,30.384423,1931700
DO,20150227,29.15,30.57,29.02,30.156491,2267500
DO,20150226,30.08,30.33,28.709999,28.788894,2475400
DO,20150225,30.91,31.309999,29.92,29.928559,2339900
DO,20150224,31.99,32.52,30.35,30.513256,3626600
DO,20150223,33.689999,34.139999,33.369999,33.317818,752700
DO,20150220,34.200001,34.75,33.740002,33.843056,1008100
DO,20150219,33.080002,34.650002,33.049999,34.090809,1310200
DO,20150218,35.849998,36.029999,33.939999,33.753865,2654800
DO,20150217,34.990002,37.560001,34.200001,36.494013,2139800
DO,20150213,35.380001,35.779999,34.860001,34.775484,1520600
DO,20150212,34.360001,35.080002,33.889999,34.419926,1973700
DO,20150211,33.98,34.00,33.080002,33.106341,1343000
DO,20150210,34.240002,34.389999,32.93,33.570542,2452600
DO,20150209,30.98,35.18,30.66,33.975483,4715700
DO,20150206,33.959999,34.50,33.060001,33.185352,2342000
DO,20150205,33.52,33.880001,33.00,33.412517,1203000
DO,20150204,33.00,33.470001,32.43,32.464361,1204600
DO,20150203,33.68,34.119999,32.619999,33.491528,2469800
DO,20150202,32.32,33.02,30.82,32.454486,2067200
DO,20150130,30.620001,31.93,30.450001,31.1409,2308700
DO,20150129,32.82,33.02,30.59,30.350771,1510400
DO,20150128,33.689999,33.959999,32.639999,32.454486,1138500
DO,20150127,32.689999,34.810001,32.669998,33.856961,1831000
DO,20150126,32.220001,32.880001,31.67,32.405104,1286400
DO,20150123,31.790001,32.450001,31.60,31.713742,964100
DO,20150122,32.419998,32.59,31.440001,31.535963,1219900
DO,20150121,32.060001,32.52,31.540001,31.763124,1238500
DO,20150120,31.27,32.450001,30.700001,31.318677,1731700
DO,20150116,30.620001,32.32,30.60,31.259418,2158300
DO,20150115,32.240002,32.799999,30.360001,29.985338,1570600
DO,20150114,32.970001,33.50,30.950001,31.842139,3144000
DO,20150113,32.34,33.52,32.099998,32.671773,1496300
DO,20150112,32.91,33.279999,30.91,31.782878,1829000
DO,20150109,32.939999,33.490002,32.09,32.987823,1248300
DO,20150108,33.299999,33.580002,32.509998,32.543376,1419700
DO,20150107,34.419998,34.540001,32.66,32.869301,1257100
DO,20150106,33.650002,34.650002,33.369999,33.511282,2793000
DO,20150105,36.049999,36.619999,33.950001,33.570542,1648800
DO,20150102,36.41,37.490002,35.869999,36.770557,865000
DO,20141231,37.709999,37.950001,36.369999,36.256973,1395200
DO,20141230,38.50,39.139999,37.02,37.610069,1441000
DO,20141229,38.619999,39.419998,38.040001,38.301428,928600
DO,20141226,39.52,39.52,37.75,37.955749,708800
DO,20141224,38.810001,39.740002,38.02,38.18291,552700
DO,20141223,39.00,40.00,38.66,38.795257,1568000
DO,20141222,38.669998,39.290001,36.599998,38.281674,1331300
DO,20141219,39.400002,39.849998,38.34,38.518714,3503500
DO,20141218,39.380001,39.799999,37.200001,38.311307,2142900
DO,20141217,37.200001,39.389999,37.09,37.629819,3390700
DO,20141216,35.099998,38.130001,35.02,35.931048,2446000
DO,20141215,33.91,35.599998,33.91,34.834745,1791400
DO,20141212,33.369999,34.919998,33.00,32.987823,2255500
DO,20141211,33.450001,35.880001,33.25,33.511282,2434400
DO,20141210,32.290001,33.700001,31.370001,32.414979,2546500
DO,20141209,30.110001,33.27,30.110001,32.355718,3285500
DO,20141208,29.43,30.35,29.34,29.945831,3056200
DO,20141205,30.17,30.799999,29.60,29.540891,2673400
DO,20141204,31.27,31.93,30.08,29.708793,2594200
DO,20141203,30.65,31.639999,30.440001,31.05201,2306000
DO,20141202,29.99,31.309999,29.41,29.975461,3379400
DO,20141201,29.09,30.549999,29.00,30.12361,4555700
DO,20141128,31.110001,31.780001,29.360001,29.007556,2749200
DO,20141126,35.240002,35.240002,32.16,31.822385,4408800
DO,20141125,36.900002,36.939999,35.330002,35.713761,1952600
DO,20141124,36.869999,37.310001,36.169998,36.326109,1097600
DO,20141121,36.939999,37.529999,36.400002,36.691546,1319300
DO,20141120,35.540001,36.549999,35.299999,35.773022,1331800
DO,20141119,35.299999,35.529999,34.619999,34.953263,1513400
DO,20141118,36.209999,36.50,35.259998,34.874252,830300
DO,20141117,35.66,36.57,34.84,35.723636,1190000
DO,20141114,35.540001,36.119999,35.049999,35.368082,1377900
DO,20141113,35.740002,35.919998,34.189999,34.84462,1599800
DO,20141112,36.23,36.759998,35.790001,35.397711,1092300
DO,20141111,37.439999,37.970001,36.189999,36.187837,1374700
DO,20141110,39.209999,39.580002,36.790001,37.007596,2146100
DO,20141107,36.389999,39.310001,36.299999,38.261924,2188100
DO,20141106,35.099998,36.66,34.849998,36.197716,1916700
DO,20141105,33.66,35.889999,33.369999,34.992771,2344400
DO,20141104,34.09,34.169998,33.029999,33.086588,2722200
DO,20141103,36.560001,36.669998,34.580002,34.291533,2229800
DO,20141031,38.880001,38.919998,36.400002,36.380431,1712000
DO,20141030,38.419998,39.23,37.490002,37.287291,713400
DO,20141029,39.68,40.00,38.279999,37.412705,1254800
DO,20141028,38.900002,39.040001,38.150002,37.499532,1727200
DO,20141027,38.00,38.639999,36.970001,36.843507,1693300
DO,20141024,39.59,40.189999,38.900002,37.692481,1838800
DO,20141023,39.040001,40.740002,38.419998,38.203794,2582300
DO,20141022,37.689999,38.669998,37.16,36.052419,1444200
DO,20141021,38.57,38.849998,36.73,36.573381,1986400
DO,20141020,36.91,38.09,36.23,36.447963,1348100
DO,20141017,38.619999,39.599998,36.880001,35.724406,2122600
DO,20141016,37.52,38.759998,37.52,36.592676,2674800
DO,20141015,38.310001,38.869999,36.77,37.383764,2361900
DO,20141014,36.459999,39.049999,35.91,36.650562,2310400
DO,20141013,35.610001,36.84,35.259998,35.04909,1884800
DO,20141010,34.610001,36.849998,34.23,34.161525,2564400
DO,20141009,34.950001,35.98,34.189999,33.486204,3277100
DO,20141008,34.790001,35.209999,33.349998,33.901044,2753900
DO,20141007,33.650002,35.599998,33.369999,32.791592,3559500
DO,20141006,33.110001,33.939999,32.810001,32.482872,1938400
DO,20141003,34.91,35.00,32.709999,31.836496,3080600
DO,20141002,33.389999,36.07,33.119999,33.601976,3646400
DO,20141001,34.27,34.84,33.400002,32.357458,2086800
DO,20140930,35.040001,35.080002,34.00,33.061719,2419300
DO,20140929,35.970001,36.009998,35.119999,33.929985,2309100
DO,20140926,36.220001,36.77,36.110001,35.097326,1275100
DO,20140925,36.50,36.740002,36.040001,34.81755,1899000
DO,20140924,37.549999,37.580002,36.41,35.26133,2075500
DO,20140923,37.18,37.959999,37.060001,36.341841,2427700
DO,20140922,37.50,37.540001,36.900002,35.975241,2565200
DO,20140919,38.189999,38.52,37.080002,36.177836,4171300
DO,20140918,38.650002,38.700001,37.93,36.80492,1790800
DO,20140917,39.34,39.419998,38.040001,37.181169,3346300
DO,20140916,39.43,40.02,39.18,37.85649,1419500
DO,20140915,39.700001,39.959999,39.330002,38.03014,1636700
DO,20140912,41.540001,41.540001,39.700001,38.425688,2813600
DO,20140911,41.080002,41.650002,40.759998,40.142928,962800
DO,20140910,41.209999,41.68,40.610001,39.843856,1686200
DO,20140909,41.200001,41.650002,41.02,39.814915,998000
DO,20140908,41.599998,41.689999,41.169998,39.872801,1248600
DO,20140905,41.540001,41.889999,40.549999,40.384113,3126500
DO,20140904,42.68,42.939999,41.529999,40.239401,1876800
DO,20140903,43.27,43.470001,42.669998,41.213792,1104900
DO,20140902,44.16,44.16,42.849998,41.445328,1426800
DO,20140829,43.779999,44.040001,43.529999,42.390775,796200
DO,20140828,44.66,44.740002,43.529999,42.236417,1443700
DO,20140827,44.290001,45.080002,44.080002,43.114332,943900
DO,20140826,43.41,44.860001,43.360001,42.83456,1800200
DO,20140825,43.299999,43.439999,43.040001,41.696164,981700
DO,20140822,44.00,44.060001,43.16,41.686514,1099900
DO,20140821,44.400002,44.599998,43.93,42.448661,1097800
DO,20140820,43.98,44.150002,43.759998,42.506547,1059400
DO,20140819,43.959999,44.200001,43.75,42.361834,1311000
DO,20140818,44.310001,44.720001,43.75,42.38113,1283000
DO,20140815,44.369999,44.48,43.75,42.767028,1667700
DO,20140814,44.549999,45.25,44.240002,42.776674,988300
DO,20140813,45.25,45.389999,44.32,43.075745,1278000
DO,20140812,45.990002,46.150002,44.779999,43.529172,1386500
DO,20140811,45.759998,46.59,45.57,44.474619,1164000
DO,20140808,45.790001,46.169998,45.310001,43.934365,1074800
DO,20140807,46.139999,46.400002,45.209999,44.040488,1355100
DO,20140806,46.990002,47.07,45.830002,44.262378,1573300
DO,20140805,46.950001,47.34,46.360001,45.313947,1230400
DO,20140804,45.740002,47.18,45.48,45.439361,2437500
DO,20140801,47.060001,47.790001,46.810001,44.807455,2520400
DO,20140731,46.77,47.330002,46.369999,44.305597,1877200
DO,20140730,47.400002,48.02,46.91,44.47604,1232400
DO,20140729,47.00,47.650002,46.810001,44.845332,935700
DO,20140728,47.799999,47.84,46.799999,44.788516,1076100
DO,20140725,47.560001,48.09,47.360001,45.261968,1221100
DO,20140724,48.00,48.50,45.919998,45.328251,4056300
DO,20140723,50.50,50.50,49.799999,47.383032,1070500
DO,20140722,49.099998,50.310001,48.41,47.468254,1083900
DO,20140721,48.849998,49.470001,48.290001,46.360375,771000
DO,20140718,49.360001,49.509998,48.84,46.379314,926000
DO,20140717,49.82,49.93,49.009998,46.417191,1082000
DO,20140716,49.48,49.799999,48.91,47.042147,1399200
DO,20140715,48.889999,49.560001,48.509998,46.7202,977600
DO,20140714,48.049999,48.709999,47.91,45.991084,763200
DO,20140711,47.639999,48.099998,47.50,45.214623,1151600
DO,20140710,47.689999,48.240002,47.25,45.110464,1378900
DO,20140709,48.91,49.150002,48.169998,45.830112,868400
DO,20140708,48.419998,49.060001,48.310001,46.294092,981800
DO,20140707,49.389999,49.419998,48.459999,46.199404,1511900
DO,20140703,49.560001,49.950001,49.27,46.843298,571800
DO,20140702,48.709999,49.509998,48.709999,46.777015,1162800
DO,20140701,49.599998,49.810001,48.900002,46.417191,1390300
DO,20140630,49.470001,49.849998,49.290001,46.994802,991500
DO,20140627,48.099998,49.619999,48.099998,46.919048,1600000
DO,20140626,49.009998,49.009998,47.25,45.63126,1097500
DO,20140625,48.700001,49.119999,48.509998,46.426658,796200
DO,20140624,50.299999,50.529999,48.619999,46.208871,1264700
DO,20140623,50.50,51.00,50.290001,47.695509,895300
DO,20140620,49.599998,50.639999,49.599998,47.638697,1729100
DO,20140619,49.689999,49.720001,49.130001,46.833827,1021500
DO,20140618,49.029999,49.889999,48.720001,47.051614,1266300
DO,20140617,49.549999,49.709999,49.049999,46.530818,1279500
DO,20140616,49.380001,49.990002,49.049999,47.127368,1052500
DO,20140613,48.849998,49.669998,48.50,46.956925,1693100
DO,20140612,47.169998,48.779999,47.00,46.180465,2386100
DO,20140611,46.470001,46.93,46.130001,44.390819,1489000
DO,20140610,47.25,47.450001,46.860001,44.400286,2018200
DO,20140609,47.200001,47.66,47.119999,44.788516,1539600
DO,20140606,47.650002,47.869999,46.939999,44.693827,2563100
DO,20140605,47.549999,47.849998,46.720001,45.053652,2723500
DO,20140604,49.400002,49.619999,47.709999,45.195685,2694800
DO,20140603,49.799999,50.049999,48.919998,46.928519,1765000
DO,20140602,51.200001,51.400002,49.849998,47.231528,1259200
DO,20140530,51.169998,51.59,50.43,48.348874,1199900
DO,20140529,51.00,51.540001,50.549999,48.604538,1798300
DO,20140528,51.360001,51.360001,49.52,47.487192,1614400
DO,20140527,50.549999,51.330002,50.540001,48.566661,1373100
DO,20140523,51.349998,51.610001,49.900002,47.742853,2300700
DO,20140522,50.50,51.75,50.50,48.746572,1332300
DO,20140521,49.759998,50.459999,49.669998,47.742853,843500
DO,20140520,50.299999,50.450001,49.599998,47.023208,706600
DO,20140519,50.450001,51.150002,49.779999,47.714447,2097800
DO,20140516,50.00,50.220001,49.470001,47.193651,854600
DO,20140515,50.849998,50.91,49.060001,47.307278,1557200
DO,20140514,51.349998,51.970001,50.950001,48.301526,645300
DO,20140513,51.610001,51.919998,51.200001,48.566661,738700
DO,20140512,51.200001,51.68,50.459999,48.756043,946500
DO,20140509,51.810001,52.299999,50.849998,48.310997,1107000
DO,20140508,52.68,53.169998,51.66,49.059051,947700
DO,20140507,52.150002,52.779999,51.66,49.816573,1044300
DO,20140506,51.75,52.299999,51.360001,49.210556,973100
DO,20140505,51.900002,52.59,51.540001,48.860199,1023900
DO,20140502,53.700001,54.02,53.09,49.584583,933800
DO,20140501,54.299999,54.400002,53.029999,49.975745,1223400
DO,20140430,53.400002,55.369999,53.150002,50.860519,1499000
DO,20140429,53.939999,53.950001,53.099998,49.668404,828100
DO,20140428,54.130001,54.130001,52.57,49.407626,1257600
DO,20140425,51.41,54.189999,51.139999,49.82673,2208200
DO,20140424,49.860001,53.650002,49.139999,48.141002,2771200
DO,20140423,48.48,49.16,48.240002,45.197966,1534300
DO,20140422,48.59,48.91,48.299999,45.300414,1386700
DO,20140421,48.389999,48.700001,47.889999,45.328353,1133200
DO,20140417,47.889999,48.669998,46.720001,45.076894,1962400
DO,20140416,48.200001,48.240002,46.799999,43.949969,1999000
DO,20140415,47.509998,48.00,47.049999,44.527403,1485100
DO,20140414,46.139999,47.599998,45.860001,44.238686,2245200
DO,20140411,46.889999,47.040001,45.860001,42.729915,1824700
DO,20140410,47.59,48.689999,47.259998,44.08036,1645900
DO,20140409,50.18,50.200001,47.259998,44.415639,3562900
DO,20140408,48.75,50.299999,48.75,46.343514,2817800
DO,20140407,48.240002,48.959999,48.110001,45.440116,2497200
DO,20140404,48.540001,48.709999,48.119999,45.058267,1212100
DO,20140403,48.599998,48.669998,47.799999,45.021012,1465800
DO,20140402,47.970001,48.669998,47.860001,45.188654,1463600
DO,20140401,48.860001,48.950001,47.549999,44.573969,1572500
DO,20140331,48.02,48.869999,47.849998,45.412174,2940600
DO,20140328,47.360001,47.93,47.009998,44.629847,1377200
DO,20140327,46.970001,47.52,46.799999,43.856836,1888000
DO,20140326,47.18,47.470001,46.779999,43.605374,1765700
DO,20140325,46.290001,46.93,45.990002,43.65194,1868400
DO,20140324,47.50,47.619999,45.950001,42.925495,1978100
DO,20140321,46.200001,47.240002,45.459999,43.996539,4045100
DO,20140320,45.209999,45.970001,45.060001,42.478452,1656700
DO,20140319,44.669998,45.540001,44.580002,42.096603,2212400
DO,20140318,43.959999,44.849998,43.959999,41.658872,2046900
DO,20140317,44.25,44.52,43.689999,40.895172,2065500
DO,20140314,44.349998,44.77,43.82,41.165262,2978600
DO,20140313,46.509998,46.509998,43.950001,41.342216,4051400
DO,20140312,47.040001,47.369999,46.07,43.195585,2340900
DO,20140311,48.00,48.650002,47.50,44.266625,2110600
DO,20140310,48.400002,48.400002,47.380001,44.620535,2304600
DO,20140307,48.049999,48.48,47.689999,45.12346,2499000
DO,20140306,47.549999,48.029999,47.16,44.667102,1675100
DO,20140305,46.84,47.66,46.68,44.052417,2700800
DO,20140304,47.290001,47.459999,46.630001,43.605374,2414200
DO,20140303,47.150002,47.91,46.790001,43.698506,2078700
DO,20140228,47.34,47.540001,46.889999,44.052417,2051700
DO,20140227,47.720001,47.75,46.709999,43.949969,2104500
DO,20140226,48.009998,48.18,47.279999,44.247998,1903100
DO,20140225,48.07,48.150002,47.049999,44.695044,3324700
DO,20140224,48.32,48.990002,48.209999,45.030324,1848800
DO,20140221,48.16,48.41,47.880001,44.713668,1699100
DO,20140220,47.82,48.48,47.810001,44.76955,1766000
DO,20140219,47.07,48.48,47.00,44.452894,2934300
DO,20140218,47.540001,47.549999,45.32,43.726449,5044300
DO,20140214,47.00,47.119999,46.259998,43.81027,1487400
DO,20140213,47.040001,47.619999,46.830002,43.49827,1767600
DO,20140212,47.82,48.209999,47.169998,43.150868,1539200
DO,20140211,46.68,47.849998,46.68,43.470842,2266800
DO,20140210,46.50,47.549999,46.07,42.757756,3463700
DO,20140207,47.060001,47.220001,45.240002,42.117806,4549700
DO,20140206,46.790001,47.75,45.540001,43.251432,4399500
DO,20140205,47.75,47.970001,46.419998,42.520059,2769400
DO,20140204,47.50,48.169998,47.220001,43.937092,1996600
DO,20140203,48.599998,48.740002,47.299999,43.607975,2100900
DO,20140131,48.27,49.009998,48.209999,44.375914,2234800
DO,20140130,49.389999,49.389999,48.59,44.796452,2436300
DO,20140129,50.049999,50.09,48.790001,44.942726,2130000
DO,20140128,51.310001,51.43,50.470001,46.341471,1795000
DO,20140127,51.029999,51.610001,50.630001,47.072844,1694000
DO,20140124,50.810001,51.330002,50.43,46.661448,2345800
DO,20140123,53.869999,53.98,51.689999,47.429387,3373800
DO,20140122,54.549999,54.830002,53.939999,50.053178,1289100
DO,20140121,54.529999,54.919998,54.049999,49.815484,1006900
DO,20140117,54.490002,54.529999,53.740002,49.458938,1116600
DO,20140116,54.619999,54.830002,53.299999,49.660066,2079100
DO,20140115,54.860001,55.290001,54.549999,50.217737,1147500
DO,20140114,54.650002,55.52,54.639999,50.510285,943800
DO,20140113,55.580002,55.98,54.439999,49.888619,1155600
DO,20140110,55.349998,56.080002,55.330002,51.113665,888100
DO,20140109,55.27,55.68,54.98,50.555995,1162600
DO,20140108,56.700001,56.700001,55.25,50.958251,1610900
DO,20140107,56.529999,56.790001,55.889999,51.835895,1070900
DO,20140106,56.700001,56.990002,56.360001,51.845035,1076000
DO,20140103,56.279999,56.939999,56.279999,51.625626,1097200
DO,20140102,56.799999,57.290001,56.110001,51.305649,1257000
DO,20131231,56.400002,56.939999,56.16,52.037019,929500
DO,20131230,56.779999,57.400002,56.299999,51.534203,1111500
DO,20131227,56.18,56.91,55.990002,51.936459,1343700
DO,20131226,56.290001,56.630001,55.830002,51.13195,833600
DO,20131224,55.360001,56.48,55.16,51.296509,727400
DO,20131223,55.849998,56.040001,55.09,50.638274,2111900
DO,20131220,55.099998,56.07,54.82,51.04053,1978900
DO,20131219,55.59,55.75,54.779999,50.848543,2331800
DO,20131218,56.200001,56.200001,55.02,51.113665,1769300
DO,20131217,56.220001,56.349998,55.639999,51.278224,1173100
DO,20131216,56.259998,56.720001,55.880001,51.333078,1092700
DO,20131213,56.43,56.669998,56.009998,51.369644,1218100
DO,20131212,56.869999,56.900002,55.91,51.561632,1950800
DO,20131211,58.200001,58.299999,56.740002,51.973025,1583500
DO,20131210,58.599998,59.02,58.130001,53.262065,1024800
DO,20131209,58.869999,59.200001,58.299999,53.801451,1232700
DO,20131206,59.50,59.52,58.509998,53.819736,1481700
DO,20131205,59.93,60.049999,59.200001,54.231133,1193500
DO,20131204,59.610001,60.310001,59.240002,55.072211,1163900
DO,20131203,59.490002,60.380001,59.259998,54.615104,1550100
DO,20131202,60.169998,60.709999,59.860001,54.779659,1381200
DO,20131129,60.00,60.779999,59.490002,54.898508,566000
DO,20131127,59.18,60.139999,58.75,54.797944,1148300
DO,20131126,59.259998,59.549999,58.529999,54.258558,1397800
DO,20131125,60.68,60.68,59.220001,54.313412,1116900
DO,20131122,60.560001,60.970001,60.119999,55.666447,1016700
DO,20131121,61.209999,61.259998,60.310001,55.492748,1170900
DO,20131120,60.889999,61.669998,60.799999,55.821865,958200
DO,20131119,60.189999,61.099998,59.779999,55.639022,1388800
DO,20131118,61.619999,61.630001,60.09,55.108777,1208200
DO,20131115,61.32,61.759998,60.790001,56.150979,1268300
DO,20131114,61.279999,61.650002,60.779999,55.693873,1223000
DO,20131113,60.849998,61.580002,60.52,55.968139,1372200
DO,20131112,61.400002,61.560001,60.689999,55.794437,915200
DO,20131111,61.560001,62.25,61.529999,56.306397,1049700
DO,20131108,60.52,61.919998,60.52,56.443531,2084600
DO,20131107,60.720001,61.110001,60.130001,55.191056,1748500
DO,20131106,59.919998,60.639999,59.560001,55.172771,1653000
DO,20131105,60.209999,60.450001,59.279999,54.221992,1967000
DO,20131104,60.209999,60.709999,60.060001,55.29162,1554700
DO,20131101,61.240002,61.32,60.130001,55.099636,1715200
DO,20131031,62.689999,63.25,61.880001,55.817296,1834100
DO,20131030,62.740002,63.130001,62.43,56.538333,1489100
DO,20131029,63.150002,63.369999,62.130001,56.412152,1534200
DO,20131028,61.299999,63.310001,61.110001,56.790694,2118200
DO,20131025,60.540001,61.560001,60.139999,55.22244,1740100
DO,20131024,62.00,62.009998,60.080002,54.943037,3314300
DO,20131023,64.25,64.25,62.630001,56.988981,1865700
DO,20131022,63.540001,64.650002,63.470001,58.250794,1449000
DO,20131021,63.240002,63.939999,62.959999,57.052071,1041200
DO,20131018,62.939999,63.509998,62.919998,56.916879,976400
DO,20131017,63.009998,63.299999,62.07,56.331035,1116900
DO,20131016,62.470001,63.279999,62.25,56.907864,1245300
DO,20131015,63.57,63.57,62.759998,56.781683,678400
DO,20131014,62.990002,63.93,62.970001,57.574825,697800
DO,20131011,63.080002,63.75,62.639999,57.295422,869800
DO,20131010,62.689999,63.389999,62.43,56.988981,649300
DO,20131009,62.009998,62.599998,61.630001,55.943477,876600
DO,20131008,62.450001,62.75,62.00,55.961503,944700
DO,20131007,62.82,63.029999,62.389999,56.448204,519100
DO,20131004,62.43,63.580002,62.080002,57.187267,1017000
DO,20131003,62.669998,62.669998,61.98,56.267944,646500
DO,20131002,62.119999,62.84,61.790001,56.520306,623300
DO,20131001,62.130001,63.209999,62.130001,56.249918,952600
DO,20130930,61.950001,62.66,61.939999,56.168801,798700
DO,20130927,62.91,63.150002,62.580002,56.574385,616800
DO,20130926,63.48,63.509998,62.91,57.034045,743200
DO,20130925,62.939999,63.66,62.560001,57.124177,1454100
DO,20130924,62.889999,63.16,61.82,55.997556,1695600
DO,20130923,62.50,63.360001,62.310001,56.736619,1014500
DO,20130920,64.18,64.260002,62.540001,56.430178,1741000
DO,20130919,65.489998,65.50,63.849998,57.926327,1035900
DO,20130918,65.160004,65.620003,64.360001,58.971834,523500
DO,20130917,64.459999,65.260002,64.32,58.593291,745600
DO,20130916,65.129997,65.129997,64.300003,58.034485,693500
DO,20130913,64.769997,64.809998,64.199997,58.052514,732100
DO,20130912,65.18,65.400002,64.580002,58.476118,1109600
DO,20130911,65.25,65.559998,64.669998,58.845653,640300
DO,20130910,65.349998,65.550003,64.650002,58.74651,711300
DO,20130909,64.480003,65.360001,64.279999,58.602299,1373900
DO,20130906,64.309998,64.669998,63.380001,57.980409,975200
DO,20130905,63.330002,64.300003,63.290001,57.592851,1140600
DO,20130904,63.50,63.790001,63.049999,57.151214,1233400
DO,20130903,64.790001,64.809998,63.049999,57.196279,1198700
DO,20130830,64.25,64.589996,63.919998,57.710017,891300
DO,20130829,64.959999,65.43,64.099998,57.836198,1032200
DO,20130828,65.150002,65.839996,64.980003,58.827623,881200
DO,20130827,65.089996,65.629997,64.830002,58.584276,722900
DO,20130826,66.00,66.339996,65.360001,59.061962,512100
DO,20130823,65.529999,66.279999,65.139999,59.341362,688100
DO,20130822,64.330002,65.57,64.279999,58.944796,843300
DO,20130821,65.07,65.169998,64.389999,58.034485,789600
DO,20130820,65.589996,65.919998,65.089996,58.872691,890900
DO,20130819,65.940002,66.010002,65.440002,59.116038,818700
DO,20130816,66.82,66.970001,65.559998,59.521625,877300
DO,20130815,66.839996,66.959999,66.290001,60.206613,916700
DO,20130814,67.720001,67.870003,67.00,60.540088,978800
DO,20130813,67.370003,67.919998,67.300003,60.945676,1795600
DO,20130812,67.459999,68.32,67.32,61.017774,2139000
DO,20130809,68.779999,69.150002,67.650002,61.468422,787000
DO,20130808,68.760002,69.339996,67.940002,62.081304,2380800
DO,20130807,67.169998,68.889999,66.989998,61.837957,1732600
DO,20130806,67.610001,67.870003,66.910004,60.702322,785800
DO,20130805,67.980003,67.980003,67.139999,60.936661,731600
DO,20130802,68.110001,68.239998,67.129997,61.252113,801600
DO,20130801,67.900002,68.800003,67.779999,61.211554,1043500
DO,20130731,67.870003,68.040001,67.139999,60.010282,1482400
DO,20130730,67.550003,68.00,67.269997,60.39291,1316700
DO,20130729,67.760002,68.080002,67.190002,60.010282,806200
DO,20130726,68.620003,68.900002,67.269997,60.446297,1499800
DO,20130725,70.459999,70.459999,68.169998,61.65647,2275200
DO,20130724,72.410004,72.550003,71.120003,63.622998,940200
DO,20130723,72.470001,72.889999,71.940002,64.20139,904700
DO,20130722,72.75,73.00,72.059998,64.245878,501900
DO,20130719,72.400002,72.669998,71.82,64.646306,695000
DO,20130718,71.50,72.389999,71.269997,64.281472,859500
DO,20130717,70.989998,71.629997,70.889999,63.24037,1059200
DO,20130716,71.849998,71.910004,70.25,62.77766,1623100
DO,20130715,72.139999,72.779999,71.830002,64.059014,846900
DO,20130712,71.110001,72.160004,70.959999,64.165796,1738400
DO,20130711,71.099998,71.599998,69.900002,63.213676,2316100
DO,20130710,70.339996,70.769997,69.889999,62.29715,879800
DO,20130709,70.00,70.449997,69.550003,62.323844,1201200
DO,20130708,69.50,69.919998,69.360001,61.870028,745600
DO,20130705,68.220001,69.43,68.07,61.620876,578900
DO,20130703,68.360001,68.360001,67.620003,60.419604,443500
DO,20130702,68.769997,69.32,68.059998,60.837826,842900
DO,20130701,69.059998,69.50,68.529999,61.202653,756400
DO,20130628,68.580002,68.989998,68.25,61.211554,1315100
DO,20130627,68.07,68.830002,67.870003,61.078077,992200
DO,20130626,67.629997,67.870003,66.690002,60.161551,1110200
DO,20130625,66.959999,67.410004,66.639999,59.743329,794000
DO,20130624,66.330002,66.860001,64.889999,58.924685,1189600
DO,20130621,67.029999,67.440002,66.32,59.538672,1329200
DO,20130620,66.739998,67.160004,65.610001,59.173837,1220900
DO,20130619,68.610001,68.940002,67.800003,60.339515,815100
DO,20130618,68.339996,68.82,68.260002,60.980195,591400
DO,20130617,67.589996,68.529999,67.529999,60.695449,565700
DO,20130614,68.00,68.00,66.690002,59.76113,716400
DO,20130613,66.650002,67.940002,66.360001,60.312821,737000
DO,20130612,68.089996,68.099998,66.529999,59.245025,758900
DO,20130611,67.709999,68.18,67.279999,60.07257,517800
DO,20130610,69.029999,69.110001,68.150002,61.069177,434200
DO,20130607,69.099998,69.699997,68.57,61.4963,576700
DO,20130606,68.50,69.089996,67.870003,60.944601,597000
DO,20130605,68.900002,69.449997,68.449997,61.006889,834200
DO,20130604,68.849998,69.620003,68.480003,61.318336,887800
DO,20130603,68.82,69.150002,67.82,61.522994,1154800
DO,20130531,70.480003,70.550003,68.809998,61.229347,934000
DO,20130530,70.739998,71.57,70.50,63.0891,963300
DO,20130529,69.730003,70.50,69.25,62.653084,1300000
DO,20130528,71.220001,71.75,70.459999,62.75986,885000
DO,20130524,70.400002,71.129997,69.809998,62.528501,699800
DO,20130523,70.690002,71.160004,69.669998,63.062406,683700
DO,20130522,72.379997,72.900002,70.50,63.062406,627900
DO,20130521,72.209999,73.190002,72.050003,64.477236,608300
DO,20130520,72.150002,73.059998,72.00,64.81537,793900
DO,20130517,73.00,73.110001,70.959999,64.423848,1330200
DO,20130516,70.720001,71.139999,70.300003,62.644184,672300
DO,20130515,69.959999,70.68,69.459999,62.875542,601800
DO,20130514,69.919998,70.75,69.779999,62.60859,912900
DO,20130513,70.00,70.239998,69.589996,62.27935,611400
DO,20130510,70.050003,70.589996,69.379997,62.421726,727900
DO,20130509,70.529999,70.870003,70.139999,62.61749,951500
DO,20130508,70.639999,70.870003,70.019997,62.804354,1068200
DO,20130507,70.199997,70.699997,69.690002,62.733166,804400
DO,20130506,70.029999,70.330002,69.529999,62.119179,1070300
DO,20130503,69.110001,70.790001,69.050003,62.332744,1377200
DO,20130502,68.230003,69.230003,67.419998,60.664312,1372500
DO,20130501,68.529999,68.910004,67.519997,59.662758,1242000
DO,20130430,69.110001,69.480003,68.489998,60.708236,1112900
DO,20130429,69.160004,69.330002,68.199997,60.717023,877700
DO,20130426,68.93,69.080002,67.809998,60.304101,656600
DO,20130425,69.150002,70.089996,68.489998,60.52374,1167700
DO,20130424,67.57,69.529999,67.290001,60.339244,1437600
DO,20130423,66.639999,67.379997,65.970001,59.144407,976900
DO,20130422,65.550003,66.720001,64.980003,58.344924,903900
DO,20130419,66.00,66.110001,64.519997,57.404862,942600
DO,20130418,64.900002,66.510002,64.00,57.905646,1166500
DO,20130417,65.779999,65.940002,63.950001,56.596592,1351700
DO,20130416,66.410004,66.970001,65.419998,58.213139,1488700
DO,20130415,68.139999,68.139999,65.599998,57.721143,1543600
DO,20130412,69.550003,69.809998,68.129997,60.427098,860900
DO,20130411,69.82,70.230003,69.309998,61.498938,1043900
DO,20130410,69.07,70.07,68.959999,61.305654,794600
DO,20130409,69.120003,69.260002,68.260002,60.497384,897200
DO,20130408,68.699997,69.220001,68.330002,60.532527,622700
DO,20130405,68.010002,68.730003,67.419998,60.356812,966700
DO,20130404,67.389999,68.870003,67.089996,60.479809,1379800
DO,20130403,68.339996,68.470001,67.080002,59.197118,1075600
DO,20130402,69.169998,69.540001,68.339996,60.216246,816500
DO,20130401,69.709999,69.900002,68.940002,60.813665,728500
DO,20130328,69.879997,70.160004,69.230003,61.112371,855700
DO,20130327,68.589996,69.889999,68.260002,61.288086,991500
DO,20130326,68.389999,68.970001,68.199997,60.585238,794100
DO,20130325,68.730003,69.029999,67.720001,59.803324,566200
DO,20130322,68.529999,69.150002,68.160004,60.216246,583400
DO,20130321,68.019997,68.970001,67.769997,59.899965,1021500
DO,20130320,68.339996,69.00,67.650002,60.084462,898000
DO,20130319,68.610001,68.650002,67.07,59.741825,1325500
DO,20130318,69.400002,69.68,68.349998,60.137173,983900
DO,20130315,70.519997,70.860001,69.93,61.709789,1261200
DO,20130314,69.419998,70.489998,69.419998,61.771288,886500
DO,20130313,69.269997,70.019997,68.839996,60.963018,1278500
DO,20130312,68.32,69.370003,68.019997,60.892732,1761300
DO,20130311,67.690002,68.43,67.019997,60.093249,1302700
DO,20130308,67.639999,67.940002,67.25,59.583685,986100
DO,20130307,67.93,68.190002,67.18,59.258616,1344100
DO,20130306,68.019997,68.660004,67.32,59.434332,1090900
DO,20130305,68.510002,68.550003,67.510002,59.583685,1646000
DO,20130304,69.199997,69.279999,67.089996,59.794536,1561100
DO,20130301,69.480003,69.580002,68.540001,60.901519,1456200
DO,20130228,70.019997,70.309998,69.68,61.2178,1422500
DO,20130227,69.449997,70.769997,69.379997,61.683434,1588900
DO,20130226,69.230003,70.089996,68.300003,61.367153,1627200
DO,20130225,72.199997,72.489998,68.900002,60.585238,1811500
DO,20130222,72.449997,72.669998,71.510002,63.247263,1728400
DO,20130221,72.690002,72.93,71.220001,63.299981,1450100
DO,20130220,74.650002,74.849998,73.00,64.178537,1638600
DO,20130219,75.18,75.349998,74.059998,65.593013,1595600
DO,20130215,75.699997,76.080002,74.07,65.67208,1648500
DO,20130214,74.440002,75.93,73.800003,66.568204,1567900
DO,20130213,74.57,74.949997,74.080002,64.991193,1043800
DO,20130212,74.419998,74.889999,74.029999,64.609152,840500
DO,20130211,74.57,74.900002,74.059998,64.409443,924800
DO,20130208,74.279999,74.919998,74.050003,64.956461,671800
DO,20130207,74.199997,74.989998,73.809998,64.339979,906800
DO,20130206,73.620003,74.480003,72.739998,64.279199,3564200
DO,20130205,74.639999,75.389999,71.370003,63.888473,3531600
DO,20130204,75.849998,76.849998,75.699997,66.406504,1486300
DO,20130201,75.239998,76.419998,74.639999,66.241527,879900
DO,20130131,75.040001,75.43,74.790001,65.19958,1195500
DO,20130130,75.400002,75.75,74.379997,65.21695,752800
DO,20130129,74.709999,75.690002,74.440002,65.546896,665100
DO,20130128,74.970001,75.00,74.059998,64.887003,923800
DO,20130125,74.489998,74.779999,73.919998,64.826224,569000
DO,20130124,74.010002,74.860001,73.830002,64.235789,1506400
DO,20130123,73.25,74.629997,73.080002,64.426806,1580100
DO,20130122,72.839996,73.339996,72.190002,63.463008,1004800
DO,20130118,73.019997,73.50,72.330002,63.688765,893500
DO,20130117,72.269997,73.309998,71.830002,63.115699,947600
DO,20130116,71.400002,72.129997,71.260002,62.342926,1027000
DO,20130115,71.239998,71.650002,70.730003,62.030342,838100
DO,20130114,72.370003,72.550003,71.190002,61.978241,1282500
DO,20130111,72.230003,72.300003,71.480003,62.751014,861100
DO,20130110,71.879997,72.419998,71.199997,62.777069,1008000
DO,20130109,71.010002,71.230003,70.629997,61.813271,491100
DO,20130108,70.790001,71.18,70.349998,61.596199,913500
DO,20130107,71.650002,71.839996,70.839996,61.735122,1016500
DO,20130104,70.550003,71.529999,70.169998,62.091122,1060900
DO,20130103,69.760002,71.010002,69.139999,61.083907,1416000
DO,20130102,69.419998,69.800003,68.599998,60.588984,993900
