HAS,20151030,77.519997,77.720001,76.82,76.830002,1065800
HAS,20151029,77.440002,77.830002,76.93,77.75,690600
HAS,20151028,78.239998,78.50,77.489998,78.18,825800
HAS,20151027,77.760002,78.489998,77.459999,78.220001,1211500
HAS,20151026,78.25,79.43,78.139999,78.309998,1878200
HAS,20151023,77.25,79.239998,77.019997,78.870003,2546200
HAS,20151022,74.360001,76.779999,74.290001,76.760002,2125100
HAS,20151021,73.449997,74.480003,73.32,73.989998,1513800
HAS,20151020,71.93,74.209999,71.349998,72.940002,2228400
HAS,20151019,76.769997,77.50,70.82,72.18,5352700
HAS,20151016,75.580002,77.910004,74.629997,77.779999,2667700
HAS,20151015,74.00,75.360001,73.830002,75.330002,1181200
HAS,20151014,74.110001,74.75,73.480003,73.669998,998400
HAS,20151013,74.269997,75.489998,74.110001,74.129997,1144700
HAS,20151012,74.150002,74.660004,73.779999,74.440002,972700
HAS,20151009,73.989998,74.669998,73.550003,74.349998,932600
HAS,20151008,72.93,74.769997,72.82,73.800003,1316500
HAS,20151007,72.169998,74.110001,72.050003,73.419998,973600
HAS,20151006,73.529999,73.910004,72.220001,72.860001,764400
HAS,20151005,71.940002,73.870003,71.910004,73.639999,1200600
HAS,20151002,70.480003,71.529999,70.110001,71.360001,1201500
HAS,20151001,72.489998,72.800003,70.739998,71.68,1632100
HAS,20150930,72.239998,72.589996,70.50,72.139999,2280300
HAS,20150929,72.309998,72.970001,71.599998,72.690002,971900
HAS,20150928,74.699997,74.949997,72.099998,72.129997,844500
HAS,20150925,75.07,75.459999,74.370003,74.949997,593400
HAS,20150924,75.029999,75.519997,73.290001,74.650002,934700
HAS,20150923,75.839996,75.980003,75.029999,75.379997,879900
HAS,20150922,75.959999,76.559998,75.040001,75.550003,1028600
HAS,20150921,77.489998,78.279999,76.699997,77.190002,769900
HAS,20150918,76.739998,77.68,76.660004,77.059998,1390800
HAS,20150917,79.089996,79.860001,77.300003,77.510002,1631200
HAS,20150916,79.010002,80.379997,78.410004,80.25,1134000
HAS,20150915,77.470001,79.410004,77.470001,79.080002,1181200
HAS,20150914,76.75,78.260002,76.489998,77.580002,966200
HAS,20150911,75.660004,76.809998,75.239998,76.75,759200
HAS,20150910,75.199997,76.669998,75.010002,76.029999,742400
HAS,20150909,76.910004,77.129997,75.129997,75.279999,991300
HAS,20150908,76.639999,76.669998,75.419998,76.290001,1314400
HAS,20150904,75.919998,76.43,75.199997,75.370003,1575900
HAS,20150903,76.00,77.449997,75.550003,76.860001,1811900
HAS,20150902,74.550003,75.139999,73.879997,74.510002,2911400
HAS,20150901,73.959999,73.959999,72.07,72.519997,1127600
HAS,20150831,75.080002,75.769997,74.510002,74.589996,1242900
HAS,20150828,74.889999,76.160004,74.650002,75.510002,1088500
HAS,20150827,73.489998,75.400002,72.68,75.139999,1181300
HAS,20150826,73.279999,73.279999,71.099998,72.790001,1860800
HAS,20150825,72.669998,73.400002,71.489998,71.529999,2737200
HAS,20150824,69.809998,73.529999,60.380001,71.18,2393100
HAS,20150821,77.449997,77.489998,75.18,75.18,1476500
HAS,20150820,78.669998,79.93,77.839996,77.860001,806200
HAS,20150819,79.889999,80.010002,79.010002,79.580002,738900
HAS,20150818,80.419998,80.660004,79.839996,80.379997,654000
HAS,20150817,80.199997,80.900002,79.739998,80.620003,569600
HAS,20150814,80.82,81.00,80.139999,80.709999,519800
HAS,20150813,79.650002,80.879997,79.43,80.550003,765800
HAS,20150812,78.739998,79.580002,78.230003,79.489998,1127700
HAS,20150811,78.709999,79.279999,78.43,79.129997,1142400
HAS,20150810,78.160004,79.550003,78.059998,79.510002,1120300
HAS,20150807,76.849998,77.940002,76.50,77.410004,1080100
HAS,20150806,79.459999,79.589996,76.900002,76.93,1588900
HAS,20150805,79.089996,79.650002,78.779999,79.239998,729400
HAS,20150804,77.739998,79.690002,77.489998,78.830002,907900
HAS,20150803,78.739998,79.019997,77.220001,77.739998,986700
HAS,20150731,80.019997,80.150002,78.599998,78.739998,1874200
HAS,20150730,80.129997,80.339996,79.519997,79.989998,1034400
HAS,20150729,79.769997,80.919998,79.300003,80.300003,1273400
HAS,20150728,79.900002,79.900002,79.050003,79.116779,1134600
HAS,20150727,79.629997,80.129997,79.110001,79.057123,1084700
HAS,20150724,79.330002,79.800003,79.059998,79.18638,1178700
HAS,20150723,79.919998,80.269997,79.050003,78.828429,1026000
HAS,20150722,80.510002,80.669998,79.449997,79.395183,1437500
HAS,20150721,81.889999,81.889999,79.959999,79.961936,3089600
HAS,20150720,81.690002,84.419998,81.690002,82.676389,3993900
HAS,20150717,78.419998,79.00,77.300003,77.804297,2458900
HAS,20150716,78.360001,78.989998,78.010002,77.973327,1064200
HAS,20150715,78.580002,78.660004,77.889999,77.625322,1061400
HAS,20150714,78.239998,78.940002,77.849998,78.241794,2423700
HAS,20150713,77.269997,78.309998,76.800003,77.77447,1088400
HAS,20150710,76.860001,77.669998,76.139999,76.780165,1629800
HAS,20150709,77.440002,77.68,75.849998,75.507457,1589500
HAS,20150708,76.169998,77.50,76.139999,76.611136,2135900
HAS,20150707,75.519997,76.230003,75.120003,75.726205,1356000
HAS,20150706,74.690002,76.379997,74.660004,75.417966,1402900
HAS,20150702,75.57,75.970001,74.839996,75.487567,1399800
HAS,20150701,74.029999,76.260002,74.019997,75.348365,1858100
HAS,20150630,75.900002,76.139999,74.690002,74.364006,1998700
HAS,20150629,77.389999,77.720001,75.529999,75.16939,947400
HAS,20150626,78.239998,78.550003,77.220001,77.24749,1367400
HAS,20150625,78.580002,78.910004,78.050003,77.973327,1022900
HAS,20150624,77.989998,78.639999,77.760002,77.893781,1401100
HAS,20150623,76.949997,77.989998,76.93,77.327028,1192700
HAS,20150622,76.639999,77.25,76.169998,76.193522,658900
HAS,20150619,75.650002,76.489998,75.330002,75.746088,1389900
HAS,20150618,74.839996,75.809998,74.620003,75.060016,786000
HAS,20150617,73.120003,74.830002,73.040001,74.165141,807500
HAS,20150616,73.120003,73.50,72.910004,72.623974,734300
HAS,20150615,72.809998,73.089996,72.239998,72.474827,675900
HAS,20150612,72.919998,73.239998,72.339996,72.405226,752900
HAS,20150611,72.800003,73.480003,72.779999,72.85266,894300
HAS,20150610,72.440002,72.980003,71.889999,72.275969,565000
HAS,20150609,72.230003,72.790001,72.010002,71.639615,530900
HAS,20150608,72.309998,73.010002,72.139999,71.927956,640500
HAS,20150605,72.339996,72.650002,71.540001,71.808645,773400
HAS,20150604,72.589996,73.059998,72.050003,71.778817,806400
HAS,20150603,72.720001,73.25,72.260002,72.365453,1114500
HAS,20150602,72.059998,72.650002,71.540001,71.758927,615200
HAS,20150601,71.949997,73.010002,71.529999,71.977675,627600
HAS,20150529,72.480003,72.75,71.599998,71.719153,1023000
HAS,20150528,72.349998,72.809998,72.019997,72.03733,412500
HAS,20150527,72.099998,72.699997,72.010002,71.98762,519400
HAS,20150526,72.849998,73.160004,72.029999,71.768872,587300
HAS,20150522,72.620003,73.019997,72.550003,72.484772,619300
HAS,20150521,71.93,72.739998,71.900002,72.136767,583100
HAS,20150520,71.739998,72.199997,71.339996,71.381094,704000
HAS,20150519,72.089996,72.260002,71.360001,71.420867,644900
HAS,20150518,72.260002,72.309998,71.589996,71.560069,746300
HAS,20150515,72.059998,72.519997,70.75,71.977675,633300
HAS,20150514,70.610001,72.00,70.239998,71.560069,828900
HAS,20150513,71.00,71.260002,70.300003,70.038785,866100
HAS,20150512,71.620003,71.93,70.660004,70.555819,738300
HAS,20150511,71.559998,72.260002,71.239998,71.589897,1263600
HAS,20150508,71.57,71.889999,71.080002,70.814341,552700
HAS,20150507,70.769997,71.489998,70.730003,70.714912,1177000
HAS,20150506,70.489998,70.57,69.900002,69.989066,791400
HAS,20150505,71.019997,71.190002,69.93,69.780263,665600
HAS,20150504,72.260002,72.330002,70.559998,70.784513,906900
HAS,20150501,71.150002,72.220001,71.110001,71.251837,1316500
HAS,20150430,70.32,70.949997,69.910004,70.38679,1319400
HAS,20150429,70.650002,71.139999,70.059998,70.148159,985100
HAS,20150428,71.110001,71.360001,70.330002,70.247587,1310500
HAS,20150427,71.690002,71.980003,70.839996,70.148802,1050100
HAS,20150424,72.449997,72.459999,71.410004,70.741523,1515800
HAS,20150423,71.760002,72.330002,71.610001,70.840309,2025600
HAS,20150422,72.970001,73.339996,71.709999,70.860071,3905100
HAS,20150421,74.190002,74.75,73.510002,72.657998,3901300
HAS,20150420,70.00,74.360001,69.660004,73.2606,7883600
HAS,20150417,65.910004,66.290001,64.959999,65.090894,2173900
HAS,20150416,64.809998,66.32,64.169998,65.248957,1593500
HAS,20150415,64.739998,64.989998,64.339996,64.033871,1208400
HAS,20150414,63.77,64.900002,63.650002,63.697998,806300
HAS,20150413,64.120003,64.779999,63.779999,63.105272,854100
HAS,20150410,64.269997,64.589996,63.950001,63.441149,779600
HAS,20150409,64.139999,64.279999,63.75,63.431268,461100
HAS,20150408,63.939999,64.190002,63.580002,63.263332,925800
HAS,20150407,64.150002,64.43,63.259998,62.838546,1089600
HAS,20150406,63.259998,64.480003,63.00,63.371998,1053200
HAS,20150402,63.68,63.880001,62.919998,62.680487,997300
HAS,20150401,63.139999,63.950001,62.560001,63.016364,1663600
HAS,20150331,62.599998,63.59,62.23,62.473035,1437300
HAS,20150330,61.50,62.650002,61.130001,61.811158,1021500
HAS,20150327,60.43,61.509998,60.060001,60.289835,783500
HAS,20150326,60.25,60.830002,59.740002,59.825537,1012700
HAS,20150325,61.599998,61.650002,60.68,59.944081,1053800
HAS,20150324,61.57,62.060001,61.32,60.744259,898600
HAS,20150323,61.279999,62.299999,61.110001,60.635592,1128300
HAS,20150320,61.32,61.490002,60.810001,60.339231,2512600
HAS,20150319,61.209999,61.50,60.650002,60.358985,1309000
HAS,20150318,61.59,61.700001,60.290001,60.684985,930800
HAS,20150317,61.25,61.689999,60.82,60.852921,660300
HAS,20150316,61.07,61.709999,60.610001,60.754136,832700
HAS,20150313,61.82,62.50,60.220001,59.993474,1278400
HAS,20150312,61.18,61.889999,60.880001,60.951711,1182900
HAS,20150311,60.009998,61.57,60.009998,60.171291,726400
HAS,20150310,61.509998,61.639999,61.00,60.605953,864500
HAS,20150309,61.919998,62.34,61.529999,61.218437,622100
HAS,20150306,62.25,62.259998,61.41,60.902318,1158600
HAS,20150305,62.619999,62.849998,62.139999,61.672857,782200
HAS,20150304,63.259998,63.310001,62.110001,61.672857,645800
HAS,20150303,62.799999,63.18,62.470001,61.959341,711600
HAS,20150302,62.450001,63.470001,62.389999,62.384126,697700
HAS,20150227,62.599998,62.77,62.00,61.56419,730900
HAS,20150226,62.00,62.599998,61.830002,61.742008,606900
HAS,20150225,62.189999,62.779999,61.98,61.327103,1040100
HAS,20150224,62.169998,62.290001,61.790001,61.297465,576100
HAS,20150223,61.98,62.02,61.549999,61.26783,1370500
HAS,20150220,61.00,61.970001,60.09,61.080135,1668200
HAS,20150219,62.259998,62.41,61.50,61.030739,1948300
HAS,20150218,62.52,62.73,61.639999,61.366615,1216800
HAS,20150217,62.580002,62.990002,62.060001,61.712373,1311700
HAS,20150213,62.16,63.09,62.16,61.979099,1436200
HAS,20150212,61.48,62.330002,61.389999,61.406131,940200
HAS,20150211,62.009998,62.43,61.110001,60.457775,1657200
HAS,20150210,60.869999,61.740002,59.84,60.862802,2821000
HAS,20150209,58.400002,60.66,57.200001,58.936451,4926600
HAS,20150206,56.02,56.25,55.259998,55.063994,1537300
HAS,20150205,56.549999,56.779999,55.889999,55.449263,1030100
HAS,20150204,56.18,57.41,56.18,55.893807,1315400
HAS,20150203,54.990002,56.27,54.970001,55.469021,755500
HAS,20150202,54.68,54.91,53.900002,54.036606,1364400
HAS,20150130,55.34,55.68,54.580002,54.253935,1307800
HAS,20150129,55.060001,55.900002,55.00,54.668842,1301700
HAS,20150128,54.790001,55.41,54.720001,53.963057,1146600
HAS,20150127,54.299999,55.02,53.689999,53.570957,1517000
HAS,20150126,53.759998,55.689999,53.27,53.767005,2473100
HAS,20150123,53.57,55.18,52.700001,53.855228,2560800
HAS,20150122,53.209999,54.029999,52.759998,52.776949,1138800
HAS,20150121,51.919998,52.869999,51.799999,51.777088,1103600
HAS,20150120,52.119999,52.799999,51.490002,51.051701,1668300
HAS,20150116,51.869999,52.580002,51.830002,51.502618,1062300
HAS,20150115,52.27,52.459999,51.77,50.934068,1288800
HAS,20150114,51.720001,52.400002,51.57,51.169331,1467900
HAS,20150113,52.48,53.18,51.419998,50.885056,1418400
HAS,20150112,52.919998,53.009998,52.299999,51.571235,1792200
HAS,20150109,54.98,55.299999,53.130001,52.169192,1517000
HAS,20150108,54.939999,55.02,53.75,53.914045,1789100
HAS,20150107,54.639999,55.029999,53.419998,53.590559,1899300
HAS,20150106,55.389999,55.580002,54.400002,53.335694,903500
HAS,20150105,54.810001,55.299999,54.599998,54.041479,1053500
HAS,20150102,55.450001,55.82,54.57,53.884639,839400
HAS,20141231,55.119999,55.470001,54.919998,53.904244,885000
HAS,20141230,55.790001,55.990002,54.98,53.953256,1144800
HAS,20141229,55.490002,56.400002,55.490002,54.796276,1240400
HAS,20141226,55.200001,55.779999,55.099998,54.443384,463700
HAS,20141224,55.560001,55.740002,55.220001,54.159109,331800
HAS,20141223,54.68,56.060001,54.560001,54.129702,2225700
HAS,20141222,54.82,54.990002,54.00,53.257276,1583100
HAS,20141219,58.00,58.07,54.419998,53.551352,5091100
HAS,20141218,58.060001,58.369999,57.580002,57.207704,1075800
HAS,20141217,57.220001,57.860001,56.810001,56.237249,1357900
HAS,20141216,56.049999,57.299999,56.049999,55.776532,1855200
HAS,20141215,56.459999,57.040001,55.599998,55.090352,1206100
HAS,20141212,56.310001,56.799999,56.040001,54.953117,948600
HAS,20141211,55.630001,56.82,55.630001,55.188376,670500
HAS,20141210,56.380001,56.830002,55.490002,54.453185,1238000
HAS,20141209,55.98,56.52,55.84,55.256994,1493500
HAS,20141208,57.189999,57.200001,56.369999,55.43344,785300
HAS,20141205,56.919998,57.580002,56.650002,56.100014,981500
HAS,20141204,56.98,57.240002,56.639999,55.629492,1716600
HAS,20141203,57.310001,57.619999,56.84,55.952978,905400
HAS,20141202,57.43,58.02,57.290001,56.325472,909800
HAS,20141201,58.619999,59.00,57.43,56.325472,1415400
HAS,20141128,58.700001,59.419998,58.48,58.031118,750500
HAS,20141126,57.66,58.310001,57.139999,56.992046,1272100
HAS,20141125,56.889999,57.650002,56.790001,56.403895,1229600
HAS,20141124,57.060001,57.23,56.150002,55.541269,1587600
HAS,20141121,57.080002,57.200001,56.450001,55.570675,1274700
HAS,20141120,56.00,56.669998,55.950001,55.394229,1119600
HAS,20141119,56.110001,56.450001,55.919998,55.021735,859100
HAS,20141118,56.189999,56.650002,55.860001,55.01193,1103900
HAS,20141117,56.25,57.23,55.919998,55.256994,2112200
HAS,20141114,55.50,55.869999,53.740002,52.953395,1886100
HAS,20141113,56.09,56.099998,54.150002,53.89444,3957200
HAS,20141112,56.580002,57.57,56.509998,56.335277,1082300
HAS,20141111,57.259998,57.389999,56.509998,55.55107,1375900
HAS,20141110,57.91,58.189999,57.02,55.952978,1474200
HAS,20141107,58.029999,58.389999,57.720001,56.835206,854000
HAS,20141106,57.990002,58.41,57.639999,56.972441,1041400
HAS,20141105,57.650002,57.880001,57.23,56.707771,635100
HAS,20141104,57.560001,57.93,57.189999,56.227448,741700
HAS,20141103,57.689999,57.689999,57.150002,56.501919,804000
HAS,20141031,57.73,57.959999,57.369999,56.39409,1110600
HAS,20141030,56.970001,57.52,56.740002,56.051002,911600
HAS,20141029,57.790001,57.970001,57.310001,56.060803,678900
HAS,20141028,57.450001,57.830002,57.16,56.167827,916700
HAS,20141027,57.50,57.73,57.169998,55.759194,1063000
HAS,20141024,57.639999,57.880001,57.330002,56.051076,716100
HAS,20141023,57.43,57.830002,57.299999,55.924592,1179200
HAS,20141022,57.849998,58.060001,56.830002,55.370017,1470500
HAS,20141021,56.84,58.040001,56.459999,56.1581,2876700
HAS,20141020,53.889999,57.16,53.869999,54.980839,3105700
HAS,20141017,54.509998,54.799999,53.849998,52.392819,2197600
HAS,20141016,54.029999,54.32,52.740002,52.743078,1763000
HAS,20141015,54.18,54.889999,53.419998,52.859833,1984700
HAS,20141014,54.91,55.50,54.700001,53.346304,1111300
HAS,20141013,54.900002,55.209999,54.580002,53.180902,1118100
HAS,20141010,54.970001,55.490002,54.509998,53.511702,970700
HAS,20141009,55.509998,55.959999,54.810001,53.365759,748400
HAS,20141008,54.799999,55.610001,54.650002,54.017631,804200
HAS,20141007,54.91,55.18,54.650002,53.278194,1257000
HAS,20141006,55.59,56.09,54.889999,53.608994,1204400
HAS,20141003,55.59,56.060001,55.389999,53.920335,933400
HAS,20141002,54.779999,55.34,54.540001,53.764664,739800
HAS,20141001,55.040001,55.369999,54.57,53.365759,1535100
HAS,20140930,55.049999,55.389999,54.740002,53.511702,956400
HAS,20140929,54.799999,55.27,54.700001,53.560348,810900
HAS,20140926,54.599998,55.610001,54.599998,53.832774,966500
HAS,20140925,54.919998,55.369999,54.32,53.171174,988200
HAS,20140924,52.93,55.779999,52.860001,53.463055,2862000
HAS,20140923,53.32,53.470001,52.869999,51.507444,498900
HAS,20140922,54.119999,54.330002,53.369999,51.964727,714800
HAS,20140919,54.16,54.610001,53.880001,52.655513,1292400
HAS,20140918,53.959999,53.990002,53.57,52.451197,406600
HAS,20140917,53.400002,54.029999,53.25,52.314986,806800
HAS,20140916,53.560001,53.709999,53.369999,51.993914,750300
HAS,20140915,53.740002,53.779999,53.48,52.09121,638100
HAS,20140912,53.880001,54.049999,53.59,52.21769,827800
HAS,20140911,53.610001,54.049999,53.610001,52.431737,900100
HAS,20140910,53.759998,53.830002,53.540001,52.266339,609100
HAS,20140909,54.029999,54.110001,53.57,52.21769,1251900
HAS,20140908,54.00,54.25,53.849998,52.538761,626800
HAS,20140905,53.650002,54.110001,53.57,52.558221,775100
HAS,20140904,53.34,53.919998,53.110001,52.392819,1158200
HAS,20140903,52.869999,53.259998,52.77,51.818784,1009400
HAS,20140902,52.73,53.02,52.48,51.244749,763000
HAS,20140829,52.200001,52.740002,52.040001,51.235022,792400
HAS,20140828,52.119999,52.369999,51.759998,50.709633,528400
HAS,20140827,52.400002,52.639999,51.98,50.845844,894500
HAS,20140826,52.630001,52.709999,51.900002,50.816657,1167700
HAS,20140825,52.950001,52.990002,52.52,51.283668,599000
HAS,20140822,51.509998,52.990002,51.509998,51.050164,693600
HAS,20140821,52.290001,52.700001,52.200001,51.176644,940200
HAS,20140820,51.540001,52.349998,51.490002,50.729092,815300
HAS,20140819,51.560001,52.00,51.560001,50.495589,743900
HAS,20140818,51.169998,51.669998,51.130001,50.193976,800300
HAS,20140815,51.209999,51.43,50.490002,49.415625,524700
HAS,20140814,50.400002,51.150002,50.400002,49.629669,823300
HAS,20140813,48.009998,50.68,48.009998,48.958342,735400
HAS,20140812,50.630001,50.849998,50.150002,48.890236,468700
HAS,20140811,50.48,50.849998,50.48,49.191849,836700
HAS,20140808,49.75,50.650002,49.75,49.036179,999200
HAS,20140807,50.68,50.68,49.59,48.335661,754400
HAS,20140806,50.00,50.450001,49.830002,48.909696,1018800
HAS,20140805,49.740002,50.310001,49.52,48.695648,1274300
HAS,20140804,49.68,49.900002,49.52,48.364848,801400
HAS,20140801,49.900002,49.950001,49.360001,48.257824,1006700
HAS,20140731,50.470001,50.779999,49.869999,48.598355,828100
HAS,20140730,50.470001,50.849998,50.09,49.318329,845500
HAS,20140729,51.169998,51.299999,50.220001,48.899964,1269800
HAS,20140728,51.389999,51.68,51.049999,49.334074,1621900
HAS,20140725,51.709999,51.849998,51.389999,49.642773,1445900
HAS,20140724,51.150002,51.82,51.130001,49.970767,981500
HAS,20140723,51.490002,52.16,51.139999,49.363013,1347700
HAS,20140722,53.18,53.18,51.049999,49.826066,2288900
HAS,20140721,52.259998,52.490002,51.299999,49.951473,3064800
HAS,20140718,52.720001,53.360001,52.720001,51.330975,1032500
HAS,20140717,51.799999,52.990002,51.66,51.051215,2574100
HAS,20140716,53.540001,53.689999,52.48,50.694282,1911400
HAS,20140715,54.040001,54.290001,53.529999,51.639674,1306300
HAS,20140714,54.59,54.990002,54.080002,52.247428,1219900
HAS,20140711,53.799999,54.68,53.700001,52.469305,939900
HAS,20140710,53.470001,54.169998,53.470001,51.832612,1156800
HAS,20140709,53.639999,54.450001,53.639999,52.199194,1016100
HAS,20140708,53.41,53.860001,53.32,51.687912,1187200
HAS,20140707,53.759998,54.00,53.540001,51.687912,761500
HAS,20140703,53.68,54.290001,53.68,52.20884,507900
HAS,20140702,53.709999,54.009998,53.50,51.755439,772500
HAS,20140701,53.110001,54.040001,53.02,51.919434,971100
HAS,20140630,50.82,53.75,50.82,51.176625,682500
HAS,20140627,52.639999,53.290001,52.639999,51.369563,595400
HAS,20140626,53.049999,53.09,52.25,50.983687,638300
HAS,20140625,53.060001,53.84,52.779999,51.176625,919800
HAS,20140624,53.860001,53.93,53.369999,51.639674,915800
HAS,20140623,52.799999,53.860001,52.759998,51.871201,1639800
HAS,20140620,52.68,52.779999,52.27,50.790753,1388100
HAS,20140619,52.43,52.720001,51.970001,50.588166,929700
HAS,20140618,52.490002,52.490002,52.130001,50.530287,1066200
HAS,20140617,52.220001,52.459999,51.950001,50.559226,703400
HAS,20140616,52.16,52.549999,52.009998,50.356643,843000
HAS,20140613,52.639999,52.720001,52.259998,50.539932,707700
HAS,20140612,52.75,52.889999,52.349998,50.60746,1229200
HAS,20140611,52.869999,53.07,52.700001,51.04157,1146500
HAS,20140610,52.889999,53.150002,52.650002,51.215213,1396300
HAS,20140609,52.599998,53.240002,52.209999,51.205568,1424500
HAS,20140606,52.400002,52.48,52.080002,50.346994,943700
HAS,20140605,52.290001,52.490002,51.830002,50.597815,911500
HAS,20140604,51.349998,52.130001,51.080002,50.250527,1319500
HAS,20140603,52.169998,52.23,51.240002,49.662067,2199700
HAS,20140602,53.560001,53.689999,52.09,50.337349,1554200
HAS,20140530,53.48,53.84,53.369999,51.803673,1046100
HAS,20140529,53.310001,53.52,53.02,51.46603,921700
HAS,20140528,53.509998,53.66,53.049999,51.504619,937800
HAS,20140527,53.900002,53.900002,53.16,51.639674,1289800
HAS,20140523,53.59,53.880001,53.50,51.948374,970500
HAS,20140522,53.650002,53.959999,53.59,51.803673,665000
HAS,20140521,53.43,53.82,53.18,51.803673,621300
HAS,20140520,53.73,53.849998,53.139999,51.456385,587000
HAS,20140519,53.860001,54.34,53.77,51.967668,793900
HAS,20140516,53.900002,54.369999,53.59,52.276367,645000
HAS,20140515,54.98,55.00,53.580002,52.131666,1573400
HAS,20140514,55.27,55.57,54.91,53.009531,596200
HAS,20140513,55.529999,55.759998,55.25,53.540108,790600
HAS,20140512,56.02,56.060001,55.43,53.62693,982400
HAS,20140509,55.18,55.560001,55.009998,53.462931,598000
HAS,20140508,55.279999,55.650002,55.009998,53.318231,753300
HAS,20140507,55.34,55.73,55.07,53.395404,964800
HAS,20140506,55.419998,55.959999,55.360001,53.433992,764700
HAS,20140505,55.50,55.66,55.119999,53.559402,842800
HAS,20140502,55.77,56.110001,55.689999,53.800574,573000
HAS,20140501,55.139999,55.939999,55.139999,53.694458,712000
HAS,20140430,55.130001,55.34,54.650002,53.308582,1156700
HAS,20140429,55.32,55.50,54.950001,53.231409,875300
HAS,20140428,54.990002,55.939999,54.740002,53.308584,1696700
HAS,20140425,54.91,55.220001,54.709999,52.380066,796700
HAS,20140424,55.110001,55.389999,54.75,52.60023,891800
HAS,20140423,55.41,55.580002,54.68,52.686381,1932900
HAS,20140422,55.700001,55.98,55.27,52.935262,957600
HAS,20140421,56.07,56.91,54.27,53.279868,1563600
HAS,20140417,53.91,55.049999,53.720001,52.274769,1999800
HAS,20140416,53.669998,54.02,53.599998,51.547266,828100
HAS,20140415,53.450001,54.07,52.91,51.193089,1307800
HAS,20140414,53.84,55.169998,53.310001,51.355821,1058300
HAS,20140411,54.119999,54.32,53.560001,51.336676,1038800
HAS,20140410,55.02,55.169998,54.23,51.978024,1128100
HAS,20140409,54.720001,55.259998,54.66,52.734243,846500
HAS,20140408,54.52,55.09,54.52,52.226908,1255500
HAS,20140407,54.950001,54.98,54.310001,52.188617,1169200
HAS,20140404,55.299999,55.84,54.720001,52.63852,1292000
HAS,20140403,56.209999,56.41,55.599998,53.385165,890300
HAS,20140402,56.360001,56.720001,56.110001,53.882929,1202200
HAS,20140401,55.880001,56.459999,55.869999,53.978651,1214500
HAS,20140331,55.360001,55.75,55.240002,53.241578,752900
HAS,20140328,54.84,55.669998,54.790001,52.820394,879100
HAS,20140327,54.619999,54.639999,54.02,52.179043,933100
HAS,20140326,54.830002,55.360001,54.389999,52.140756,981500
HAS,20140325,55.150002,55.220001,54.349998,52.255624,1319100
HAS,20140324,55.110001,55.310001,54.700001,52.60023,1130100
HAS,20140321,55.360001,55.509998,54.669998,52.839539,2580600
HAS,20140320,54.540001,55.07,54.470001,52.581085,808300
HAS,20140319,55.209999,55.369999,54.349998,52.399211,873200
HAS,20140318,54.93,55.490002,54.799999,52.705527,843500
HAS,20140317,54.84,55.50,54.810001,52.609801,1175700
HAS,20140314,54.619999,55.139999,54.50,52.32263,996100
HAS,20140313,54.810001,55.189999,54.279999,52.303485,1457000
HAS,20140312,54.16,54.68,53.84,52.246053,1283500
HAS,20140311,54.669998,54.779999,54.41,52.169472,1226200
HAS,20140310,54.799999,54.900002,54.490002,52.494933,631300
HAS,20140307,55.32,55.599998,54.73,52.427927,967700
HAS,20140306,54.98,55.32,54.810001,52.724672,866400
HAS,20140305,54.82,54.98,54.470001,52.485362,1067600
HAS,20140304,55.040001,55.580002,54.790001,52.609801,1246400
HAS,20140303,54.84,55.080002,54.459999,52.313059,769400
HAS,20140228,54.790001,55.580002,54.48,52.801249,1367600
HAS,20140227,54.959999,55.18,54.73,52.676807,1282500
HAS,20140226,54.50,55.25,54.389999,52.686381,1257600
HAS,20140225,54.560001,54.860001,54.41,52.341775,979900
HAS,20140224,54.650002,55.02,54.41,52.150327,2047800
HAS,20140221,54.290001,54.630001,54.200001,51.978024,1257900
HAS,20140220,54.040001,54.459999,53.810001,51.949308,1646700
HAS,20140219,52.700001,53.889999,52.490002,51.566411,2261800
HAS,20140218,52.810001,52.990002,52.32,50.695325,1896100
HAS,20140214,52.939999,53.029999,52.459999,50.561312,841100
HAS,20140213,51.860001,53.029999,51.650002,50.657034,1148800
HAS,20140212,52.07,52.349998,51.860001,49.728516,2264400
HAS,20140211,52.459999,52.580002,51.740002,50.130554,1855000
HAS,20140210,50.939999,53.68,50.09,50.120983,6195600
HAS,20140207,49.919998,50.290001,49.419998,47.948052,1775200
HAS,20140206,49.040001,49.939999,48.98,47.53644,2096200
HAS,20140205,48.50,49.119999,48.279999,46.674924,1716500
HAS,20140204,48.299999,49.169998,48.009998,46.598347,1641800
HAS,20140203,47.48,49.32,47.48,46.024006,2313900
HAS,20140131,48.75,49.299999,47.720001,47.01953,4776500
HAS,20140130,51.00,51.349998,50.830002,48.665983,1074600
HAS,20140129,51.41,51.639999,50.509998,48.26708,1340300
HAS,20140128,51.150002,52.110001,50.919998,49.359311,1905400
HAS,20140127,51.279999,51.709999,50.869999,48.533013,1197700
HAS,20140124,51.119999,51.52,50.970001,48.694475,1512500
HAS,20140123,52.349998,52.349998,51.459999,49.254836,913300
HAS,20140122,51.73,52.459999,51.540001,49.739215,844300
HAS,20140121,52.41,52.48,51.48,49.207349,915800
HAS,20140117,52.240002,52.639999,51.799999,49.387803,868000
HAS,20140116,51.98,52.50,51.860001,49.72022,927300
HAS,20140115,52.259998,52.400002,51.970001,49.64424,733400
HAS,20140114,52.439999,52.540001,51.91,49.682232,1231500
HAS,20140113,52.799999,53.18,52.099998,49.625244,1249400
HAS,20140110,52.970001,53.43,52.68,50.37556,1615900
HAS,20140109,53.830002,53.889999,52.66,50.318573,1750200
HAS,20140108,53.779999,53.889999,53.310001,51.021401,1045700
HAS,20140107,54.299999,54.310001,53.50,51.078384,1461800
HAS,20140106,54.220001,54.369999,53.650002,51.030897,900000
HAS,20140103,51.599998,54.50,51.599998,51.391809,848600
HAS,20140102,54.889999,55.18,54.560001,51.8382,2326100
HAS,20131231,55.16,55.16,54.689999,52.246595,776800
HAS,20131230,54.43,55.049999,54.389999,52.208608,892700
HAS,20131227,54.009998,54.549999,54.00,51.667242,1178000
HAS,20131226,53.459999,54.25,53.189999,51.439296,1066500
HAS,20131224,53.330002,53.75,53.200001,50.764964,449300
HAS,20131223,52.900002,53.220001,52.59,50.489531,1585900
HAS,20131220,50.220001,52.720001,50.220001,49.85319,1510700
HAS,20131219,52.099998,52.970001,52.099998,49.64424,1662500
HAS,20131218,51.700001,52.48,51.130001,49.815198,1275400
HAS,20131217,51.080002,51.610001,51.00,48.941412,850800
HAS,20131216,51.759998,52.02,51.110001,48.732466,791000
HAS,20131213,51.450001,52.110001,51.369999,49.159858,598300
HAS,20131212,51.419998,51.849998,51.369999,48.893925,938100
HAS,20131211,52.290001,52.419998,51.560001,49.017395,898700
HAS,20131210,52.290001,52.689999,52.07,49.625244,974100
HAS,20131209,51.759998,52.439999,51.52,49.777207,1489400
HAS,20131206,52.77,52.919998,51.700001,49.159858,1898500
HAS,20131205,52.110001,52.580002,51.41,49.739215,2764600
HAS,20131204,52.669998,52.880001,51.009998,49.454286,4121300
HAS,20131203,53.400002,53.84,52.450001,50.309077,1427000
HAS,20131202,53.98,54.139999,53.540001,50.964414,1163300
HAS,20131129,53.73,54.110001,53.709999,51.116376,340600
HAS,20131127,53.689999,54.07,53.290001,51.144868,1015800
HAS,20131126,53.720001,53.91,53.369999,51.049893,1316700
HAS,20131125,53.00,53.860001,52.41,50.89793,1812200
HAS,20131122,51.779999,52.93,51.50,50.223598,1330000
HAS,20131121,52.150002,52.25,51.59,49.482778,888500
HAS,20131120,51.880001,52.139999,51.73,49.292828,969200
HAS,20131119,52.139999,52.23,51.619999,49.178854,853500
HAS,20131118,52.849998,52.93,52.02,49.463786,820000
HAS,20131115,52.619999,52.970001,52.23,50.081131,950400
HAS,20131114,52.75,53.00,52.419998,50.090631,915100
HAS,20131113,51.119999,52.950001,50.990002,50.290081,2594500
HAS,20131112,51.150002,51.380001,50.720001,48.675479,899500
HAS,20131111,50.509998,51.599998,50.509998,48.675479,1463600
HAS,20131108,50.59,50.98,50.169998,47.944159,2721200
HAS,20131107,51.700001,52.16,50.419998,48.05813,1840400
HAS,20131106,52.369999,52.369999,51.91,49.663236,1162300
HAS,20131105,51.790001,52.259998,51.509998,49.473282,865000
HAS,20131104,52.029999,52.509998,51.700001,49.615748,1604500
HAS,20131101,51.68,52.389999,51.360001,49.235841,954700
HAS,20131031,52.139999,52.740002,51.650002,49.055387,1410500
HAS,20131030,52.98,53.369999,51.970001,49.625244,1626400
HAS,20131029,52.400002,53.68,52.27,50.318573,2208300
HAS,20131028,52.110001,52.470001,51.84,49.140263,1832500
HAS,20131025,50.73,52.52,50.73,49.064849,2997200
HAS,20131024,50.18,51.049999,50.150002,47.66973,995000
HAS,20131023,49.990002,50.389999,49.130001,47.198406,2541000
HAS,20131022,50.110001,50.16,49.650002,47.122996,3184000
HAS,20131021,48.93,51.68,48.709999,46.86848,5335700
HAS,20131018,47.00,47.349998,46.57,44.530713,1906500
HAS,20131017,45.75,46.849998,45.75,44.144227,1499000
HAS,20131016,47.27,47.540001,45.439999,43.45609,3918500
HAS,20131015,46.330002,46.560001,45.77,43.352402,1617800
HAS,20131014,46.380001,46.68,46.220001,43.852005,1798300
HAS,20131011,46.119999,46.830002,46.119999,44.040535,994900
HAS,20131010,46.349998,46.650002,46.200001,43.644621,803800
HAS,20131009,46.099998,46.220001,45.849998,43.352402,886400
HAS,20131008,46.630001,46.650002,45.73,43.295842,1552100
HAS,20131007,47.110001,47.32,46.450001,43.955696,962300
HAS,20131004,46.900002,47.459999,46.82,44.709814,804500
HAS,20131003,47.110001,47.439999,46.68,44.276197,1027800
HAS,20131002,47.349998,47.41,46.75,44.624976,971300
HAS,20131001,47.049999,47.779999,46.98,44.888916,1067800
HAS,20130930,47.110001,47.279999,46.830002,44.436446,1089200
HAS,20130927,47.299999,47.610001,47.119999,44.662683,970500
HAS,20130926,48.360001,48.360001,47.41,44.936048,932700
HAS,20130925,48.400002,48.59,47.619999,45.15286,1151300
HAS,20130924,48.549999,48.93,48.330002,45.633609,1054400
HAS,20130923,48.830002,48.91,48.150002,45.737301,1397500
HAS,20130920,49.299999,49.75,48.75,45.991817,1529800
HAS,20130919,48.73,49.450001,48.68,46.472566,957100
HAS,20130918,47.779999,48.799999,47.560001,45.878696,2841200
HAS,20130917,47.389999,47.93,47.389999,45.020887,684400
HAS,20130916,47.400002,47.650002,47.110001,44.672108,826900
HAS,20130913,46.59,46.889999,46.23,44.134798,1100600
HAS,20130912,47.040001,47.16,46.450001,43.833151,1328000
HAS,20130911,47.049999,47.459999,46.990002,44.455299,1179300
HAS,20130910,48.240002,48.66,46.919998,44.464724,2604800
HAS,20130909,47.959999,48.240002,47.950001,45.397947,1364300
HAS,20130906,47.50,48.540001,47.349998,45.237699,1609300
HAS,20130905,46.860001,47.59,46.73,44.83236,1634400
HAS,20130904,46.310001,46.82,46.189999,44.04996,1489300
HAS,20130903,45.990002,46.330002,45.740002,43.625767,1253100
HAS,20130830,45.689999,45.720001,45.150002,42.965916,1036700
HAS,20130829,45.43,45.939999,45.400002,43.013048,948400
HAS,20130828,45.560001,45.720001,45.330002,43.022473,681700
HAS,20130827,46.07,46.16,45.540001,42.947063,794500
HAS,20130826,47.610001,47.610001,46.290001,43.729459,1529900
HAS,20130823,45.419998,46.150002,45.099998,43.465519,824900
HAS,20130822,44.869999,45.599998,44.689999,42.664265,450200
HAS,20130821,44.93,45.130001,44.740002,42.192941,685800
HAS,20130820,44.869999,45.259998,44.869999,42.494592,669300
HAS,20130819,44.93,45.279999,44.73,42.315487,1118300
HAS,20130816,45.099998,45.259998,44.799999,42.324915,1314800
HAS,20130815,45.209999,45.330002,44.759998,42.456885,690000
HAS,20130814,45.610001,45.799999,45.299999,42.843371,477100
HAS,20130813,46.25,46.25,45.16,43.069605,814100
HAS,20130812,45.580002,46.209999,45.130001,42.749104,2554900
HAS,20130809,46.310001,46.34,45.860001,43.32412,1036200
HAS,20130808,46.240002,46.41,46.07,43.672903,630600
HAS,20130807,46.02,46.220001,45.709999,43.295842,711400
HAS,20130806,46.68,46.869999,45.959999,43.606914,1218500
HAS,20130805,46.799999,47.009998,46.709999,44.115945,616200
HAS,20130802,46.970001,47.16,46.75,44.29505,875600
HAS,20130801,46.080002,47.060001,46.00,44.266769,1581300
HAS,20130731,46.619999,46.630001,45.950001,43.361827,805800
HAS,20130730,46.860001,46.970001,46.07,43.738888,1255400
HAS,20130729,46.919998,47.25,46.759998,44.068814,1646100
HAS,20130726,46.84,47.220001,46.77,44.003388,612700
HAS,20130725,47.00,47.369999,46.91,44.022078,914500
HAS,20130724,47.720001,47.93,46.84,44.040772,1622400
HAS,20130723,47.98,48.349998,47.630001,44.704377,3351400
HAS,20130722,45.119999,47.970001,44.900002,43.807109,3772900
HAS,20130719,46.27,46.459999,45.349998,42.41448,2424000
HAS,20130718,46.200001,46.549999,46.060001,43.442595,1448700
HAS,20130717,46.00,46.669998,45.619999,43.022002,1979500
HAS,20130716,47.41,47.549999,46.91,44.078159,1308800
HAS,20130715,47.779999,47.84,47.240002,44.349208,912300
HAS,20130712,47.279999,47.75,47.279999,44.526791,841200
HAS,20130711,47.560001,47.599998,46.740002,44.190316,1065600
HAS,20130710,47.060001,47.23,46.540001,43.881883,1183500
HAS,20130709,47.060001,47.549999,46.860001,44.143584,1008800
HAS,20130708,46.700001,47.209999,46.650002,43.657565,1263500
HAS,20130705,46.41,46.619999,45.84,43.564101,538400
HAS,20130703,45.799999,46.200001,45.630001,43.022002,517200
HAS,20130702,45.599998,46.080002,45.509998,42.909844,1274300
HAS,20130701,44.950001,45.759998,44.77,42.741607,1343100
HAS,20130628,44.689999,45.240002,44.360001,41.900423,1353500
HAS,20130627,44.25,44.740002,44.16,41.713492,772500
HAS,20130626,44.450001,44.59,43.799999,41.246166,1170700
HAS,20130625,44.049999,44.259998,43.639999,41.105967,1236100
HAS,20130624,44.169998,44.209999,43.689999,40.984461,951000
HAS,20130621,44.139999,44.540001,43.849998,41.442442,1891200
HAS,20130620,44.450001,44.549999,43.73,40.947078,1117300
HAS,20130619,44.580002,45.330002,44.580002,41.947155,1212600
HAS,20130618,44.380001,44.869999,44.369999,41.816304,679100
HAS,20130617,44.240002,44.91,44.119999,41.414404,998400
HAS,20130614,44.389999,44.639999,44.00,41.208779,794200
HAS,20130613,43.889999,44.439999,43.73,41.423749,800900
HAS,20130612,44.900002,44.990002,43.799999,40.947078,961000
HAS,20130611,44.32,44.860001,43.77,41.778917,1204000
HAS,20130610,44.990002,45.119999,44.509998,41.676105,1182500
HAS,20130607,44.299999,45.040001,44.130001,42.059312,972600
HAS,20130606,44.169998,44.259998,43.459999,41.292898,1231300
HAS,20130605,44.450001,44.630001,44.060001,41.218124,649300
HAS,20130604,44.779999,44.98,44.139999,41.74153,1532100
HAS,20130603,44.970001,44.98,44.099998,41.881729,1067100
HAS,20130531,44.459999,45.02,44.439999,41.573293,1308700
HAS,20130530,44.389999,45.119999,44.290001,41.900423,1239900
HAS,20130529,46.450001,46.689999,44.220001,41.545254,4442700
HAS,20130528,47.630001,48.00,46.630001,43.666913,928300
HAS,20130524,46.560001,47.68,46.369999,44.078159,1320000
HAS,20130523,47.060001,47.209999,46.50,43.900576,1353700
HAS,20130522,48.400002,48.970001,47.299999,44.377247,1499300
HAS,20130521,47.900002,48.720001,47.790001,45.293205,1692200
HAS,20130520,47.939999,47.970001,47.59,44.582871,735900
HAS,20130517,47.330002,47.939999,47.330002,44.779147,932600
HAS,20130516,47.630001,47.880001,47.139999,44.124891,1060100
HAS,20130515,47.549999,47.779999,47.369999,44.498753,1431600
HAS,20130514,47.389999,47.630001,47.009998,44.405285,1875200
HAS,20130513,47.48,47.740002,47.220001,44.358553,1228000
HAS,20130510,47.380001,47.91,47.369999,44.405285,1183400
HAS,20130509,47.700001,47.889999,47.419998,44.480059,1011500
HAS,20130508,47.459999,47.720001,47.400002,44.489404,1119300
HAS,20130507,47.040001,47.52,47.00,44.358553,1585700
HAS,20130506,47.41,47.439999,46.84,44.068814,1218700
HAS,20130503,47.099998,47.389999,46.959999,44.134239,1034400
HAS,20130502,47.049999,47.549999,46.720001,43.751032,1240100
HAS,20130501,47.50,47.740002,46.669998,43.975346,1362400
HAS,20130430,47.700001,47.73,47.209999,44.274435,1156900
HAS,20130429,47.02,47.68,46.900002,44.536139,1244200
HAS,20130426,47.810001,47.939999,47.27,43.80711,1351000
HAS,20130425,47.419998,48.400002,47.259998,44.261211,1290400
HAS,20130424,47.50,47.700001,46.709999,43.816376,2169100
HAS,20130423,47.00,47.790001,46.459999,44.261211,1870100
HAS,20130422,46.380001,48.459999,45.860001,43.139854,5200300
HAS,20130419,44.360001,45.119999,44.049999,41.721939,1393800
HAS,20130418,43.709999,44.57,43.459999,41.091754,1346600
HAS,20130417,44.360001,44.389999,43.34,40.53571,1150900
HAS,20130416,43.919998,44.380001,43.790001,41.082489,723700
HAS,20130415,44.650002,45.029999,43.68,40.591313,840000
HAS,20130412,44.830002,45.099998,44.330002,41.619997,713200
HAS,20130411,44.830002,45.540001,44.720001,41.75901,1456600
HAS,20130410,44.029999,44.75,43.799999,41.434648,1705600
HAS,20130409,43.25,44.009998,43.080002,40.693255,860300
HAS,20130408,43.330002,43.389999,43.040001,40.081605,1124800
HAS,20130405,42.869999,43.34,42.57,40.155746,1822300
HAS,20130404,43.23,43.689999,42.98,40.27622,1034800
HAS,20130403,43.43,43.610001,42.919998,39.877721,1494200
HAS,20130402,43.630001,43.630001,43.200001,40.211348,1006700
HAS,20130401,44.00,44.029999,43.41,40.368897,980000
HAS,20130328,43.82,44.00,43.610001,40.721056,993000
HAS,20130327,43.73,43.950001,43.560001,40.470835,660400
HAS,20130326,43.639999,43.860001,43.450001,40.619117,985400
HAS,20130325,43.970001,44.139999,43.389999,40.470835,1376200
HAS,20130322,42.93,43.919998,42.790001,40.628383,1809900
HAS,20130321,42.189999,43.080002,42.02,39.747977,1152500
HAS,20130320,42.02,42.380001,42.02,39.145597,730400
HAS,20130319,42.41,42.450001,41.57,38.765633,962700
HAS,20130318,42.060001,42.369999,41.799999,39.127062,637200
HAS,20130315,42.040001,42.669998,42.040001,39.27534,1271900
HAS,20130314,42.00,42.32,41.779999,39.136328,910300
HAS,20130313,41.549999,41.98,41.299999,38.747097,1197700
HAS,20130312,42.049999,42.220001,41.689999,39.06219,1008400
HAS,20130311,41.68,42.279999,41.380001,39.182664,1459100
HAS,20130308,41.299999,41.75,41.07,38.617351,778700
HAS,20130307,40.91,41.470001,40.889999,38.052041,930300
HAS,20130306,40.700001,41.419998,40.700001,37.950099,1664100
HAS,20130305,40.290001,40.84,40.290001,37.718413,1031600
HAS,20130304,40.009998,40.349998,40.009998,37.143834,1433400
HAS,20130301,40.099998,40.43,39.880001,37.171635,2154700
HAS,20130228,40.43,40.68,40.00,37.088228,1494600
HAS,20130227,40.009998,40.619999,39.990002,37.551599,1515200
HAS,20130226,40.139999,40.419998,39.990002,37.116029,1460500
HAS,20130225,41.330002,41.490002,40.09,37.171635,2403900
HAS,20130222,41.349998,41.48,40.849998,38.116912,1164900
HAS,20130221,41.619999,41.619999,40.75,38.107643,1639800
HAS,20130220,41.040001,41.560001,40.82,38.107643,1427600
HAS,20130219,40.73,40.93,40.32,37.913028,1749500
HAS,20130215,40.990002,41.00,40.43,37.560865,1925000
HAS,20130214,40.240002,40.950001,40.220001,37.885227,2162000
HAS,20130213,40.23,40.549999,39.93,37.458923,2341400
HAS,20130212,39.790001,40.02,39.68,36.96775,2206600
HAS,20130211,40.040001,40.130001,39.400002,36.782401,3309100
HAS,20130208,38.860001,39.84,38.759998,36.921414,2649100
HAS,20130207,38.990002,38.990002,37.91,35.883464,1806900
HAS,20130206,37.799999,38.279999,37.720001,35.373752,1506600
HAS,20130205,37.73,38.060001,37.650002,35.114266,1055500
HAS,20130204,37.43,37.619999,37.25,34.687965,1379100
HAS,20130201,37.689999,37.720001,37.220001,34.89185,1555400
HAS,20130131,37.209999,37.43,37.029999,34.632359,1749700
HAS,20130130,37.349998,37.459999,37.169998,34.511885,2551300
HAS,20130129,36.98,37.27,36.799999,34.49335,1108100
HAS,20130128,37.27,37.27,37.009998,34.308001,3041900
HAS,20130125,37.419998,37.66,36.599998,34.576757,7321900
HAS,20130124,38.200001,38.73,38.169998,35.633243,1873900
HAS,20130123,38.900002,39.00,38.00,35.327416,2370800
HAS,20130122,39.049999,39.099998,38.689999,36.022473,1640100
HAS,20130118,38.150002,39.099998,37.959999,36.152216,3177500
HAS,20130117,37.880001,38.299999,37.610001,35.160602,1747000
HAS,20130116,37.209999,37.880001,37.00,34.817709,2043200
HAS,20130115,36.619999,37.290001,36.389999,34.484081,1993000
HAS,20130114,36.830002,36.889999,35.959999,33.8817,1791000
HAS,20130111,37.16,37.16,36.41,34.187523,2704400
HAS,20130110,35.98,37.349998,35.68,34.354337,5557800
HAS,20130109,35.599998,36.02,35.470001,33.066166,1728300
HAS,20130108,35.259998,35.490002,35.009998,32.788144,2953400
HAS,20130107,35.619999,35.75,35.00,32.760339,2372900
HAS,20130104,36.279999,36.439999,35.650002,33.121772,2228900
HAS,20130103,35.610001,36.18,35.50,33.473931,2271100
HAS,20130102,36.369999,36.380001,35.299999,33.195909,2460900
