HES,20151030,56.52,57.00,54.68,56.209999,3719900
HES,20151029,57.049999,58.610001,56.07,56.139999,4192400
HES,20151028,53.299999,57.540001,53.049999,57.07,7157900
HES,20151027,57.779999,57.869999,55.740002,56.93,4278000
HES,20151026,60.580002,60.639999,58.599998,58.709999,2232900
HES,20151023,60.709999,61.799999,60.009998,60.869999,2159900
HES,20151022,59.75,61.18,59.59,61.130001,2711200
HES,20151021,60.049999,60.369999,58.970001,59.080002,1738500
HES,20151020,59.360001,60.639999,59.130001,60.349998,3060600
HES,20151019,60.23,60.490002,59.23,59.82,2380100
HES,20151016,61.740002,62.32,60.209999,61.029999,2151900
HES,20151015,60.150002,61.549999,59.599998,61.419998,1659400
HES,20151014,59.970001,60.59,59.50,60.209999,1993500
HES,20151013,59.529999,60.849998,58.919998,60.279999,3312500
HES,20151012,61.91,62.130001,59.59,60.130001,2539600
HES,20151009,62.509998,63.209999,61.029999,61.91,3051600
HES,20151008,59.950001,63.16,59.84,62.57,5267300
HES,20151007,60.23,61.310001,57.950001,59.98,4463900
HES,20151006,55.91,59.189999,55.700001,58.779999,4361500
HES,20151005,53.950001,56.290001,53.950001,55.880001,4755800
HES,20151002,49.639999,53.919998,49.639999,53.689999,3098100
HES,20151001,50.810001,51.560001,50.02,50.75,3373900
HES,20150930,48.639999,50.150002,48.450001,50.060001,3301600
HES,20150929,48.470001,48.889999,47.84,48.279999,2216800
HES,20150928,49.41,49.889999,48.23,48.259998,2607500
HES,20150925,50.529999,50.810001,49.709999,50.27,2767400
HES,20150924,49.860001,50.400002,49.310001,50.049999,3662400
HES,20150923,51.459999,51.73,49.91,50.07,1853100
HES,20150922,51.360001,52.650002,50.709999,51.150002,2705300
HES,20150921,52.959999,53.150002,52.07,52.299999,4019900
HES,20150918,53.599998,53.98,52.07,52.43,3553600
HES,20150917,54.490002,56.040001,53.810001,54.599998,2818600
HES,20150916,53.490002,54.84,53.32,54.44,2531700
HES,20150915,52.299999,53.580002,52.169998,52.548687,2975400
HES,20150914,52.360001,52.400002,51.09,51.742389,3609000
HES,20150911,53.080002,53.169998,51.41,52.260012,3932700
HES,20150910,55.139999,55.599998,53.639999,53.852697,3943400
HES,20150909,56.990002,58.240002,54.799999,54.668948,2710400
HES,20150908,56.91,57.099998,55.189999,56.271589,2957200
HES,20150904,56.41,57.00,55.849998,56.092411,2173300
HES,20150903,58.00,59.279999,56.630001,57.137615,3289500
HES,20150902,57.82,57.860001,55.349998,57.247109,3555000
HES,20150901,57.27,58.610001,56.529999,56.809121,3903200
HES,20150831,56.110001,59.799999,55.330002,59.178243,4186300
HES,20150828,55.509998,58.599998,54.50,57.197338,3963100
HES,20150827,52.57,56.060001,52.360001,55.505108,5105000
HES,20150826,51.23,51.580002,49.860001,50.985864,4019300
HES,20150825,53.009998,53.84,49.900002,49.711713,3798500
HES,20150824,51.779999,54.00,50.380001,50.74696,5732100
HES,20150821,55.310001,56.16,54.810001,54.738631,3426800
HES,20150820,56.529999,57.240002,55.700001,55.485203,2640300
HES,20150819,58.75,59.18,56.310001,56.470675,2471700
HES,20150818,59.509998,59.799999,58.439999,58.939338,1773600
HES,20150817,58.619999,59.619999,58.380001,58.511304,1776300
HES,20150814,58.73,60.00,58.700001,58.809935,2663200
HES,20150813,59.110001,59.549999,58.450001,58.52126,3258400
HES,20150812,57.419998,59.490002,57.07,59.148378,4753900
HES,20150811,57.220001,57.990002,56.599998,57.625373,2393600
HES,20150810,56.119999,58.50,56.09,58.172858,2678300
HES,20150807,56.599998,57.740002,55.689999,55.664377,3174800
HES,20150806,55.580002,56.900002,54.650002,56.550312,3819200
HES,20150805,58.459999,58.950001,55.919998,55.664377,3877900
HES,20150804,58.07,58.990002,57.310001,57.286927,2991200
HES,20150803,58.209999,58.889999,57.32,57.436243,3295800
HES,20150731,59.720001,60.299999,58.810001,58.740252,3033100
HES,20150730,60.040001,60.779999,59.68,60.054221,2984100
HES,20150729,59.950001,61.880001,59.200001,59.765546,6091700
HES,20150728,57.98,59.880001,57.580002,59.377329,3838200
HES,20150727,57.650002,58.549999,57.18,57.416334,3321700
HES,20150724,59.389999,59.389999,57.700001,58.222632,4584500
HES,20150723,58.959999,59.490002,58.349998,59.009018,2333100
HES,20150722,59.34,59.75,58.610001,58.730299,2144800
HES,20150721,59.799999,60.560001,59.00,58.909477,2470500
HES,20150720,60.970001,61.110001,59.509998,59.327555,2486000
HES,20150717,62.380001,62.709999,61.209999,61.139235,2231400
HES,20150716,63.279999,63.799999,62.610001,62.393478,2782300
HES,20150715,64.160004,64.690002,62.41,62.761785,3191300
HES,20150714,63.98,65.360001,63.73,64.274837,5220000
HES,20150713,64.459999,64.629997,63.66,63.687534,3974300
HES,20150710,64.940002,65.489998,64.029999,64.045885,1984700
HES,20150709,65.620003,65.650002,64.529999,64.354473,2103600
HES,20150708,64.550003,65.330002,63.900002,64.075755,3019500
HES,20150707,64.139999,65.370003,63.310001,64.752647,3123300
HES,20150706,64.599998,65.059998,64.099998,64.115573,2484100
HES,20150702,65.559998,66.199997,65.440002,65.409626,2040900
HES,20150701,66.910004,67.18,65.07,65.12095,2638000
HES,20150630,67.690002,67.690002,66.459999,66.574275,2246400
HES,20150629,67.349998,67.970001,66.900002,66.663868,3140800
HES,20150626,68.029999,68.730003,67.470001,68.117193,5422200
HES,20150625,69.209999,69.440002,67.980003,67.71902,1988200
HES,20150624,69.910004,70.370003,68.959999,68.853808,2969700
HES,20150623,69.370003,70.459999,68.779999,69.908968,2057700
HES,20150622,68.769997,69.260002,68.019997,68.624864,1672100
HES,20150619,68.989998,69.580002,68.489998,68.326232,3340200
HES,20150618,69.779999,70.230003,69.089996,68.993168,1850700
HES,20150617,70.080002,70.669998,68.739998,69.192258,2881300
HES,20150616,67.220001,69.510002,67.139999,69.08276,2969900
HES,20150615,66.879997,67.830002,66.830002,67.022223,2071700
HES,20150612,68.889999,69.18,67.260002,67.350716,3751100
HES,20150611,69.510002,69.900002,68.650002,68.266507,6065700
HES,20150610,66.559998,66.940002,65.50,65.102621,2110600
HES,20150609,65.949997,66.879997,65.50,65.033194,2336500
HES,20150608,65.800003,66.370003,64.839996,64.457941,4880900
HES,20150605,65.989998,67.660004,65.699997,65.539021,2654000
HES,20150604,66.300003,66.639999,66.010002,65.62828,2082900
HES,20150603,67.190002,67.82,66.730003,66.213454,1192700
HES,20150602,67.139999,67.699997,66.540001,66.739114,1703700
HES,20150601,67.18,67.339996,66.690002,66.213454,2782800
HES,20150529,67.279999,67.790001,66.849998,66.967227,2867000
HES,20150528,67.019997,67.50,66.419998,66.739114,2055300
HES,20150527,67.110001,68.139999,66.959999,66.669687,2046000
HES,20150526,68.129997,68.43,67.139999,66.758947,2627100
HES,20150522,69.040001,69.540001,68.43,68.454947,2256700
HES,20150521,70.120003,70.400002,69.379997,69.367421,2781600
HES,20150520,67.949997,69.639999,67.360001,68.980614,4599200
HES,20150519,68.139999,68.550003,67.269997,67.145753,2423900
HES,20150518,68.980003,69.07,68.290001,68.326014,1695200
HES,20150515,69.239998,70.110001,68.650002,69.089714,1846000
HES,20150514,70.349998,70.889999,69.239998,68.841761,1930600
HES,20150513,71.989998,72.139999,69.879997,69.67488,2395300
HES,20150512,71.699997,72.029999,71.019997,70.914647,2539800
HES,20150511,74.360001,74.50,71.650002,71.103094,2575300
HES,20150508,74.160004,74.360001,72.800003,73.731393,3174800
HES,20150507,74.199997,74.400002,72.739998,72.8586,2920200
HES,20150506,75.029999,75.620003,74.029999,73.860333,2765200
HES,20150505,75.389999,76.080002,73.559998,73.295,4479300
HES,20150504,75.980003,76.419998,74.169998,74.078533,3037300
HES,20150501,77.040001,77.279999,74.989998,75.159606,2135300
HES,20150430,78.389999,78.870003,76.599998,76.27044,2924300
HES,20150429,78.00,78.809998,75.400002,77.33168,3896700
HES,20150428,75.029999,76.860001,75.029999,76.121666,2567300
HES,20150427,75.480003,75.900002,75.019997,74.604193,1755000
HES,20150424,75.290001,75.709999,74.779999,74.594273,1662300
HES,20150423,75.75,76.57,75.699997,75.179447,1674100
HES,20150422,75.120003,75.879997,74.559998,74.6637,1807100
HES,20150421,77.559998,77.720001,74.699997,74.326487,2902400
HES,20150420,77.68,79.00,77.440002,77.044053,2443500
HES,20150417,77.360001,77.760002,76.830002,76.825853,2780300
HES,20150416,77.660004,78.529999,77.029999,77.381266,2693200
HES,20150415,75.25,78.25,75.160004,77.450692,4322200
HES,20150414,73.309998,74.879997,73.309998,74.01902,3034300
HES,20150413,73.50,73.989998,72.610001,72.12466,1770000
HES,20150410,72.519997,73.18,71.889999,72.521387,3754300
HES,20150409,71.860001,72.889999,71.860001,71.78744,2620900
HES,20150408,72.300003,72.970001,71.699997,71.26178,1853300
HES,20150407,72.339996,73.410004,71.980003,71.757687,2472600
HES,20150406,69.800003,72.809998,69.459999,71.936213,3466400
HES,20150402,68.889999,69.879997,68.269997,68.633473,2362000
HES,20150401,68.480003,70.110001,68.480003,68.61364,3471200
HES,20150331,67.800003,68.589996,67.519997,67.314367,3555900
HES,20150330,68.279999,68.720001,67.739998,67.998713,2688900
HES,20150327,68.360001,68.400002,67.150002,66.818461,2724700
HES,20150326,69.959999,70.389999,68.739998,68.335934,2730700
HES,20150325,68.519997,69.610001,68.199997,68.534294,3225000
HES,20150324,68.620003,68.650002,67.699997,67.522647,3032800
HES,20150323,68.709999,69.190002,67.809998,67.264774,2796400
HES,20150320,67.910004,69.519997,67.849998,67.780513,5292000
HES,20150319,68.349998,68.690002,67.269997,66.848214,3200700
HES,20150318,68.150002,70.32,67.959999,69.198807,3681600
HES,20150317,68.489998,69.169998,67.550003,67.96896,2469200
HES,20150316,68.529999,69.370003,68.010002,68.514462,2186600
HES,20150313,68.239998,69.209999,67.419998,68.188342,2431800
HES,20150312,70.059998,70.199997,68.709999,67.961044,2240400
HES,20150311,69.510002,70.400002,69.150002,68.781283,2310500
HES,20150310,69.529999,70.25,69.110001,68.425517,2954500
HES,20150309,71.489998,71.790001,70.400002,69.591637,2392300
HES,20150306,73.040001,73.300003,71.089996,70.550228,3166200
HES,20150305,74.379997,74.559998,73.50,72.635408,2630700
HES,20150304,74.720001,74.949997,73.769997,73.959642,2241400
HES,20150303,74.220001,75.139999,73.980003,73.61376,2188300
HES,20150302,75.080002,75.080002,73.160004,73.238233,3050900
HES,20150227,75.839996,76.029999,74.959999,74.196824,3349000
HES,20150226,75.93,76.339996,74.690002,74.542705,2704800
HES,20150225,76.360001,77.370003,76.160004,75.748356,2044700
HES,20150224,76.440002,76.720001,75.639999,75.590234,2011800
HES,20150223,75.160004,76.559998,75.010002,74.977532,3779900
HES,20150220,76.419998,76.699997,75.50,75.402474,2563200
HES,20150219,74.540001,76.970001,74.110001,75.580357,4110600
HES,20150218,76.199997,77.550003,76.00,76.193059,2869000
HES,20150217,75.989998,77.629997,75.529999,76.430234,3622500
HES,20150213,75.68,77.059998,75.370003,75.926239,3505200
HES,20150212,73.760002,74.870003,73.419998,73.831174,3718600
HES,20150211,71.650002,73.559998,71.360001,71.943645,2983800
HES,20150210,73.470001,73.660004,71.459999,71.933761,2917300
HES,20150209,74.470001,74.650002,73.220001,72.912113,2905600
HES,20150206,73.870003,74.339996,72.50,72.111644,2670600
HES,20150205,72.75,73.93,72.169998,72.309288,4893500
HES,20150204,71.419998,72.610001,70.849998,71.162937,3624900
HES,20150203,71.239998,73.360001,71.080002,71.825054,4812200
HES,20150202,68.839996,70.379997,68.480003,69.25564,3589600
HES,20150130,65.040001,68.790001,64.800003,66.696103,5993500
HES,20150129,66.599998,67.300003,63.810001,64.927158,5022900
HES,20150128,70.50,70.889999,66.00,65.243393,6722700
HES,20150127,71.540001,72.480003,70.199997,70.767641,2511500
HES,20150126,70.779999,71.839996,69.970001,70.807171,2836800
HES,20150123,71.279999,71.989998,70.599998,69.996818,2647000
HES,20150122,71.809998,72.150002,70.559998,71.222229,3192500
HES,20150121,70.410004,71.800003,70.019997,70.569997,2077700
HES,20150120,68.480003,69.690002,68.279999,68.751637,2656500
HES,20150116,68.50,70.68,68.440002,69.196341,3776900
HES,20150115,69.239998,70.739998,67.769997,67.121045,5384100
HES,20150114,66.970001,69.309998,66.169998,68.425517,3730700
HES,20150113,68.860001,69.510002,67.190002,66.893754,3365700
HES,20150112,69.769997,70.379997,67.949997,67.625048,3519200
HES,20150109,71.279999,71.610001,70.220001,70.283407,2153500
HES,20150108,70.209999,71.550003,69.599998,70.540343,3349900
HES,20150107,70.300003,71.110001,68.940002,68.484816,2309600
HES,20150106,69.879997,71.709999,68.769997,68.64293,3651000
HES,20150105,72.639999,73.00,69.940002,69.720112,3510300
HES,20150102,73.190002,74.82,72.949997,73.267879,1908000
HES,20141231,73.889999,74.760002,73.010002,72.951644,1984200
HES,20141230,74.389999,75.040001,73.730003,73.257995,2885700
HES,20141229,75.050003,75.620003,74.239998,73.93988,1848600
HES,20141226,75.00,75.419998,74.029999,73.435878,1555800
HES,20141224,74.629997,74.809998,73.110001,73.495177,1249100
HES,20141223,73.650002,75.940002,73.339996,74.473529,4452700
HES,20141222,73.910004,74.080002,72.459999,72.892352,4382200
HES,20141219,71.389999,74.599998,70.75,73.623645,7755800
HES,20141218,71.309998,71.519997,68.639999,69.720112,4934700
HES,20141217,65.93,69.739998,65.849998,68.217988,6127700
HES,20141216,64.480003,68.639999,63.799999,65.45093,7479200
HES,20141215,66.529999,67.459999,65.300003,64.680098,5767100
HES,20141212,66.75,67.699997,65.849998,65.500334,6192300
HES,20141211,68.529999,69.900002,67.559998,66.809751,4904500
HES,20141210,71.190002,71.190002,68.050003,67.518609,4734500
HES,20141209,71.00,72.870003,71.00,71.062892,4364900
HES,20141208,74.32,74.699997,71.029999,70.206354,5079000
HES,20141205,76.00,76.760002,75.330002,74.548105,3922400
HES,20141204,76.029999,76.370003,75.18,75.109283,4136400
HES,20141203,75.419998,77.459999,75.389999,75.621232,4168400
HES,20141202,73.699997,75.639999,72.809998,73.967233,4545100
HES,20141201,72.279999,74.089996,71.199997,72.825189,5449900
HES,20141128,73.93,75.190002,72.800003,71.801284,4428600
HES,20141126,82.139999,82.190002,80.599998,79.57902,3241800
HES,20141125,84.849998,85.00,82.18,81.03611,3899600
HES,20141124,85.400002,85.75,84.050003,83.359586,3124900
HES,20141121,84.940002,86.099998,84.669998,83.891229,4440800
HES,20141120,82.440002,83.629997,82.410004,82.296299,2764800
HES,20141119,82.389999,83.00,81.379997,81.095187,2750800
HES,20141118,81.25,82.550003,80.870003,80.632459,2993700
HES,20141117,82.010002,82.190002,80.360001,79.98267,3928700
HES,20141114,81.669998,83.139999,81.459999,81.744968,3928600
HES,20141113,82.230003,82.760002,79.919998,79.844838,4298400
HES,20141112,83.089996,84.029999,82.099998,81.18379,3587700
HES,20141111,83.830002,84.50,82.879997,82.512895,3345700
HES,20141110,85.370003,86.00,82.75,82.512895,4636700
HES,20141107,84.190002,85.989998,83.739998,83.546648,4306600
HES,20141106,83.089996,84.040001,81.940002,82.414444,3712900
HES,20141105,82.32,83.779999,81.529999,81.882801,3482500
HES,20141104,80.00,81.730003,79.879997,80.17958,3529400
HES,20141103,85.139999,86.25,82.980003,81.971412,3570500
HES,20141031,83.599998,85.059998,82.099998,83.497418,4429100
HES,20141030,82.360001,83.699997,81.660004,81.853266,3202800
HES,20141029,83.529999,84.970001,82.07,81.607135,4545500
HES,20141028,80.25,82.029999,80.110001,80.681681,2828400
HES,20141027,80.760002,81.169998,79.32,79.067064,2812700
HES,20141024,81.760002,82.779999,80.730003,81.075492,2524000
HES,20141023,81.580002,82.900002,80.959999,80.947507,3208800
HES,20141022,83.940002,84.279999,79.989998,78.761864,4778300
HES,20141021,80.900002,82.610001,80.459999,80.081121,3865500
HES,20141020,78.57,80.190002,78.050003,78.476351,3420700
HES,20141017,79.589996,81.25,78.209999,77.393377,5059500
HES,20141016,74.589996,78.839996,74.220001,76.832199,5962000
HES,20141015,74.239998,76.68,72.860001,75.158505,6815700
HES,20141014,78.190002,78.800003,75.540001,74.735167,6889000
HES,20141013,82.330002,83.199997,77.709999,76.576221,4982800
HES,20141010,84.309998,84.739998,82.110001,81.262554,4342200
HES,20141009,87.25,87.889999,84.449997,83.290669,3441000
HES,20141008,87.970001,88.510002,85.669998,87.041708,4202000
HES,20141007,89.68,90.529999,88.43,87.09093,4152100
HES,20141006,90.809998,91.360001,89.669998,88.488951,3130300
HES,20141003,91.879997,91.989998,89.779999,89.315955,2365800
HES,20141002,91.029999,91.93,89.599998,89.906667,3337700
HES,20141001,93.940002,94.580002,90.919998,90.172485,4306900
HES,20140930,95.889999,96.300003,93.57,92.860237,2716900
HES,20140929,95.43,96.529999,94.629997,94.720985,1870000
HES,20140926,95.089996,96.50,95.010002,94.681604,1286700
HES,20140925,96.00,96.199997,94.989998,93.706928,1980000
HES,20140924,96.00,96.849998,94.82,94.514236,2646100
HES,20140923,96.099998,97.260002,95.800003,94.533924,1724900
HES,20140922,97.199997,97.440002,95.93,94.799749,2894900
HES,20140919,98.290001,98.610001,97.309998,96.000869,3066900
HES,20140918,99.449997,99.449997,97.529999,96.217465,2278000
HES,20140917,99.620003,99.660004,98.410004,97.369356,1511200
HES,20140916,98.209999,99.900002,97.760002,97.645021,1877400
HES,20140915,96.739998,98.510002,96.730003,96.453749,2410400
HES,20140912,98.099998,98.349998,96.739998,95.469225,2204600
HES,20140911,98.199997,99.080002,97.709999,97.064151,1689200
HES,20140910,99.199997,99.370003,97.68,97.358764,2133400
HES,20140909,99.980003,100.57,98.660004,97.702474,2603300
HES,20140908,100.550003,100.550003,98.910004,97.957805,1967800
HES,20140905,99.879997,101.029999,99.169998,99.175524,1883000
HES,20140904,100.559998,101.779999,99.50,98.35062,2420000
HES,20140903,101.279999,101.959999,100.43,98.939838,1532600
HES,20140902,101.00,101.25,99.82,98.72379,2013300
HES,20140829,100.209999,101.220001,100.019997,99.283548,1400000
HES,20140828,99.970001,100.410004,99.620003,98.389902,949000
HES,20140827,100.25,100.610001,99.529999,98.173854,1224300
HES,20140826,100.57,101.230003,100.230003,98.458644,1346800
HES,20140825,99.389999,100.50,99.07,98.360442,1381000
HES,20140822,99.57,99.57,98.18,97.034692,1855700
HES,20140821,99.519997,100.290001,99.230003,98.272055,1478400
HES,20140820,99.260002,99.699997,98.870003,97.614095,1377200
HES,20140819,98.150002,99.540001,98.019997,97.496248,1823400
HES,20140818,99.209999,99.440002,96.93,96.141045,2360100
HES,20140815,97.830002,98.970001,97.800003,97.123078,3021800
HES,20140814,99.199997,99.449997,97.290001,95.77769,2454700
HES,20140813,99.480003,99.860001,99.019997,97.339127,1960600
HES,20140812,99.690002,100.050003,98.660004,97.25074,1404700
HES,20140811,100.349998,101.00,100.07,98.340797,1568300
HES,20140808,98.169998,100.050003,98.040001,98.124749,2434500
HES,20140807,99.169998,99.57,97.550003,96.082118,2224400
HES,20140806,98.129997,99.720001,98.129997,96.995409,2013300
HES,20140805,100.209999,100.279999,98.099998,96.818643,3216700
HES,20140804,97.949997,100.550003,97.949997,98.63541,2204700
HES,20140801,98.650002,98.860001,96.970001,96.239247,3123300
HES,20140731,100.389999,100.50,98.489998,97.201643,3682000
HES,20140730,104.00,104.50,99.870003,99.234451,4860600
HES,20140729,99.769997,100.120003,99.339996,97.633732,2586500
HES,20140728,99.860001,100.080002,99.160004,98.03637,1662100
HES,20140725,100.370003,100.510002,99.720001,98.016725,1202400
HES,20140724,100.050003,100.980003,99.870003,98.930016,1505500
HES,20140723,100.080002,100.419998,99.629997,98.360442,1575800
HES,20140722,99.669998,100.089996,99.269997,98.00691,2281800
HES,20140721,98.620003,99.709999,98.519997,97.535531,2203400
HES,20140718,98.620003,99.290001,98.449997,96.946312,2788500
HES,20140717,98.760002,100.230003,98.379997,96.681159,2513800
HES,20140716,98.620003,100.00,98.620003,97.437329,2166300
HES,20140715,98.800003,98.949997,97.540001,96.072303,2606900
HES,20140714,98.480003,99.370003,98.480003,97.427506,2329200
HES,20140711,97.400002,98.510002,97.400002,96.082118,1670000
HES,20140710,98.349998,98.800003,97.57,96.730264,3000900
HES,20140709,99.120003,99.870003,98.410004,97.25074,3293100
HES,20140708,98.959999,100.120003,98.800003,97.181998,2671300
HES,20140707,99.639999,100.099998,98.860001,97.417684,1861800
HES,20140703,99.519997,100.110001,99.32,98.134571,1500700
HES,20140702,99.199997,99.889999,99.00,97.633732,1683700
HES,20140701,99.300003,99.940002,99.00,97.820321,2335600
HES,20140630,98.400002,99.089996,97.809998,97.113256,2582000
HES,20140627,97.25,98.339996,97.139999,96.524038,2393900
HES,20140626,98.089996,98.32,96.75,95.83661,1591600
HES,20140625,95.459999,98.300003,95.440002,96.416013,2732100
HES,20140624,98.400002,98.82,96.379997,94.756375,1891900
HES,20140623,98.110001,99.099998,97.959999,96.632062,1928900
HES,20140620,97.699997,97.989998,97.18,96.199965,3626700
HES,20140619,95.949997,97.339996,95.949997,95.591102,1878700
HES,20140618,95.940002,96.589996,95.209999,94.589431,2028400
HES,20140617,95.470001,96.07,94.93,94.216261,1824400
HES,20140616,95.989998,96.50,95.639999,94.167157,2165700
HES,20140613,95.690002,96.110001,94.970001,94.226076,1751400
HES,20140612,95.339996,96.730003,95.199997,93.764527,2292300
HES,20140611,94.199997,96.00,94.089996,93.352069,2430900
HES,20140610,93.849998,94.580002,93.660004,92.372612,1908700
HES,20140609,93.449997,94.379997,93.260002,92.166927,2133100
HES,20140606,92.480003,93.870003,92.43,91.402951,2754300
HES,20140605,92.169998,92.559998,91.910004,90.305956,1975800
HES,20140604,92.220001,92.769997,91.800003,90.413697,1344500
HES,20140603,91.199997,92.389999,91.010002,90.492056,3118800
HES,20140602,91.690002,91.720001,90.809998,89.43424,1528900
HES,20140530,90.400002,91.540001,90.339996,89.424451,2838800
HES,20140529,90.00,90.790001,89.709999,88.72903,2933300
HES,20140528,88.50,90.57,88.50,88.121771,2642100
HES,20140527,89.910004,90.089996,89.040001,87.592863,2335300
HES,20140523,90.160004,90.589996,89.449997,88.01403,2742100
HES,20140522,91.410004,91.919998,90.279999,88.435197,4322700
HES,20140521,88.550003,89.57,88.449997,87.465536,1615700
HES,20140520,87.82,88.529999,87.519997,86.221621,1765200
HES,20140519,87.349998,88.459999,87.339996,86.133474,1900200
HES,20140516,88.040001,88.190002,86.959999,85.604566,2345100
HES,20140515,88.599998,88.730003,87.209999,86.378338,1828300
HES,20140514,87.110001,89.580002,87.110001,87.191282,1690300
HES,20140513,88.50,88.690002,88.169998,86.848473,2065500
HES,20140512,88.120003,88.709999,87.75,86.525251,1672500
HES,20140509,88.440002,88.580002,87.25,85.810251,2079800
HES,20140508,88.580002,89.120003,87.82,86.397924,2360500
HES,20140507,88.00,89.220001,88.00,87.103134,1763700
HES,20140506,88.639999,89.190002,88.080002,86.280386,3519300
HES,20140505,88.07,88.949997,88.00,86.770115,1816000
HES,20140502,88.989998,89.349998,88.459999,86.848473,1796100
HES,20140501,89.010002,89.489998,88.440002,87.073752,1911300
HES,20140430,89.00,90.290001,88.129997,87.328413,4240100
HES,20140429,87.349998,88.660004,87.349998,86.211825,2782100
HES,20140428,87.889999,87.989998,86.730003,85.43806,2200900
HES,20140425,88.07,88.220001,87.129997,85.633948,1770600
HES,20140424,88.629997,88.989998,87.910004,86.495868,1775800
HES,20140423,88.260002,88.870003,88.129997,86.358745,2293900
HES,20140422,87.50,88.300003,87.07,86.202035,1944300
HES,20140421,87.50,88.00,87.209999,85.976757,2015900
HES,20140417,86.449997,87.309998,85.82,85.477232,4177400
HES,20140416,86.559998,86.989998,85.970001,84.762232,2750000
HES,20140415,84.809998,86.110001,84.459999,84.331269,2551400
HES,20140414,84.470001,85.57,84.18,83.175509,1846100
HES,20140411,82.519997,84.449997,82.519997,81.86304,1985000
HES,20140410,85.089996,85.669998,83.959999,82.293996,3325500
HES,20140409,84.290001,85.209999,83.580002,83.459552,2564100
HES,20140408,83.879997,84.50,83.50,82.27441,2577600
HES,20140407,85.18,85.279999,83.540001,82.000163,2557800
HES,20140404,86.029999,86.57,84.589996,83.586879,4198300
HES,20140403,84.940002,85.970001,84.690002,83.870922,2912700
HES,20140402,84.120003,85.120003,83.709999,83.214688,2862800
HES,20140401,82.93,83.959999,82.550003,82.235231,2569500
HES,20140331,83.559998,83.559998,82.309998,81.177415,3021400
HES,20140328,81.870003,83.440002,81.870003,81.510434,2127200
HES,20140327,81.550003,82.489998,81.290001,80.315495,1537400
HES,20140326,82.43,82.800003,81.209999,79.69844,2089900
HES,20140325,82.089996,82.510002,81.940002,80.354674,1522200
HES,20140324,82.32,82.889999,81.379997,79.904125,1490500
HES,20140321,81.790001,82.559998,81.370003,80.276316,3738100
HES,20140320,80.410004,81.330002,79.919998,79.512341,1519200
HES,20140319,80.93,81.68,80.080002,78.963847,1731000
HES,20140318,80.440002,81.610001,80.150002,79.394803,1643600
HES,20140317,80.519997,81.110001,80.07,78.513297,1556600
HES,20140314,79.919998,80.43,79.529999,78.386359,2049600
HES,20140313,80.650002,81.059998,79.660004,77.966501,2057400
HES,20140312,80.239998,81.239998,79.599998,78.903856,1954500
HES,20140311,82.339996,82.349998,80.860001,79.294422,1537900
HES,20140310,81.580002,82.330002,80.120003,80.300126,1967500
HES,20140307,81.919998,82.029999,81.370003,79.938858,2298800
HES,20140306,80.900002,81.540001,80.739998,79.519,1997600
HES,20140305,80.150002,80.779999,79.860001,78.835507,3018200
HES,20140304,80.080002,80.830002,79.620003,78.454707,2668500
HES,20140303,79.480003,80.629997,79.300003,77.605234,1893300
HES,20140228,79.699997,80.440002,78.809998,78.142256,2632000
HES,20140227,79.300003,79.660004,79.019997,77.624759,2803300
HES,20140226,80.089996,80.400002,79.129997,77.449004,4147400
HES,20140225,81.650002,81.650002,79.940002,78.405891,4361200
HES,20140224,81.639999,82.480003,81.440002,79.528759,3576000
HES,20140221,81.739998,81.879997,80.769997,79.255365,2753700
HES,20140220,80.769997,81.949997,80.50,79.684989,3536900
HES,20140219,80.150002,81.32,80.129997,78.806216,2883900
HES,20140218,79.830002,80.75,79.720001,78.562113,3585100
HES,20140214,78.82,80.00,78.629997,77.624759,3260400
HES,20140213,77.589996,79.370003,77.360001,76.814335,2337600
HES,20140212,78.720001,78.75,77.949997,76.189432,2310700
HES,20140211,77.00,78.669998,77.00,76.404244,2484000
HES,20140210,77.260002,77.370003,76.610001,75.173962,2377600
HES,20140207,76.650002,77.209999,76.150002,75.359483,2871600
HES,20140206,75.029999,76.449997,74.849998,74.510002,2082200
HES,20140205,74.339996,75.07,73.790001,72.898928,3079100
HES,20140204,74.120003,75.120003,73.57,72.996568,4269900
HES,20140203,75.449997,75.470001,73.360001,72.176378,4349700
HES,20140131,75.400002,76.279999,74.879997,73.709344,2722700
HES,20140130,76.639999,77.239998,76.019997,74.724814,3004600
HES,20140129,75.769997,78.849998,75.580002,75.242311,3896900
HES,20140128,75.889999,77.190002,75.75,74.988449,2504400
HES,20140127,76.139999,76.580002,75.139999,73.797225,1909000
HES,20140124,76.540001,77.040001,75.519997,74.451419,2680600
HES,20140123,77.769997,78.059998,76.959999,75.574295,1832300
HES,20140122,78.150002,78.690002,77.720001,76.277313,1893900
HES,20140121,77.800003,78.080002,77.239998,76.082026,2222600
HES,20140117,77.720001,78.269997,77.029999,75.310659,2650100
HES,20140116,77.739998,78.029999,77.169998,75.886746,3237900
HES,20140115,78.669998,79.18,77.650002,75.837923,5375100
HES,20140114,78.919998,79.720001,78.919998,77.65405,1817100
HES,20140113,80.75,81.110001,78.720001,77.009622,2913200
HES,20140110,81.110001,81.459999,80.50,78.991737,2363400
HES,20140109,81.870003,82.160004,80.860001,79.421353,2864200
HES,20140108,81.610001,81.790001,80.580002,79.763103,3145200
HES,20140107,79.980003,81.230003,79.919998,78.95268,2034400
HES,20140106,79.529999,80.089996,78.989998,78.03485,2680800
HES,20140103,80.860001,81.720001,79.970001,78.386359,1922700
HES,20140102,82.949997,83.00,80.690002,79.206549,2752600
HES,20131231,82.900002,83.290001,82.449997,81.042201,1489300
HES,20131230,83.07,83.540001,82.589996,80.661401,1471400
HES,20131227,82.769997,83.389999,82.269997,81.110549,1333500
HES,20131226,81.279999,82.849998,81.160004,80.651634,1548600
HES,20131224,80.25,81.260002,80.019997,79.226074,1036100
HES,20131223,80.720001,81.400002,80.139999,78.327776,2309000
HES,20131220,80.68,81.419998,80.160004,78.278953,3826500
HES,20131219,80.419998,81.080002,80.139999,78.640228,2118200
HES,20131218,79.599998,80.900002,78.669998,78.923388,2749700
HES,20131217,81.150002,81.18,78.949997,77.634525,3307600
HES,20131216,78.00,79.730003,77.519997,77.478295,2790000
HES,20131213,78.50,79.300003,78.410004,77.087729,2665500
HES,20131212,78.940002,79.43,77.879997,76.462823,2650000
HES,20131211,79.669998,79.870003,78.809998,76.832684,2470200
HES,20131210,80.599998,81.300003,79.580002,77.805989,2505500
HES,20131209,80.910004,81.209999,80.019997,78.360772,2083000
HES,20131206,82.43,82.790001,80.459999,78.701427,2295600
HES,20131205,81.830002,82.379997,81.400002,79.295144,2106600
HES,20131204,80.980003,82.650002,80.980003,80.015387,2304500
HES,20131203,80.629997,81.540001,80.25,78.983687,3157300
HES,20131202,81.010002,81.599998,80.330002,78.750096,1959000
HES,20131129,81.620003,82.510002,81.099998,78.964216,1352500
HES,20131127,83.540001,83.540001,81.089996,79.304879,2484000
HES,20131126,82.82,84.330002,82.199997,81.378016,2394700
HES,20131125,82.220001,83.279999,81.699997,80.424174,2001200
HES,20131122,82.660004,83.349998,81.599998,81.105491,2224700
HES,20131121,81.449997,82.489998,81.150002,80.132187,1915800
HES,20131120,81.900002,82.75,80.989998,79.139412,1631500
HES,20131119,81.75,82.269997,80.93,79.70393,1814800
HES,20131118,83.150002,83.32,81.589996,79.7234,2078100
HES,20131115,81.900002,82.860001,81.519997,80.648037,3378400
HES,20131114,80.760002,81.800003,80.489998,79.519,2215500
HES,20131113,79.370003,80.879997,79.360001,78.623561,1978200
HES,20131112,80.949997,81.339996,79.720001,77.805989,2233700
HES,20131111,80.379997,81.239998,80.190002,78.711163,2127300
HES,20131108,78.919998,80.330002,78.889999,78.156379,2156700
HES,20131107,81.029999,81.389999,78.68,76.676952,3303300
HES,20131106,81.019997,82.559998,80.550003,78.837689,3069800
HES,20131105,81.349998,81.610001,80.370003,78.341302,2906000
HES,20131104,81.120003,81.949997,81.019997,79.548205,2202500
HES,20131101,81.220001,81.489998,80.040001,78.769558,3550400
HES,20131031,80.830002,81.940002,79.980003,79.032347,3306700
HES,20131030,82.160004,82.669998,79.959999,78.175842,6151900
HES,20131029,83.300003,83.800003,83.010002,81.270951,1497700
HES,20131028,83.330002,83.629997,82.690002,80.940031,2066200
HES,20131025,83.419998,83.779999,82.43,80.978957,1548600
HES,20131024,82.279999,83.330002,81.739998,80.871893,1883500
HES,20131023,83.00,83.019997,81.059998,79.733128,4193100
HES,20131022,84.529999,85.150002,83.330002,81.329347,4171900
HES,20131021,84.080002,84.849998,83.690002,81.757604,3127000
HES,20131018,82.870003,84.07,82.809998,81.816,3568200
HES,20131017,81.370003,82.589996,81.370003,80.190583,2791000
HES,20131016,81.32,82.440002,81.32,80.112716,3995900
HES,20131015,80.279999,81.639999,80.279999,78.652759,3646300
HES,20131014,80.529999,81.529999,80.349998,79.139412,3135500
HES,20131011,80.25,81.400002,79.93,78.935018,3736000
HES,20131010,81.040001,81.230003,79.529999,78.633296,3704100
HES,20131009,78.129997,79.139999,77.949997,76.433625,2850800
HES,20131008,79.360001,80.339996,78.540001,76.667216,2598200
HES,20131007,79.540001,80.43,79.269997,77.416665,2416200
HES,20131004,79.769997,80.610001,79.760002,78.000647,3173000
HES,20131003,79.940002,81.120003,79.540001,77.757321,3755600
HES,20131002,78.260002,80.360001,78.260002,77.825452,2428500
HES,20131001,76.970001,78.910004,76.830002,76.589358,2179000
HES,20130930,77.510002,77.800003,76.620003,75.27539,1899500
HES,20130927,78.029999,78.669998,77.879997,76.238967,1184400
HES,20130926,79.059998,79.349998,78.099998,76.686687,1328500
HES,20130925,78.709999,79.32,78.559998,76.618556,1740400
HES,20130924,78.589996,79.349998,78.199997,76.414163,2877100
HES,20130923,78.389999,78.849998,77.510002,76.433625,2324700
HES,20130920,79.639999,80.410004,78.169998,76.530954,4256400
HES,20130919,79.449997,80.349998,79.449997,77.513994,2643000
HES,20130918,77.50,79.50,77.199997,77.105208,2601400
HES,20130917,77.870003,78.220001,77.519997,75.713382,2968700
HES,20130916,78.370003,78.57,77.449997,75.839909,2264400
HES,20130913,77.139999,78.040001,77.139999,75.645251,2085900
HES,20130912,77.699997,78.25,77.120003,75.187796,3026700
HES,20130911,77.870003,78.260002,76.980003,75.771781,2602200
HES,20130910,78.300003,78.32,77.019997,75.471024,2793100
HES,20130909,77.620003,78.339996,77.540001,75.994928,2159100
HES,20130906,76.800003,78.199997,76.260002,74.995634,2537900
HES,20130905,76.279999,77.029999,76.190002,74.248584,2543300
HES,20130904,75.790001,76.720001,75.57,73.879915,2919200
HES,20130903,75.919998,76.449997,75.349998,73.724681,1865300
HES,20130830,75.839996,76.150002,74.809998,72.618666,3032400
HES,20130829,76.089996,76.150002,75.169998,73.55975,1923000
HES,20130828,75.879997,77.050003,75.709999,74.200079,2550500
HES,20130827,74.610001,76.379997,74.610001,73.200778,2661700
HES,20130826,75.75,76.379997,75.190002,73.161977,2415900
HES,20130823,74.690002,75.769997,74.360001,73.404524,1623000
HES,20130822,73.43,74.919998,73.43,72.288805,1754500
HES,20130821,73.580002,74.050003,72.620003,70.852921,2285800
HES,20130820,73.699997,74.470001,72.849998,71.522354,2490200
HES,20130819,74.739998,75.32,73.279999,71.105173,2343700
HES,20130816,74.870003,75.480003,74.489998,72.832108,3008600
HES,20130815,74.660004,75.300003,74.339996,72.987342,2677400
HES,20130814,75.599998,75.919998,75.169998,73.220186,1940500
HES,20130813,75.160004,75.449997,74.599998,72.967934,2115800
HES,20130812,74.489998,75.32,74.349998,72.890317,2601800
HES,20130809,75.540001,75.639999,74.360001,72.657474,3408700
HES,20130808,74.330002,74.830002,73.419998,72.143275,1893800
HES,20130807,73.040001,74.00,72.379997,71.367121,2475100
HES,20130806,75.050003,75.220001,73.099998,71.270103,4230100
HES,20130805,74.980003,75.139999,74.349998,72.841812,2086500
HES,20130802,75.620003,75.660004,75.00,73.064952,2392200
HES,20130801,75.379997,76.339996,74.779999,73.773193,3595300
HES,20130731,73.790001,75.800003,73.790001,72.240292,6142400
HES,20130730,73.080002,73.720001,72.129997,71.008155,3670100
HES,20130729,72.779999,73.00,71.669998,69.882732,2721000
HES,20130726,72.989998,73.239998,72.330002,71.017852,1414500
HES,20130725,72.230003,73.629997,72.230003,71.34772,2104100
HES,20130724,73.57,73.660004,72.040001,70.464844,2130800
HES,20130723,73.32,73.940002,73.129997,71.240999,2002800
HES,20130722,74.300003,74.50,72.760002,71.085765,3083700
HES,20130719,72.510002,74.00,72.230003,71.735797,3731000
HES,20130718,71.410004,72.389999,71.339996,70.008862,2654800
HES,20130717,70.919998,71.580002,70.82,69.15509,1854300
HES,20130716,71.050003,71.370003,70.199997,68.631187,1523200
HES,20130715,71.639999,71.809998,70.809998,68.941647,1589500
HES,20130712,70.800003,71.339996,70.730003,69.048369,2133400
HES,20130711,69.940002,71.080002,69.830002,68.84463,4169200
HES,20130710,68.559998,69.040001,68.419998,66.681112,1914700
HES,20130709,68.889999,68.980003,67.919998,66.525878,2106600
HES,20130708,68.50,68.709999,68.129997,66.48707,2648600
HES,20130705,67.860001,68.190002,66.980003,66.098993,1341100
HES,20130703,67.050003,67.290001,66.230003,65.196716,1146200
HES,20130702,66.720001,67.809998,66.510002,65.216124,3090000
HES,20130701,66.82,67.470001,66.50,64.721326,2294300
HES,20130628,66.949997,67.07,66.199997,64.507883,2595500
HES,20130627,66.260002,67.50,66.209999,65.051194,3390500
HES,20130626,64.120003,66.580002,64.059998,63.751136,3792100
HES,20130625,63.68,64.260002,62.98,61.752549,2803200
HES,20130624,63.279999,63.459999,61.32,60.995799,5068300
HES,20130621,64.260002,64.440002,62.630001,62.111514,5992300
HES,20130620,65.260002,65.660004,64.040001,62.363765,3407600
HES,20130619,67.330002,68.080002,66.25,64.401161,2678600
HES,20130618,67.540001,67.75,67.139999,65.507176,3253500
HES,20130617,66.589996,68.00,66.589996,65.49748,2269400
HES,20130614,67.239998,67.25,65.769997,64.003388,3066400
HES,20130613,66.669998,67.110001,66.00,64.857151,3233400
HES,20130612,68.120003,68.220001,66.459999,64.731026,2370200
HES,20130611,67.720001,68.029999,67.110001,65.186334,1552700
HES,20130610,69.230003,69.379997,68.32,66.60069,1392900
HES,20130607,68.629997,69.339996,68.010002,67.017247,2125700
HES,20130606,66.699997,67.989998,66.269997,65.864447,2241700
HES,20130605,67.970001,68.190002,66.559998,64.672904,2822000
HES,20130604,68.459999,68.919998,67.529999,66.116321,2339500
HES,20130603,67.580002,69.169998,67.510002,66.63944,2945500
HES,20130531,68.50,68.849998,67.400002,65.302585,3888300
HES,20130530,68.260002,69.160004,67.870003,66.591,2587900
HES,20130529,67.830002,68.82,67.739998,66.426317,2056700
HES,20130528,68.660004,69.169998,67.93,66.377877,3958900
HES,20130524,67.43,67.599998,66.330002,65.370397,4042100
HES,20130523,67.550003,68.239998,66.75,65.912887,3071900
HES,20130522,69.410004,69.989998,67.849998,66.436006,3882300
HES,20130521,69.660004,70.190002,69.160004,67.433804,3336900
HES,20130520,69.599998,70.150002,69.279999,67.540366,3352400
HES,20130517,69.580002,69.949997,69.269997,67.501616,3576600
HES,20130516,70.949997,70.949997,68.00,66.949436,11770100
HES,20130515,71.690002,72.419998,70.550003,68.392852,3422900
HES,20130514,69.580002,72.269997,69.529999,69.962209,5844700
HES,20130513,69.25,69.769997,68.769997,67.220681,3427800
HES,20130510,70.660004,70.68,69.010002,67.133498,4846500
HES,20130509,71.860001,71.980003,70.699997,68.741598,2596300
HES,20130508,72.169998,72.57,71.559998,69.642524,3420700
HES,20130507,72.690002,73.089996,71.940002,70.00096,2117300
HES,20130506,72.900002,73.349998,72.449997,70.194704,2827900
HES,20130503,73.00,73.910004,72.910004,70.717823,4779700
HES,20130502,71.900002,72.410004,71.029999,69.95252,2234900
HES,20130501,71.620003,71.620003,70.419998,68.499414,2718100
HES,20130430,72.080002,72.18,70.790001,69.923459,3309600
HES,20130429,71.639999,72.50,71.379997,69.94283,1884300
HES,20130426,71.019997,71.489998,70.82,68.770659,3405000
HES,20130425,70.269997,72.260002,70.059998,68.93535,3177500
HES,20130424,69.279999,70.730003,69.050003,67.927862,3998800
HES,20130423,68.18,68.940002,67.669998,66.077571,3078400
HES,20130422,67.290001,68.370003,66.779999,65.777264,5272200
HES,20130419,67.230003,67.290001,66.550003,64.692276,4454700
HES,20130418,66.959999,67.540001,66.110001,64.924771,2991500
HES,20130417,68.010002,68.050003,65.669998,64.818217,3209900
HES,20130416,68.970001,69.330002,67.779999,66.63944,2673500
HES,20130415,69.68,69.82,67.940002,65.845076,3280300
HES,20130412,72.150002,72.150002,70.699997,69.158156,1897100
HES,20130411,73.120003,73.279999,71.989998,70.388456,1599000
HES,20130410,73.330002,73.68,72.669998,70.640322,1861800
HES,20130409,72.480003,73.599998,71.879997,71.008447,3167400
HES,20130408,72.00,72.440002,71.349998,70.175333,1890800
HES,20130405,71.00,72.110001,70.389999,69.44878,1661000
HES,20130404,72.099998,72.239998,70.650002,69.545652,2784200
HES,20130403,74.25,74.25,71.839996,69.807208,3411100
HES,20130402,73.730003,74.220001,72.779999,71.822183,2992400
HES,20130401,71.57,74.480003,71.360001,71.240942,4507900
HES,20130328,72.00,72.50,71.129997,69.371279,2691100
HES,20130327,70.760002,72.230003,70.110001,69.778147,2585600
HES,20130326,70.669998,71.349998,70.279999,68.88691,2443200
HES,20130325,71.00,71.739998,70.360001,68.237858,3246300
HES,20130322,69.620003,70.370003,69.529999,68.073167,2287800
HES,20130321,69.419998,70.360001,69.239998,67.10443,2337800
HES,20130320,70.57,70.699997,69.790001,67.714739,2450200
HES,20130319,72.169998,72.400002,69.040001,67.811611,3841600
HES,20130318,71.519997,72.629997,71.330002,69.962209,2444100
HES,20130315,71.589996,72.559998,71.339996,70.243144,4489800
HES,20130314,71.669998,72.120003,71.349998,69.720025,3210500
HES,20130313,70.32,71.989998,70.040001,69.44878,3955700
HES,20130312,69.93,70.849998,69.769997,68.082854,4150900
HES,20130311,69.230003,69.959999,68.650002,67.60885,2761500
HES,20130308,69.269997,69.650002,68.839996,67.20256,3226800
HES,20130307,69.879997,69.919998,68.800003,66.786594,2952100
HES,20130306,70.300003,70.459999,69.260002,67.221904,3565200
HES,20130305,69.93,70.489998,69.480003,67.541135,6545500
HES,20130304,69.110001,70.00,68.260002,66.593118,10307800
HES,20130301,66.040001,66.550003,65.18,64.368192,4601000
HES,20130228,65.709999,67.230003,65.449997,64.329497,3399000
HES,20130227,64.239998,66.080002,64.059998,63.536261,2529300
HES,20130226,64.169998,65.050003,63.400002,62.501185,3918900
HES,20130225,66.449997,66.970001,63.720001,61.659582,2764500
HES,20130222,65.040001,66.099998,64.379997,63.874836,2384800
HES,20130221,65.720001,65.93,63.900002,62.29804,6312400
HES,20130220,68.110001,68.169998,65.839996,63.855492,3854400
HES,20130219,67.690002,68.459999,67.419998,65.983683,2669200
HES,20130215,68.18,68.389999,67.019997,65.219467,4047600
HES,20130214,67.760002,68.959999,67.529999,66.119113,3537100
HES,20130213,67.00,68.440002,66.989998,65.741843,10539000
HES,20130212,66.709999,67.379997,66.480003,64.793833,2525200
HES,20130211,67.120003,67.120003,66.339996,64.561661,2299500
HES,20130208,66.690002,67.68,66.690002,65.171103,2760400
HES,20130207,66.50,66.839996,65.980003,64.397212,2638200
HES,20130206,65.779999,66.839996,65.779999,64.474602,4588700
HES,20130205,67.919998,67.919998,66.00,63.86516,5580000
HES,20130204,66.959999,67.839996,66.800003,65.287182,4636300
HES,20130201,67.370003,68.949997,67.050003,65.983683,4800000
HES,20130131,65.720001,67.790001,64.610001,64.967959,6978500
HES,20130130,67.620003,68.489998,66.050003,65.664452,11845200
HES,20130129,67.830002,70.769997,67.129997,65.886948,24404200
HES,20130128,63.150002,63.759998,61.509998,60.440706,14383600
HES,20130125,58.470001,58.990002,58.400002,56.977556,2552300
HES,20130124,57.84,58.68,57.799999,56.532567,2996200
HES,20130123,58.57,58.580002,57.599998,55.94248,3372400
HES,20130122,57.77,58.98,57.419998,56.948532,5782700
HES,20130118,57.48,57.68,56.860001,55.778027,3163600
HES,20130117,57.189999,57.599998,56.650002,55.429776,2707500
HES,20130116,56.41,57.169998,56.369999,55.168588,2771800
HES,20130115,56.099998,56.779999,55.830002,54.820338,3936300
HES,20130114,56.490002,56.849998,56.119999,54.578498,2849400
HES,20130111,56.799999,56.869999,55.98,54.414048,3477500
HES,20130110,56.41,56.709999,55.889999,54.762299,3789300
HES,20130109,55.790001,56.549999,55.200001,53.785262,4542400
HES,20130108,55.75,55.790001,54.82,53.601465,3370800
HES,20130107,55.619999,55.939999,55.099998,54.01743,4536200
HES,20130104,54.16,55.040001,54.099998,53.224195,2371200
HES,20130103,53.599998,54.700001,53.32,52.430959,3887600
HES,20130102,54.130001,54.130001,53.060001,51.956951,5446900
