LNC,20151030,53.889999,54.110001,53.330002,53.509998,2288500
LNC,20151029,53.560001,55.240002,53.459999,53.849998,2839800
LNC,20151028,52.830002,53.34,51.389999,53.209999,2567400
LNC,20151027,51.380001,51.75,50.950001,51.279999,1958100
LNC,20151026,52.119999,52.330002,51.740002,52.07,1317000
LNC,20151023,51.650002,52.349998,51.349998,52.34,1823900
LNC,20151022,50.810001,51.630001,50.759998,51.389999,2010300
LNC,20151021,50.779999,51.23,50.400002,50.450001,1721900
LNC,20151020,50.18,50.93,50.130001,50.68,1743700
LNC,20151019,49.790001,50.450001,49.639999,50.25,1828400
LNC,20151016,49.869999,50.130001,49.419998,50.09,1770100
LNC,20151015,48.970001,49.68,48.610001,49.669998,1481600
LNC,20151014,48.66,49.00,48.040001,48.490002,1980700
LNC,20151013,48.959999,49.52,48.77,48.799999,1221300
LNC,20151012,49.419998,49.75,49.220001,49.450001,999100
LNC,20151009,49.669998,50.09,49.209999,49.470001,1813800
LNC,20151008,48.869999,49.799999,48.700001,49.669998,2056900
LNC,20151007,49.009998,49.549999,48.599998,49.240002,2365400
LNC,20151006,48.52,48.970001,48.330002,48.540001,1745900
LNC,20151005,47.66,48.91,47.400002,48.460327,2182100
LNC,20151002,46.02,47.189999,45.560001,46.996358,2282500
LNC,20151001,47.41,47.900002,46.939999,47.334963,1609400
LNC,20150930,47.66,47.830002,46.98,47.265251,1800300
LNC,20150929,46.639999,46.990002,45.889999,46.727466,2881900
LNC,20150928,47.369999,47.50,45.919998,45.880955,1988500
LNC,20150925,48.580002,48.580002,47.630001,47.793078,1677300
LNC,20150924,46.77,47.299999,46.41,46.97644,2596100
LNC,20150923,47.619999,48.02,47.25,47.235375,1664700
LNC,20150922,47.380001,47.84,47.119999,47.305087,1253400
LNC,20150921,47.799999,48.709999,47.689999,48.081886,1883300
LNC,20150918,48.259998,48.470001,47.299999,47.404676,4394500
LNC,20150917,50.709999,50.919998,49.099998,49.12758,2247800
LNC,20150916,50.490002,50.889999,50.18,50.531794,1454300
LNC,20150915,49.93,50.709999,49.810001,50.28282,1832900
LNC,20150914,49.720001,49.98,49.330002,49.346675,1287000
LNC,20150911,49.360001,49.950001,48.990002,49.725116,1432200
LNC,20150910,49.419998,50.25,49.009998,49.535897,2159800
LNC,20150909,50.360001,50.880001,49.07,48.978194,2112800
LNC,20150908,49.32,49.57,48.73,49.316799,1436900
LNC,20150904,49.029999,49.029999,47.970001,48.201396,1598500
LNC,20150903,49.25,50.099998,49.220001,49.20725,1572800
LNC,20150902,49.549999,49.549999,48.32,48.948318,1787000
LNC,20150901,49.220001,49.610001,47.98,48.101804,2481900
LNC,20150831,50.540001,51.119999,50.330002,50.581588,1737000
LNC,20150828,50.689999,51.290001,50.639999,50.920193,1678400
LNC,20150827,50.139999,51.490002,49.860001,51.248837,3100400
LNC,20150826,48.59,49.59,47.84,49.276962,3672400
LNC,20150825,49.93,49.990002,47.209999,47.076032,4390100
LNC,20150824,47.32,49.220001,45.77,47.942461,4099400
LNC,20150821,52.52,52.610001,50.650002,50.472039,3846700
LNC,20150820,54.720001,54.720001,53.150002,52.941862,2209500
LNC,20150819,56.099998,56.459999,54.560001,55.132835,1950400
LNC,20150818,56.330002,56.669998,56.060001,56.178526,1580200
LNC,20150817,56.060001,56.470001,55.59,56.138689,1053300
LNC,20150814,56.290001,56.779999,55.990002,56.268157,1253900
LNC,20150813,56.16,56.68,55.450001,55.94947,2330100
LNC,20150812,55.41,55.41,54.09,54.804187,2469000
LNC,20150811,56.439999,56.939999,55.82,55.839921,1703500
LNC,20150810,56.470001,57.529999,56.470001,57.204298,1456900
LNC,20150807,56.009998,56.509998,55.299999,55.521234,1546800
LNC,20150806,56.52,56.77,56.02,55.969388,1573900
LNC,20150805,57.299999,57.299999,56.25,56.118771,2009600
LNC,20150804,56.23,56.740002,55.93,56.009225,1759500
LNC,20150803,56.490002,56.849998,56.029999,55.94947,2017200
LNC,20150731,57.040001,57.23,56.16,56.088895,2436400
LNC,20150730,56.98,57.450001,56.599998,57.034997,2266900
LNC,20150729,57.439999,58.700001,57.25,58.409336,2285900
LNC,20150728,58.009998,58.240002,56.84,57.174422,1510600
LNC,20150727,57.25,57.299999,56.75,56.865693,1407400
LNC,20150724,57.970001,58.709999,57.77,57.712207,1422300
LNC,20150723,58.77,58.970001,57.830002,57.762002,1606000
LNC,20150722,58.59,58.810001,58.349998,58.42925,1605300
LNC,20150721,58.34,59.049999,58.009998,58.399375,1773600
LNC,20150720,58.509998,58.860001,58.130001,57.961182,1907500
LNC,20150717,58.880001,59.119999,58.32,58.160362,1810700
LNC,20150716,59.080002,59.509998,58.889999,58.857486,1539700
LNC,20150715,58.040001,58.779999,58.00,58.279868,2745600
LNC,20150714,58.619999,58.900002,58.50,58.299787,2261600
LNC,20150713,58.740002,59.389999,58.740002,58.688186,1849600
LNC,20150710,57.720001,58.540001,57.720001,58.190237,1394200
LNC,20150709,57.41,57.669998,56.639999,56.766105,1988400
LNC,20150708,57.169998,57.59,55.990002,55.999264,2064600
LNC,20150707,58.52,58.73,56.98,57.971142,2297500
LNC,20150706,58.380001,59.02,58.110001,58.100166,1125800
LNC,20150702,59.610001,59.860001,58.82,58.695657,948500
LNC,20150701,60.380001,61.200001,59.580002,59.281224,1483700
LNC,20150630,59.580002,59.970001,58.689999,58.775057,2008900
LNC,20150629,59.310001,60.130001,58.619999,58.20934,1835000
LNC,20150626,60.799999,61.009998,60.50,60.462282,1393100
LNC,20150625,61.18,61.209999,60.360001,59.906492,683800
LNC,20150624,61.369999,61.740002,60.84,60.412658,1246300
LNC,20150623,61.349998,61.799999,61.16,61.1868,1659200
LNC,20150622,60.669998,61.060001,60.529999,60.551606,1618700
LNC,20150619,60.060001,60.650002,59.830002,59.509495,2035000
LNC,20150618,60.540001,60.860001,60.080002,60.075212,2154900
LNC,20150617,61.099998,61.369999,60.169998,59.817168,1816100
LNC,20150616,60.470001,61.130001,60.349998,60.353111,1138100
LNC,20150615,60.560001,61.049999,60.209999,60.174463,1201000
LNC,20150612,61.330002,61.66,60.900002,60.760031,1337400
LNC,20150611,61.139999,62.080002,60.970001,61.12725,2504600
LNC,20150610,60.220001,61.389999,60.07,60.690557,2832900
LNC,20150609,59.400002,60.220001,59.240002,59.340774,1786100
LNC,20150608,59.310001,60.040001,59.029999,58.874305,1916700
LNC,20150605,59.209999,59.689999,58.459999,58.983479,2713500
LNC,20150604,58.02,58.490002,57.799999,57.633696,1634300
LNC,20150603,57.759998,58.66,57.73,58.040616,1508900
LNC,20150602,56.939999,57.790001,56.639999,56.938955,1151800
LNC,20150601,57.110001,57.279999,56.540001,56.482412,1240900
LNC,20150529,57.549999,57.689999,56.52,56.581659,1615600
LNC,20150528,57.709999,57.740002,57.09,57.266477,946900
LNC,20150527,57.369999,57.990002,57.189999,57.365724,1508900
LNC,20150526,58.400002,58.450001,57.060001,56.790084,2567500
LNC,20150522,58.869999,59.18,58.610001,58.16964,851600
LNC,20150521,59.130001,59.490002,58.900002,58.546786,1733700
LNC,20150520,58.84,59.310001,58.23,58.784981,1755300
LNC,20150519,58.91,59.189999,58.639999,58.477308,1941700
LNC,20150518,58.27,59.040001,58.080002,58.328438,1724800
LNC,20150515,58.77,58.919998,57.75,57.66347,1409700
LNC,20150514,58.830002,58.970001,58.490002,58.298664,1611300
LNC,20150513,58.419998,58.869999,58.299999,58.090239,2330700
LNC,20150512,58.689999,59.360001,58.68,58.328438,1745800
LNC,20150511,58.91,59.509998,58.689999,58.61626,2081800
LNC,20150508,58.990002,59.400002,58.310001,58.328438,1919800
LNC,20150507,58.48,59.360001,58.150002,58.348288,2471500
LNC,20150506,58.709999,59.00,58.110001,58.199413,2262100
LNC,20150505,57.75,58.880001,57.599998,57.871895,2761300
LNC,20150504,57.509998,58.200001,57.200001,57.564223,2111400
LNC,20150501,56.93,57.59,56.720001,57.058056,2552500
LNC,20150430,56.049999,57.580002,55.75,56.065569,5688200
LNC,20150429,57.369999,58.580002,57.07,57.792494,3180500
LNC,20150428,56.700001,57.380001,56.259998,56.800007,1850700
LNC,20150427,57.689999,57.810001,56.57,56.204517,2139800
LNC,20150424,58.23,58.310001,57.279999,56.889331,2046100
LNC,20150423,57.98,58.490002,57.540001,57.74287,1191100
LNC,20150422,57.599998,58.200001,56.919998,57.70317,1529100
LNC,20150421,57.66,57.759998,57.099998,57.10768,1542200
LNC,20150420,57.130001,57.689999,56.959999,57.077902,1197500
LNC,20150417,57.549999,57.610001,56.419998,56.363315,1565100
LNC,20150416,58.209999,58.50,57.869999,57.613846,1266000
LNC,20150415,56.66,58.529999,56.66,58.000915,3031900
LNC,20150414,57.25,57.650002,56.34,56.144966,2348300
LNC,20150413,56.610001,57.330002,56.529999,56.66106,1088800
LNC,20150410,57.23,57.450001,56.669998,56.383165,1082000
LNC,20150409,56.669998,57.560001,56.66,56.889331,1333600
LNC,20150408,56.619999,57.049999,56.349998,56.422861,1245400
LNC,20150407,57.09,57.23,56.599998,55.976243,1482400
LNC,20150406,56.810001,57.220001,56.27,56.401504,1357500
LNC,20150402,56.880001,57.57,56.619999,56.826766,1719600
LNC,20150401,56.959999,57.27,56.52,56.243268,1392700
LNC,20150331,57.099998,57.689999,56.77,56.826766,1395300
LNC,20150330,57.220001,57.919998,57.150002,56.905886,1366000
LNC,20150327,56.799999,57.00,56.169998,55.926794,1074800
LNC,20150326,56.380001,57.299999,56.220001,56.381724,1714400
LNC,20150325,57.200001,57.34,56.50,55.877346,1741700
LNC,20150324,57.799999,57.990002,57.02,56.391616,1750200
LNC,20150323,58.450001,59.119999,57.959999,57.321255,1060500
LNC,20150320,57.720001,58.41,57.189999,57.578392,2018800
LNC,20150319,58.169998,58.389999,56.57,56.727869,2058100
LNC,20150318,58.139999,59.139999,57.650002,57.578392,2748000
LNC,20150317,58.200001,58.630001,57.919998,57.746517,1270900
LNC,20150316,57.889999,58.689999,57.610001,58.04321,1371600
LNC,20150313,57.880001,58.130001,56.619999,57.004782,2209600
LNC,20150312,57.049999,58.080002,57.049999,57.420156,1518400
LNC,20150311,56.48,57.130001,56.459999,55.986135,2604200
LNC,20150310,58.099998,58.110001,56.349998,55.75867,3791100
LNC,20150309,58.669998,59.439999,58.509998,58.399243,1562600
LNC,20150306,58.799999,60.84,58.599998,58.270675,4431100
LNC,20150305,58.049999,58.50,57.869999,57.687181,2258800
LNC,20150304,58.139999,58.43,57.619999,57.390484,1600000
LNC,20150303,58.32,58.799999,57.970001,57.815745,2131100
LNC,20150302,57.580002,58.790001,57.52,58.12233,2460100
LNC,20150227,58.139999,58.580002,57.610001,57.004782,2217900
LNC,20150226,58.299999,58.77,57.869999,57.469604,1994500
LNC,20150225,58.310001,58.689999,58.02,57.617949,1430200
LNC,20150224,57.91,58.799999,57.650002,57.815745,1925500
LNC,20150223,58.549999,58.549999,57.470001,57.222359,2526500
LNC,20150220,57.849998,58.509998,56.689999,57.865193,3160500
LNC,20150219,57.619999,58.400002,57.41,57.519052,2359200
LNC,20150218,58.540001,58.869999,57.869999,57.291587,2880400
LNC,20150217,58.369999,59.00,58.200001,58.191559,2197600
LNC,20150213,57.889999,58.779999,57.779999,57.795965,2203100
LNC,20150212,57.950001,58.400002,57.619999,57.420156,2377100
LNC,20150211,57.130001,57.990002,57.02,57.182799,2473000
LNC,20150210,57.119999,57.27,56.540001,56.371836,3339200
LNC,20150209,55.400002,56.619999,55.060001,55.907014,3632900
LNC,20150206,54.709999,56.84,54.709999,55.18506,4279400
LNC,20150205,52.369999,53.830002,51.380001,53.18732,4565000
LNC,20150204,53.119999,53.959999,52.93,52.613714,3780800
LNC,20150203,52.150002,53.240002,51.91,52.623602,3138900
LNC,20150202,50.360001,51.66,49.98,51.021457,2729400
LNC,20150130,50.540001,51.119999,49.830002,49.429199,4185600
LNC,20150129,50.950001,51.630001,50.310001,50.912668,3002700
LNC,20150128,52.130001,52.130001,50.610001,50.081925,3259700
LNC,20150127,51.43,51.959999,51.18,51.120353,2338400
LNC,20150126,52.130001,52.439999,51.68,51.782971,1220900
LNC,20150123,52.52,52.77,52.110001,51.595063,2512300
LNC,20150122,51.439999,53.110001,51.310001,52.406029,2169500
LNC,20150121,51.07,51.84,50.669998,51.179693,1848900
LNC,20150120,51.82,51.970001,50.540001,50.625863,3416300
LNC,20150116,50.810001,51.450001,49.970001,50.86322,3379100
LNC,20150115,51.900002,52.220001,50.220001,49.706112,3845500
LNC,20150114,52.150002,52.759998,51.220001,51.328042,2958200
LNC,20150113,54.150002,54.650002,52.740002,52.722503,2844000
LNC,20150112,54.599998,54.619999,53.400002,53.286221,1853100
LNC,20150109,55.650002,55.700001,54.09,53.76093,1885900
LNC,20150108,55.459999,56.040001,55.00,55.056491,2424300
LNC,20150107,54.650002,55.23,54.23,53.820266,1675700
LNC,20150106,55.549999,55.639999,53.700001,53.081247,3303300
LNC,20150105,56.77,57.049999,55.290001,54.835187,2095700
LNC,20150102,58.099998,58.549999,56.950001,56.579268,1243000
LNC,20141231,58.970001,58.970001,57.650002,56.825608,3130700
LNC,20141230,58.439999,59.07,58.220001,57.939064,968400
LNC,20141229,58.290001,59.07,58.279999,57.909504,932600
LNC,20141226,58.779999,59.00,58.459999,57.643457,421900
LNC,20141224,58.84,59.040001,58.279999,57.722287,446700
LNC,20141223,58.490002,59.169998,58.400002,57.820822,1157500
LNC,20141222,58.310001,58.490002,57.880001,57.278875,1363100
LNC,20141219,57.759998,58.580002,57.470001,57.564626,3079900
LNC,20141218,56.400002,57.57,56.299999,56.717222,1862300
LNC,20141217,54.32,55.73,54.080002,54.776065,2562700
LNC,20141216,54.360001,55.439999,53.950001,53.160078,2411000
LNC,20141215,55.619999,55.709999,54.389999,54.007486,1978700
LNC,20141212,56.259998,56.299999,54.68,54.204555,3080900
LNC,20141211,56.529999,57.560001,56.490002,56.106297,1932300
LNC,20141210,57.310001,57.459999,56.02,55.249036,2220700
LNC,20141209,56.32,57.459999,56.18,56.569416,1891900
LNC,20141208,57.34,57.720001,56.630001,56.194979,1927500
LNC,20141205,56.360001,57.990002,56.360001,56.569416,2149200
LNC,20141204,56.200001,56.439999,55.740002,55.278596,1373700
LNC,20141203,56.310001,56.869999,56.169998,55.603766,1495800
LNC,20141202,55.860001,56.549999,55.52,55.377134,1829300
LNC,20141201,56.09,56.43,55.130001,54.795772,2601300
LNC,20141128,57.470001,58.009998,56.52,55.800838,1164700
LNC,20141126,57.849998,57.950001,57.220001,56.727073,1251500
LNC,20141125,58.209999,58.48,57.619999,56.983269,1737200
LNC,20141124,57.860001,58.400002,57.759998,57.328143,1305700
LNC,20141121,57.549999,57.889999,57.419998,56.845315,2026000
LNC,20141120,55.790001,56.889999,55.650002,55.859957,1256000
LNC,20141119,56.380001,56.50,55.970001,55.485524,1688300
LNC,20141118,56.009998,56.790001,55.950001,55.485524,1343400
LNC,20141117,56.09,56.290001,55.599998,55.199769,1722400
LNC,20141114,56.389999,56.57,55.950001,55.416549,1670600
LNC,20141113,56.099998,56.540001,55.889999,55.524935,1662200
LNC,20141112,55.849998,56.549999,55.830002,55.239184,1495700
LNC,20141111,56.18,56.779999,56.130001,55.45596,1423100
LNC,20141110,55.82,56.09,55.549999,55.268744,1393500
LNC,20141107,55.540001,55.959999,55.310001,54.963281,1818100
LNC,20141106,55.549999,55.990002,54.919998,55.111087,2510500
LNC,20141105,55.290001,55.84,55.130001,54.973137,2064500
LNC,20141104,54.43,55.16,54.09,53.879389,1684600
LNC,20141103,53.84,54.91,53.650002,53.770999,2289900
LNC,20141031,53.900002,54.810001,53.700001,53.958215,2824000
LNC,20141030,53.799999,53.900002,52.580002,52.125452,3036100
LNC,20141029,52.07,52.41,51.77,51.553943,2059000
LNC,20141028,51.509998,52.130001,51.380001,51.347018,2104900
LNC,20141027,50.279999,51.27,50.07,50.39122,2470000
LNC,20141024,49.639999,50.68,49.540001,49.859125,1895800
LNC,20141023,49.779999,50.240002,49.630001,49.01172,1591300
LNC,20141022,49.84,49.950001,49.139999,48.440211,1431200
LNC,20141021,48.790001,49.919998,48.709999,49.04128,1933700
LNC,20141020,47.790001,48.32,47.560001,47.435145,2164400
LNC,20141017,47.400002,48.459999,47.330002,47.454853,2449300
LNC,20141016,45.540001,47.25,45.25,46.18374,2705700
LNC,20141015,47.240002,47.240002,45.27,45.789599,3730700
LNC,20141014,48.599998,48.98,48.130001,47.533683,2324300
LNC,20141013,49.099998,49.650002,48.389999,47.740607,2058300
LNC,20141010,49.599998,49.799999,49.060001,48.341677,3419300
LNC,20141009,51.560001,51.560001,49.419998,48.942742,3155600
LNC,20141008,51.150002,51.630001,50.439999,50.82478,2382400
LNC,20141007,52.130001,52.290001,51.18,50.302537,1993300
LNC,20141006,53.040001,53.200001,52.23,51.5795,1158500
LNC,20141003,52.150002,53.02,52.110001,51.697376,2575900
LNC,20141002,51.68,51.779999,50.650002,50.557932,2875600
LNC,20141001,53.490002,53.490002,51.630001,50.783856,2617800
LNC,20140930,53.950001,54.27,53.48,52.630543,1340800
LNC,20140929,53.18,53.970001,52.650002,52.935047,1674800
LNC,20140926,53.759998,54.209999,53.509998,53.062744,1320000
LNC,20140925,54.77,54.810001,53.639999,52.689477,1971000
LNC,20140924,54.400002,55.139999,54.18,54.074491,1568200
LNC,20140923,54.59,55.150002,54.279999,53.406541,1475000
LNC,20140922,55.389999,55.52,54.810001,53.848567,1227900
LNC,20140919,56.009998,56.52,55.639999,54.654036,2808900
LNC,20140918,54.860001,55.990002,54.73,54.70315,2246500
LNC,20140917,54.790001,55.130001,54.00,53.494946,1872200
LNC,20140916,54.02,54.900002,53.990002,53.711049,993100
LNC,20140915,54.73,54.73,53.919998,53.210084,1634500
LNC,20140912,54.130001,54.900002,54.060001,53.878034,2281200
LNC,20140911,53.790001,54.23,53.779999,53.052919,1469700
LNC,20140910,54.049999,54.630001,53.799999,53.269022,1581800
LNC,20140909,54.299999,54.310001,53.669998,52.817174,1787100
LNC,20140908,54.310001,54.82,54.07,53.32796,1222500
LNC,20140905,54.549999,54.720001,54.040001,53.504771,1337600
LNC,20140904,55.34,55.540001,54.52,53.583351,1491700
LNC,20140903,55.779999,55.84,54.869999,54.025378,1669900
LNC,20140902,55.279999,55.849998,55.169998,54.320061,2759500
LNC,20140829,54.639999,55.16,54.619999,54.06467,1259400
LNC,20140828,54.50,54.77,53.970001,53.691403,1529000
LNC,20140827,54.73,54.970001,54.619999,53.848567,882900
LNC,20140826,54.310001,54.919998,54.25,53.779808,1226100
LNC,20140825,53.799999,54.700001,53.75,53.337781,1710000
LNC,20140822,53.709999,53.91,53.419998,52.483199,1410000
LNC,20140821,53.290001,53.860001,52.66,52.876113,1582600
LNC,20140820,52.650002,53.580002,52.650002,52.384973,2171600
LNC,20140819,52.75,52.919998,52.490002,51.903654,1727800
LNC,20140818,51.860001,52.639999,51.68,51.687551,1750100
LNC,20140815,52.330002,52.389999,50.939999,50.51864,1852600
LNC,20140814,51.630001,52.220001,51.630001,51.18659,1097900
LNC,20140813,51.630001,51.869999,51.400002,50.803502,803700
LNC,20140812,51.060001,51.650002,51.00,50.449881,1199500
LNC,20140811,50.919998,51.389999,50.709999,50.165019,1493800
LNC,20140808,50.669998,50.740002,50.080002,49.722992,2616800
LNC,20140807,51.450001,51.880001,50.509998,49.772105,1586600
LNC,20140806,50.84,51.299999,50.810001,50.184665,1689800
LNC,20140805,51.349998,52.02,51.130001,50.371297,1627300
LNC,20140804,51.259998,51.939999,50.98,50.872261,1865300
LNC,20140801,52.080002,52.400002,50.84,50.243603,2339400
LNC,20140731,52.669998,53.860001,52.080002,51.461628,2031000
LNC,20140730,52.619999,53.139999,52.189999,52.07064,2517000
LNC,20140729,52.869999,52.869999,52.200001,51.284817,1245900
LNC,20140728,52.720001,52.970001,52.040001,51.962592,1067400
LNC,20140725,52.919998,53.139999,52.529999,51.884008,867600
LNC,20140724,52.98,53.150002,52.599998,52.139403,1165400
LNC,20140723,52.880001,53.110001,52.299999,51.766136,1003200
LNC,20140722,52.59,52.919998,52.349998,51.913475,1262400
LNC,20140721,52.259998,52.459999,52.040001,51.363401,848400
LNC,20140718,51.900002,52.740002,51.610001,51.717022,1269100
LNC,20140717,52.259998,52.830002,51.549999,50.754385,1257500
LNC,20140716,52.98,53.110001,52.349998,51.589325,941300
LNC,20140715,52.700001,53.110001,52.310001,51.74649,884300
LNC,20140714,52.740002,52.950001,52.52,51.687551,924200
LNC,20140711,51.599998,52.169998,51.349998,51.147298,893500
LNC,20140710,50.84,51.959999,50.689999,50.891907,1411800
LNC,20140709,52.150002,52.470001,51.950001,51.284817,1256700
LNC,20140708,52.310001,52.450001,51.610001,50.882082,1913700
LNC,20140707,53.02,53.110001,52.369999,51.707198,1445700
LNC,20140703,53.029999,53.77,52.830002,52.177263,1183200
LNC,20140702,52.25,52.759998,51.970001,51.129409,1466500
LNC,20140701,51.740002,52.52,51.59,51.051067,1244800
LNC,20140630,51.419998,51.959999,51.209999,50.375345,1360700
LNC,20140627,51.41,51.630001,51.139999,50.414518,1057200
LNC,20140626,51.330002,51.599998,50.529999,50.502656,1277900
LNC,20140625,51.119999,51.57,50.799999,50.345967,1241700
LNC,20140624,51.889999,52.330002,51.380001,50.345967,1128800
LNC,20140623,52.459999,52.599998,51.860001,51.060858,1073000
LNC,20140620,52.330002,53.09,52.169998,51.521132,2195400
LNC,20140619,52.189999,52.189999,51.189999,50.894378,1824100
LNC,20140618,51.799999,52.169998,51.43,51.011894,1682900
LNC,20140617,50.369999,52.200001,50.369999,51.011894,2690700
LNC,20140616,50.439999,50.830002,50.27,49.425424,1486600
LNC,20140613,50.23,50.73,50.049999,49.503766,1557300
LNC,20140612,50.470001,50.84,49.900002,49.13163,1428800
LNC,20140611,50.709999,51.150002,50.580002,49.631076,1159500
LNC,20140610,50.709999,51.259998,50.59,50.140314,1060100
LNC,20140609,50.73,51.380001,50.580002,49.895489,1534100
LNC,20140606,50.560001,51.080002,50.439999,49.709419,2003000
LNC,20140605,51.060001,51.57,50.299999,49.454802,2105100
LNC,20140604,50.169998,51.32,49.970001,49.787765,2614800
LNC,20140603,49.209999,49.959999,49.07,48.925977,2072900
LNC,20140602,48.43,49.639999,48.23,48.475499,2776700
LNC,20140530,48.029999,48.439999,47.740002,46.967371,1943300
LNC,20140529,48.029999,48.200001,47.049999,47.045717,3984600
LNC,20140528,48.439999,48.700001,47.860001,46.889029,2340200
LNC,20140527,48.450001,49.00,48.380001,47.829159,1561500
LNC,20140523,48.490002,48.599998,48.07,47.290543,1267300
LNC,20140522,49.110001,49.110001,47.880001,47.466818,1629100
LNC,20140521,47.889999,48.48,47.830002,47.075095,2047800
LNC,20140520,47.900002,48.009998,47.209999,46.565857,1310200
LNC,20140519,47.150002,48.040001,47.139999,46.967371,1768200
LNC,20140516,47.400002,47.50,46.400002,46.272067,4654700
LNC,20140515,49.630001,49.630001,46.549999,46.428755,6966600
LNC,20140514,50.880001,50.939999,49.810001,48.955359,1849700
LNC,20140513,50.869999,51.32,50.580002,50.003213,2006900
LNC,20140512,50.02,50.939999,49.84,49.817143,1783000
LNC,20140509,49.73,49.82,48.950001,48.622396,1824600
LNC,20140508,48.98,50.32,48.830002,48.818253,2639300
LNC,20140507,48.419998,49.02,48.080002,47.927088,1896800
LNC,20140506,49.150002,49.509998,48.380001,47.398267,2133100
LNC,20140505,48.700001,49.639999,48.23,48.436326,1924300
LNC,20140502,48.50,49.98,48.439999,48.162122,3542700
LNC,20140501,49.00,49.50,48.09,47.496196,2116400
LNC,20140430,48.099998,48.59,47.619999,47.505987,1881600
LNC,20140429,47.220001,48.150002,47.169998,47.133855,1723600
LNC,20140428,47.91,47.959999,46.200001,45.850966,2285000
LNC,20140425,48.299999,48.32,47.16,46.526684,2542500
LNC,20140424,49.07,49.220001,48.080002,47.564747,1287200
LNC,20140423,48.470001,48.990002,48.380001,47.789986,1440600
LNC,20140422,47.970001,48.740002,47.619999,47.496196,1408700
LNC,20140421,48.52,48.810001,47.549999,46.879234,1253000
LNC,20140417,47.560001,48.439999,47.419998,47.075095,1973800
LNC,20140416,47.27,47.66,46.91,46.644203,1755100
LNC,20140415,46.130001,46.93,45.700001,45.47883,2165400
LNC,20140414,46.540001,46.950001,45.610001,45.116489,3499700
LNC,20140411,46.450001,46.950001,45.630001,44.724766,2959800
LNC,20140410,49.00,49.00,47.00,46.144756,2503100
LNC,20140409,48.450001,49.040001,47.849998,47.985847,1639800
LNC,20140408,48.360001,48.529999,47.669998,47.202405,3235500
LNC,20140407,50.209999,50.279999,48.25,47.270957,2924400
LNC,20140404,51.950001,51.98,50.310001,49.17429,1826600
LNC,20140403,51.630001,51.700001,51.09,50.316287,1515600
LNC,20140402,50.93,51.59,50.900002,50.335809,1316100
LNC,20140401,51.150002,52.09,50.490002,49.681845,1737500
LNC,20140331,50.400002,50.849998,50.290001,49.457347,1690000
LNC,20140328,49.900002,50.549999,49.580002,48.715537,1379800
LNC,20140327,50.93,51.189999,49.57,48.559366,2519000
LNC,20140326,52.189999,52.400002,51.009998,49.798973,1910900
LNC,20140325,52.360001,52.540001,51.43,50.531023,1889200
LNC,20140324,52.119999,52.529999,51.630001,50.745759,1150900
LNC,20140321,52.610001,53.080002,51.889999,50.755518,2563700
LNC,20140320,51.23,52.560001,51.23,50.90193,1781300
LNC,20140319,50.689999,51.580002,50.599998,50.07227,1816700
LNC,20140318,50.439999,50.830002,50.389999,49.291417,2386900
LNC,20140317,50.959999,51.150002,50.310001,49.203571,1939000
LNC,20140314,50.669998,50.959999,50.189999,49.203571,1729500
LNC,20140313,52.02,52.169998,50.810001,49.672083,1694500
LNC,20140312,51.73,51.93,51.16,50.550545,1363500
LNC,20140311,52.310001,52.529999,51.869999,50.745759,1523300
LNC,20140310,52.75,53.139999,51.869999,50.950733,2505500
LNC,20140307,52.549999,53.259998,52.439999,51.653499,3224200
LNC,20140306,51.369999,52.130001,51.27,50.687194,1961700
LNC,20140305,51.110001,51.459999,50.959999,49.9161,1489700
LNC,20140304,50.59,51.220001,50.529999,49.867297,1694700
LNC,20140303,49.16,50.099998,48.939999,48.59841,2138400
LNC,20140228,49.66,50.860001,49.66,48.930273,2529700
LNC,20140227,49.700001,50.07,49.209999,48.461761,2927800
LNC,20140226,50.150002,50.240002,49.259998,48.510564,2528000
LNC,20140225,50.630001,50.68,49.860001,48.930273,1715700
LNC,20140224,50.00,51.16,49.880001,49.554956,1931900
LNC,20140221,49.950001,50.34,49.639999,48.75458,1234300
LNC,20140220,49.580002,49.900002,49.029999,48.617932,1284100
LNC,20140219,49.939999,50.959999,49.529999,48.412955,2304000
LNC,20140218,49.299999,50.040001,49.18,48.813142,2085300
LNC,20140214,49.380001,49.73,49.139999,48.003008,1861900
LNC,20140213,48.82,49.580002,48.41,48.383674,1896500
LNC,20140212,49.32,49.98,48.990002,48.227503,1898700
LNC,20140211,48.599998,49.439999,48.349998,48.012767,2540100
LNC,20140210,49.16,49.23,47.93,47.388084,2025000
LNC,20140207,48.290001,49.360001,48.27,48.100613,2802200
LNC,20140206,47.43,48.130001,46.700001,46.939094,3074700
LNC,20140205,46.799999,47.259998,45.900002,45.982548,2724500
LNC,20140204,46.189999,47.00,46.049999,45.738531,3051300
LNC,20140203,47.849998,48.07,45.709999,44.684376,3114700
LNC,20140131,46.830002,48.549999,46.799999,46.880529,3414400
LNC,20140130,47.470001,48.110001,47.290001,46.851248,2083900
LNC,20140129,47.110001,47.549999,46.509998,45.74829,2893600
LNC,20140128,47.41,48.150002,47.41,46.675555,1894100
LNC,20140127,47.869999,48.240002,46.720001,46.070394,2898900
LNC,20140124,49.450001,49.52,47.869999,46.724358,2778900
LNC,20140123,51.00,51.080002,49.610001,48.744818,1980800
LNC,20140122,51.529999,51.799999,51.099998,50.335809,1123800
LNC,20140121,51.869999,52.040001,51.169998,50.121073,1429300
LNC,20140117,51.849998,52.240002,51.52,50.355331,1161200
LNC,20140116,52.240002,52.290001,51.509998,50.501742,1922200
LNC,20140115,51.799999,52.549999,51.759998,51.243552,2155300
LNC,20140114,51.209999,51.77,50.91,50.443177,1523000
LNC,20140113,51.84,52.299999,50.91,49.838016,1795200
LNC,20140110,52.209999,52.299999,51.349998,50.882408,2216600
LNC,20140109,51.98,52.400002,51.889999,51.106903,1566100
LNC,20140108,51.59,52.25,51.32,50.716475,2240200
LNC,20140107,51.279999,52.00,51.279999,50.130833,1694500
LNC,20140106,51.009998,51.470001,50.689999,49.790268,1832600
LNC,20140103,50.639999,51.16,50.580002,49.430246,2588300
LNC,20140102,51.330002,51.34,50.279999,49.167526,1767400
LNC,20131231,51.549999,51.77,51.27,50.228135,1248300
LNC,20131230,51.73,51.790001,51.27,49.936225,1051200
LNC,20131227,52.130001,52.240002,51.560001,50.257329,1053600
LNC,20131226,52.07,52.23,51.66,50.549239,1859900
LNC,20131224,51.549999,51.950001,51.52,50.432476,697500
LNC,20131223,51.75,52.07,51.450001,50.160023,2266900
LNC,20131220,51.290001,51.650002,50.84,49.975147,3208700
LNC,20131219,51.139999,51.41,50.919998,49.926496,1406400
LNC,20131218,50.389999,51.360001,49.470001,49.926496,3478900
LNC,20131217,50.860001,50.950001,50.060001,48.729662,2534600
LNC,20131216,51.139999,51.349998,50.73,49.634583,1541000
LNC,20131213,50.759998,51.040001,50.200001,49.56647,1645800
LNC,20131212,50.389999,50.889999,50.240002,49.21618,1825500
LNC,20131211,51.389999,51.509998,50.360001,49.050762,1909800
LNC,20131210,51.459999,51.73,50.689999,49.712427,2196300
LNC,20131209,51.48,51.939999,51.290001,50.30598,1658000
LNC,20131206,51.299999,51.75,50.970001,50.04326,1866900
LNC,20131205,50.830002,51.16,50.389999,49.284293,1798100
LNC,20131204,50.529999,51.599998,50.41,49.722156,2058300
LNC,20131203,51.299999,51.560001,50.360001,49.323211,2311700
LNC,20131202,51.490002,52.27,51.27,50.325441,1991500
LNC,20131129,51.540001,51.599998,51.139999,49.945958,941700
LNC,20131127,51.18,51.610001,50.869999,50.150294,2046900
LNC,20131126,50.759998,51.209999,50.560001,49.56647,2437900
LNC,20131125,50.599998,50.91,50.27,49.323211,1520800
LNC,20131122,49.950001,50.560001,49.950001,49.118874,1827200
LNC,20131121,49.860001,50.630001,49.459999,48.992379,2363200
LNC,20131120,49.98,50.189999,49.41,48.204222,1873800
LNC,20131119,50.150002,50.490002,49.68,48.408558,2152100
LNC,20131118,50.119999,50.779999,49.91,48.856154,2110500
LNC,20131115,49.919998,50.02,49.400002,48.651817,1950400
LNC,20131114,49.200001,50.009998,49.200001,48.642089,1882200
LNC,20131113,48.32,49.360001,48.259998,47.863657,1731900
LNC,20131112,48.610001,48.790001,48.25,47.425793,3206000
LNC,20131111,48.830002,48.98,48.18,47.328487,2544100
LNC,20131108,46.34,49.419998,46.299999,47.445251,4152300
LNC,20131107,47.27,47.799999,46.099998,44.895897,2534500
LNC,20131106,46.790001,47.130001,46.549999,45.732708,2222900
LNC,20131105,46.040001,47.080002,45.93,45.401876,2353200
LNC,20131104,45.889999,46.209999,45.619999,44.915358,1093100
LNC,20131101,45.459999,46.099998,45.130001,44.370456,2073000
LNC,20131031,45.09,45.939999,44.619999,44.18558,2166000
LNC,20131030,45.669998,45.959999,44.709999,44.039624,1799600
LNC,20131029,44.439999,45.490002,44.349998,44.243964,2031700
LNC,20131028,44.580002,44.73,44.16,43.124971,1342400
LNC,20131025,44.540001,44.889999,44.450001,43.455803,1814200
LNC,20131024,44.490002,44.540001,43.689999,43.241734,1486500
LNC,20131023,44.720001,44.720001,43.400002,42.609263,2174600
LNC,20131022,45.25,45.59,44.50,43.699062,1652900
LNC,20131021,45.540001,45.700001,44.919998,43.903399,1156700
LNC,20131018,44.959999,45.48,44.23,44.234232,2037500
LNC,20131017,44.34,45.119999,44.150002,43.407152,2661900
LNC,20131016,43.98,45.150002,43.50,43.39742,2236100
LNC,20131015,43.75,44.380001,43.689999,42.589801,1904100
LNC,20131014,43.50,44.25,43.189999,42.755216,1480200
LNC,20131011,43.16,43.84,42.93,42.618991,1271100
LNC,20131010,42.25,43.330002,42.25,42.151934,2091600
LNC,20131009,41.759998,41.860001,40.84,40.458853,2401400
LNC,20131008,42.259998,42.580002,41.619999,40.585345,1734400
LNC,20131007,42.630001,42.82,42.139999,41.139979,1563700
LNC,20131004,42.07,43.209999,41.919998,41.819174,1802400
LNC,20131003,42.240002,42.34,41.34,40.713053,1566800
LNC,20131002,42.299999,42.349998,41.740002,41.052654,1603200
LNC,20131001,41.970001,42.790001,41.860001,41.38255,1761800
LNC,20130930,41.549999,42.200001,41.130001,40.742164,1550700
LNC,20130927,42.220001,42.310001,41.91,40.897409,1245100
LNC,20130926,42.540001,42.810001,42.290001,41.334033,1574300
LNC,20130925,42.18,42.599998,41.799999,41.120573,1790100
LNC,20130924,41.950001,42.470001,41.650002,40.771271,2053700
LNC,20130923,42.25,42.50,41.700001,40.635432,2111900
LNC,20130920,42.18,42.75,42.009998,40.994435,3456000
LNC,20130919,44.040001,44.110001,41.400002,40.955623,8043600
LNC,20130918,45.060001,45.459999,43.66,42.517779,4287800
LNC,20130917,44.759998,44.939999,44.470001,43.594793,1661800
LNC,20130916,44.98,45.09,44.459999,43.323115,1881500
LNC,20130913,44.50,44.57,44.119999,43.109652,1514700
LNC,20130912,45.110001,45.130001,44.220001,42.964108,2184700
LNC,20130911,44.900002,45.169998,44.619999,43.798551,1434400
LNC,20130910,44.66,45.00,44.59,43.643306,1866900
LNC,20130909,43.73,44.27,43.560001,42.915594,1568900
LNC,20130906,44.00,44.09,42.889999,42.430453,2167600
LNC,20130905,43.830002,44.32,43.740002,42.546886,1263300
LNC,20130904,42.939999,44.09,42.91,42.517779,2526500
LNC,20130903,42.720001,43.400002,42.25,41.353439,1869000
LNC,20130830,42.610001,42.66,41.779999,40.790677,1683900
LNC,20130829,42.18,43.02,42.150002,41.2176,2535200
LNC,20130828,42.32,42.700001,42.09,40.916811,3115400
LNC,20130827,43.389999,43.389999,42.290001,41.07206,3261600
LNC,20130826,44.189999,44.470001,43.919998,42.779755,2259600
LNC,20130823,44.450001,44.529999,43.889999,42.876782,2188000
LNC,20130822,43.549999,44.84,43.419998,43.129058,2315200
LNC,20130821,43.029999,43.830002,42.759998,41.935611,2237600
LNC,20130820,42.880001,43.360001,42.23,41.857986,1712700
LNC,20130819,43.369999,43.549999,42.66,41.479577,2218100
LNC,20130816,42.529999,43.810001,42.470001,42.255802,2773600
LNC,20130815,42.529999,42.740002,42.27,41.363144,2750800
LNC,20130814,43.049999,43.290001,42.709999,41.673634,1730000
LNC,20130813,43.040001,43.310001,42.59,41.867691,1502200
LNC,20130812,42.82,43.099998,42.669998,41.537795,1619900
LNC,20130809,43.310001,43.630001,43.16,42.022936,1474000
LNC,20130808,43.790001,44.130001,42.91,42.100557,2151100
LNC,20130807,43.169998,43.43,42.560001,41.984124,2083300
LNC,20130806,43.779999,43.959999,43.18,42.110262,2008500
LNC,20130805,44.189999,44.23,43.549999,42.566292,1887900
LNC,20130802,44.189999,44.470001,43.790001,42.925299,2481200
LNC,20130801,44.560001,44.57,42.799999,43.119353,3558400
LNC,20130731,41.650002,42.369999,41.290001,40.43167,3256300
LNC,20130730,41.709999,41.900002,41.040001,39.956233,2314700
LNC,20130729,41.50,41.549999,41.130001,40.189099,1822900
LNC,20130726,41.029999,41.560001,40.830002,40.315237,1744300
LNC,20130725,41.27,41.360001,40.889999,40.130885,2152400
LNC,20130724,41.830002,41.860001,41.240002,40.092072,1753200
LNC,20130723,41.68,41.810001,41.389999,40.315237,1578200
LNC,20130722,41.049999,41.439999,40.990002,40.198804,1273100
LNC,20130719,41.380001,41.470001,40.549999,39.674851,2057800
LNC,20130718,40.419998,41.52,40.310001,40.237616,3525900
LNC,20130717,40.290001,40.330002,39.790001,38.675461,2370800
LNC,20130716,40.00,40.34,39.50,38.927733,3382100
LNC,20130715,39.799999,40.130001,39.450001,38.762786,2827000
LNC,20130712,39.73,39.82,39.279999,38.384377,3424100
LNC,20130711,40.66,40.66,39.50,38.471702,4131400
LNC,20130710,39.439999,40.080002,39.330002,38.801599,3648300
LNC,20130709,39.169998,39.68,39.080002,38.26794,2781300
LNC,20130708,39.080002,39.349998,38.259998,37.530527,4109300
LNC,20130705,37.470001,39.00,37.470001,37.705177,3444100
LNC,20130703,36.959999,37.34,36.82,35.770586,1161100
LNC,20130702,37.23,37.740002,37.18,36.176852,3281500
LNC,20130701,36.73,37.439999,36.720001,36.138159,2839800
LNC,20130628,36.200001,36.75,35.84,35.277267,2247400
LNC,20130627,36.200001,36.580002,36.060001,35.248246,1538000
LNC,20130626,36.099998,36.310001,35.59,34.774273,2364800
LNC,20130625,35.09,35.77,34.830002,34.377682,2949800
LNC,20130624,34.810001,35.009998,34.02,33.468422,2769500
LNC,20130621,35.720001,36.110001,35.099998,34.261604,2969900
LNC,20130620,35.07,35.82,34.82,34.319643,4464400
LNC,20130619,35.509998,36.50,35.200001,34.377682,4154100
LNC,20130618,35.330002,36.040001,35.25,34.696887,1860400
LNC,20130617,34.919998,35.509998,34.740002,34.068148,3142900
LNC,20130614,35.41,35.450001,34.299999,33.400711,2641000
LNC,20130613,34.700001,35.560001,34.490002,34.261604,2812600
LNC,20130612,35.689999,35.799999,34.66,33.623189,2681000
LNC,20130611,35.57,35.849998,35.25,34.21324,2559400
LNC,20130610,36.060001,36.709999,36.060001,35.054789,2915500
LNC,20130607,34.990002,35.959999,34.93,34.716234,3386200
LNC,20130606,33.880001,34.669998,33.57,33.516789,3316800
LNC,20130605,34.740002,34.84,33.84,32.771971,3727000
LNC,20130604,35.27,35.740002,34.509998,33.661882,3540500
LNC,20130603,35.779999,35.889999,34.580002,34.145529,3777700
LNC,20130531,36.040001,36.630001,35.66,34.493756,3550800
LNC,20130530,35.529999,36.59,35.400002,35.170864,2059700
LNC,20130529,34.810001,35.900002,34.810001,34.368007,4152600
LNC,20130528,35.189999,35.93,35.040001,34.087494,2799200
LNC,20130524,34.439999,34.509998,33.919998,33.352347,1969800
LNC,20130523,34.32,35.07,34.18,33.661882,2681600
LNC,20130522,35.220001,36.110001,34.73,33.758613,2849300
LNC,20130521,35.189999,35.48,35.009998,34.087494,1855800
LNC,20130520,35.200001,35.50,35.09,34.164876,2346700
LNC,20130517,34.880001,35.389999,34.830002,34.097165,3116400
LNC,20130516,34.990002,35.34,34.650002,33.574825,3887100
LNC,20130515,35.57,35.830002,35.290001,34.47441,3323200
LNC,20130514,35.009998,35.759998,35.009998,34.551795,3346900
LNC,20130513,34.689999,35.639999,34.689999,33.884359,3585000
LNC,20130510,34.360001,34.919998,34.209999,33.719921,2800400
LNC,20130509,34.650002,34.900002,34.200001,33.178234,3548900
LNC,20130508,34.169998,34.75,34.099998,33.516789,2357800
LNC,20130507,34.110001,34.509998,33.970001,33.120198,3624900
LNC,20130506,33.119999,33.98,33.00,32.781643,3038000
LNC,20130503,32.48,33.59,32.439999,31.882058,4714200
LNC,20130502,31.719999,32.400002,31.01,30.934109,8657100
LNC,20130501,33.59,34.040001,33.259998,32.230285,3495200
LNC,20130430,33.619999,34.009998,33.439999,32.897717,3137800
LNC,20130429,33.369999,33.639999,33.09,32.539819,2527600
LNC,20130426,33.66,33.689999,33.049999,32.181921,2192600
LNC,20130425,33.400002,34.330002,33.32,32.559165,2581400
LNC,20130424,32.450001,33.400002,32.450001,32.220613,3861400
LNC,20130423,31.799999,32.50,31.73,31.311353,4983400
LNC,20130422,31.299999,31.559999,30.799999,30.460134,2752800
LNC,20130419,31.10,31.280001,30.690001,30.198964,2502400
LNC,20130418,31.450001,31.549999,30.76,29.850739,3693700
LNC,20130417,32.16,32.25,31.360001,30.38275,3776100
LNC,20130416,32.099998,32.66,31.870001,31.553177,3375600
LNC,20130415,32.689999,32.720001,31.60,30.57621,3439000
LNC,20130412,32.959999,33.040001,32.52,31.804676,1957400
LNC,20130411,33.16,33.459999,33.00,32.220613,2578500
LNC,20130410,32.209999,33.099998,32.119999,32.017479,3401200
LNC,20130409,31.379999,32.02,31.26,30.856725,2911300
LNC,20130408,30.959999,31.209999,30.67,30.189291,2366200
LNC,20130405,30.77,30.889999,30.040001,29.860412,4394800
LNC,20130404,32.009998,32.02,31.16,30.382752,4797400
LNC,20130403,32.610001,32.669998,31.690001,30.691108,2640300
LNC,20130402,32.529999,32.900002,32.400002,31.413816,1604200
LNC,20130401,32.599998,32.740002,32.099998,31.066918,1399100
LNC,20130328,32.50,32.68,32.220001,31.423455,2143800
LNC,20130327,32.240002,32.52,31.93,31.269277,2286900
LNC,20130326,32.599998,32.709999,32.43,31.413816,2316400
LNC,20130325,32.919998,33.02,32.080002,31.095826,3504100
LNC,20130322,32.610001,32.73,32.310001,31.481269,1222000
LNC,20130321,32.560001,32.720001,32.240002,31.192186,2291400
LNC,20130320,32.709999,33.02,32.599998,31.65472,3017800
LNC,20130319,33.060001,33.18,32.009998,31.172913,4319600
LNC,20130318,32.66,33.189999,32.419998,31.635451,2929200
LNC,20130315,33.32,33.540001,33.060001,32.223252,4425700
LNC,20130314,33.470001,33.66,33.290001,32.252163,2637500
LNC,20130313,33.09,33.299999,32.779999,32.030533,2818200
LNC,20130312,33.060001,33.189999,32.77,31.799264,2933100
LNC,20130311,32.900002,33.330002,32.619999,31.934169,4476300
LNC,20130308,31.950001,33.110001,31.950001,31.799264,7905500
LNC,20130307,31.40,31.76,31.23,30.479111,2949200
LNC,20130306,31.07,31.559999,31.040001,30.161119,3090100
LNC,20130305,30.41,31.219999,30.32,29.756401,3228400
LNC,20130304,29.60,30.219999,29.50,29.110779,3091300
LNC,20130301,29.26,29.809999,28.91,28.715698,3821300
LNC,20130228,29.309999,29.950001,29.219999,28.46516,3508300
LNC,20130227,28.860001,29.370001,28.77,28.224256,4528600
LNC,20130226,28.52,28.629999,27.82,27.453364,4007500
LNC,20130225,29.92,29.969999,28.33,27.299186,4264300
LNC,20130222,29.51,29.76,29.469999,28.648245,2509800
LNC,20130221,29.48,29.530001,29.00,28.156802,2313400
LNC,20130220,30.76,30.82,29.540001,28.542249,3915900
LNC,20130219,30.49,30.790001,30.440001,29.631132,3311500
LNC,20130215,30.34,30.58,30.18,29.226414,4023800
LNC,20130214,29.92,30.530001,29.59,29.342048,2868300
LNC,20130213,29.879999,30.280001,29.879999,29.062599,3307300
LNC,20130212,29.450001,29.93,29.370001,28.802423,3166000
LNC,20130211,29.389999,29.719999,29.209999,28.455523,2895400
LNC,20130208,29.309999,29.43,29.110001,28.359162,2288600
LNC,20130207,29.57,29.85,28.379999,28.118258,4297500
LNC,20130206,29.10,29.50,28.969999,28.426614,2427400
LNC,20130205,29.15,29.559999,29.049999,28.349525,2450400
LNC,20130204,29.15,29.25,28.73,27.829173,2619000
LNC,20130201,29.26,29.620001,29.120001,28.426614,2115800
LNC,20130131,28.950001,29.17,28.719999,27.925535,2659200
LNC,20130130,29.25,29.34,28.76,27.896627,2312800
LNC,20130129,29.049999,29.60,28.90,28.195347,3110600
LNC,20130128,29.299999,29.57,28.940001,28.060442,3387000
LNC,20130125,28.389999,29.139999,28.24,28.050805,2939200
LNC,20130124,28.24,28.48,28.09,27.231733,1890000
LNC,20130123,28.290001,28.370001,28.120001,27.16428,2094300
LNC,20130122,27.66,28.379999,27.58,27.337731,2099000
LNC,20130118,28.049999,28.129999,27.530001,26.721017,2200900
LNC,20130117,27.469999,28.200001,27.450001,26.961921,3201300
LNC,20130116,27.27,27.469999,27.17,26.345208,1480600
LNC,20130115,27.309999,27.48,27.08,26.364481,2094400
LNC,20130114,27.74,27.870001,27.15,26.566839,2293100
LNC,20130111,27.719999,27.870001,27.34,26.827015,2328400
LNC,20130110,27.620001,27.870001,27.459999,26.827015,2252300
LNC,20130109,27.34,27.82,27.280001,26.403025,2089300
LNC,20130108,27.610001,27.73,27.200001,26.374117,2339000
LNC,20130107,27.959999,27.98,27.530001,26.672835,2080700
LNC,20130104,27.99,28.50,27.82,26.970268,4767400
LNC,20130103,27.360001,27.93,27.33,26.768781,4418100
LNC,20130102,26.719999,27.42,26.690001,26.298649,4487000
