LOW,20151030,73.839996,74.57,73.779999,73.830002,4396700
LOW,20151029,74.00,74.110001,73.010002,73.870003,2914200
LOW,20151028,73.75,74.190002,72.800003,74.019997,3765400
LOW,20151027,74.00,74.209999,73.160004,73.550003,3302300
LOW,20151026,73.620003,74.419998,73.00,74.160004,4074300
LOW,20151023,73.779999,73.93,72.559998,73.550003,3344500
LOW,20151022,72.739998,73.639999,72.160004,73.419998,3804500
LOW,20151021,73.230003,73.419998,72.529999,72.720001,2982700
LOW,20151020,73.370003,73.410004,72.540001,72.839996,3615400
LOW,20151019,72.370003,73.449997,72.269997,73.43,3724100
LOW,20151016,73.120003,73.400002,72.57,72.500001,4143400
LOW,20151015,72.470001,72.790001,71.699997,72.370504,3016300
LOW,20151014,72.900002,73.220001,71.559998,71.76285,3758200
LOW,20151013,73.669998,73.959999,72.800003,72.689272,4102000
LOW,20151012,73.190002,73.980003,73.110001,73.526037,2789400
LOW,20151009,73.050003,73.449997,72.599998,73.047888,3403500
LOW,20151008,70.860001,73.269997,70.75,72.8885,3966000
LOW,20151007,71.610001,71.93,71.089996,71.513812,4679400
LOW,20151006,71.489998,71.790001,70.75,70.916122,5256800
LOW,20151005,70.849998,71.849998,70.650002,71.493884,4492000
LOW,20151002,68.82,70.260002,68.160004,69.959816,4389900
LOW,20151001,69.040001,69.849998,68.330002,69.521506,5185200
LOW,20150930,67.709999,69.010002,67.709999,68.65485,4936000
LOW,20150929,67.150002,67.989998,66.220001,66.51312,4355300
LOW,20150928,68.440002,68.989998,67.050003,66.891663,5607500
LOW,20150925,69.139999,69.529999,68.349998,68.42574,3628600
LOW,20150924,68.300003,68.669998,67.480003,68.216548,4180000
LOW,20150923,68.57,68.919998,68.330002,68.465587,2391100
LOW,20150922,68.93,69.239998,68.029999,68.405812,3926200
LOW,20150921,68.389999,70.029999,68.32,69.332235,5276100
LOW,20150918,69.93,70.00,68.00,67.927663,8800900
LOW,20150917,70.25,71.589996,69.870003,70.208854,4367400
LOW,20150916,69.43,70.260002,69.190002,69.800428,3765500
LOW,20150915,68.580002,69.860001,68.010002,69.172854,5798900
LOW,20150914,68.599998,69.00,67.980003,67.887816,2645100
LOW,20150911,67.779999,68.669998,67.580002,68.365965,3415200
LOW,20150910,67.870003,68.629997,67.599998,67.668661,4538100
LOW,20150909,69.849998,69.900002,67.940002,67.847969,4096800
LOW,20150908,68.510002,69.349998,68.150002,69.043349,4103000
LOW,20150904,68.300003,68.50,67.279999,67.539164,3235700
LOW,20150903,69.209999,69.940002,68.889999,68.834158,3419500
LOW,20150902,68.699997,69.059998,68.080002,68.774391,4452600
LOW,20150901,67.879997,68.470001,67.389999,67.489353,7114300
LOW,20150831,68.50,69.459999,68.239998,68.903889,6775100
LOW,20150828,69.040001,69.339996,68.099998,68.186657,6282600
LOW,20150827,69.260002,69.650002,67.75,68.794311,6607900
LOW,20150826,68.699997,69.330002,66.330002,68.485506,6497100
LOW,20150825,70.019997,70.190002,66.900002,66.732275,7464100
LOW,20150824,67.610001,70.07,64.220001,68.047197,10961200
LOW,20150821,72.540001,73.080002,71.010002,70.836428,8210600
LOW,20150820,73.959999,74.779999,73.18,72.898464,7023200
LOW,20150819,72.57,74.529999,72.25,74.083888,11734100
LOW,20150818,73.169998,73.50,72.709999,72.739075,10796100
LOW,20150817,71.870003,72.580002,71.400002,72.20116,5238500
LOW,20150814,71.290001,72.279999,71.139999,71.83258,5864600
LOW,20150813,69.150002,71.919998,69.010002,70.936041,8551500
LOW,20150812,68.949997,69.050003,68.07,68.704661,5001700
LOW,20150811,68.889999,69.639999,68.870003,69.152927,5486000
LOW,20150810,69.980003,70.18,69.419998,69.302351,5759400
LOW,20150807,69.300003,69.629997,68.959999,69.262504,3310300
LOW,20150806,69.940002,70.099998,69.099998,69.043349,4840900
LOW,20150805,69.919998,70.209999,69.519997,69.670931,3914900
LOW,20150804,69.110001,69.839996,68.779999,69.09316,3132500
LOW,20150803,69.169998,69.349998,68.32,68.644894,5576800
LOW,20150731,69.239998,69.800003,68.82,69.09316,4316400
LOW,20150730,68.379997,69.00,68.019997,68.595084,3566900
LOW,20150729,67.959999,68.870003,67.779999,68.475543,5205900
LOW,20150728,67.25,68.00,66.660004,67.539164,4398000
LOW,20150727,67.040001,67.419998,66.720001,66.782086,3422500
LOW,20150724,67.889999,67.93,67.080002,66.921547,3629000
LOW,20150723,67.620003,68.160004,67.220001,67.439543,4169300
LOW,20150722,66.599998,67.510002,66.599998,67.180548,4921000
LOW,20150721,66.580002,66.919998,66.169998,66.134585,5375100
LOW,20150720,66.50,67.099998,66.00,66.44339,5332000
LOW,20150717,67.93,68.099998,67.050003,66.991275,6601200
LOW,20150716,67.949997,68.529999,67.339996,67.685695,5654600
LOW,20150715,68.160004,68.669998,67.93,67.72537,3532800
LOW,20150714,68.00,68.400002,67.57,67.844415,4981900
LOW,20150713,68.400002,68.660004,68.050003,67.755137,4158300
LOW,20150710,67.459999,68.269997,67.220001,67.308722,4157900
LOW,20150709,67.300003,67.519997,66.849998,66.485342,3767900
LOW,20150708,66.589996,67.410004,66.480003,65.999253,4941600
LOW,20150707,66.459999,67.43,65.830002,66.832556,8437900
LOW,20150706,66.330002,66.800003,65.980003,65.721488,10279900
LOW,20150702,67.449997,67.769997,66.410004,66.167895,6064900
LOW,20150701,67.449997,67.790001,66.959999,66.703588,5782900
LOW,20150630,68.190002,68.199997,66.690002,66.435745,10150900
LOW,20150629,68.300003,69.089996,67.50,66.991275,5311200
LOW,20150626,69.50,69.730003,68.480003,68.062661,9297500
LOW,20150625,70.449997,70.849998,69.629997,69.104288,3398400
LOW,20150624,70.550003,70.989998,70.059998,69.520935,3543900
LOW,20150623,70.93,70.970001,70.300003,70.036784,3634300
LOW,20150622,70.489998,70.739998,70.059998,69.729259,4052800
LOW,20150619,69.93,70.489998,69.709999,69.431649,11947400
LOW,20150618,69.760002,70.699997,69.760002,69.590377,4462400
LOW,20150617,69.400002,69.959999,69.129997,69.114203,3380600
LOW,20150616,68.870003,69.599998,68.830002,68.84636,3426000
LOW,20150615,68.860001,69.190002,68.480003,68.558672,4989000
LOW,20150612,68.75,69.639999,68.730003,68.479309,4350900
LOW,20150611,69.330002,70.150002,68.93,68.489231,3605600
LOW,20150610,68.739998,69.279999,68.349998,68.618191,4768600
LOW,20150609,68.790001,69.029999,67.769997,67.983298,5228600
LOW,20150608,69.699997,69.940002,68.68,68.132102,4433000
LOW,20150605,70.050003,70.25,69.720001,69.233248,4291500
LOW,20150604,70.040001,70.779999,69.800003,69.580454,4554600
LOW,20150603,70.190002,71.080002,70.150002,70.086388,3433100
LOW,20150602,69.860001,70.690002,69.769997,69.590377,4807600
LOW,20150601,69.959999,70.389999,69.699997,69.580454,4165400
LOW,20150529,70.220001,70.730003,69.779999,69.421735,4131300
LOW,20150528,70.489998,70.879997,70.330002,69.887979,2814500
LOW,20150527,69.940002,71.169998,69.839996,70.155829,5265300
LOW,20150526,69.519997,69.959999,69.190002,69.024924,6815900
LOW,20150522,68.860001,69.839996,68.620003,68.985242,4862500
LOW,20150521,68.50,69.879997,68.25,68.171784,8765500
LOW,20150520,68.660004,69.650002,68.110001,67.953538,16012500
LOW,20150519,73.68,73.75,71.800003,71.256975,8728300
LOW,20150518,73.220001,73.279999,72.620003,72.477158,4982900
LOW,20150515,72.440002,73.110001,72.040001,72.506918,4784800
LOW,20150514,73.239998,73.440002,72.019997,71.683545,5763000
LOW,20150513,73.879997,73.879997,73.00,72.526762,3292400
LOW,20150512,73.349998,73.93,72.940002,73.082292,3850000
LOW,20150511,73.029999,73.93,72.959999,72.635885,3940400
LOW,20150508,73.050003,73.93,72.989998,72.675567,4171200
LOW,20150507,70.879997,72.68,70.870003,71.713304,5523400
LOW,20150506,70.43,70.870003,69.940002,70.205426,4356300
LOW,20150505,71.160004,71.410004,70.370003,69.868142,4017500
LOW,20150504,70.889999,71.410004,70.57,70.6816,4888600
LOW,20150501,67.669998,70.769997,67.599998,70.135985,9932000
LOW,20150430,70.370003,70.889999,68.599998,68.310667,10950700
LOW,20150429,71.529999,71.580002,69.910004,69.878064,4526700
LOW,20150428,71.599998,72.279999,71.050003,71.167689,4181000
LOW,20150427,73.57,73.57,71.790001,71.26689,5629100
LOW,20150424,73.419998,73.620003,72.989998,72.576366,2401000
LOW,20150423,72.949997,73.900002,72.919998,72.78469,4170800
LOW,20150422,73.190002,73.370003,72.559998,72.48708,3152500
LOW,20150421,72.860001,73.510002,72.809998,72.655722,4046400
LOW,20150420,72.889999,73.129997,72.550003,72.050588,3610900
LOW,20150417,73.599998,73.889999,72.470001,71.743064,5547400
LOW,20150416,73.769997,74.739998,73.639999,73.256045,3846100
LOW,20150415,74.059998,74.629997,73.379997,72.593499,3088300
LOW,20150414,73.790001,74.309998,73.010002,73.157159,3679500
LOW,20150413,75.00,75.239998,73.769997,72.989044,3448900
LOW,20150410,74.50,74.940002,74.050003,74.066924,3140400
LOW,20150409,74.610001,75.160004,73.290001,73.424153,4473100
LOW,20150408,74.190002,74.949997,74.099998,73.977922,3439200
LOW,20150407,75.00,75.50,74.050003,73.28571,3124800
LOW,20150406,74.230003,75.639999,74.209999,74.225141,4714000
LOW,20150402,74.25,75.07,74.169998,74.007587,3379000
LOW,20150401,74.32,74.849998,73.699997,73.562595,5902500
LOW,20150331,74.510002,75.370003,74.269997,73.562595,4518300
LOW,20150330,73.849998,74.989998,73.82,73.968038,3959700
LOW,20150327,72.760002,73.75,72.760002,72.850602,3651700
LOW,20150326,73.559998,73.690002,72.480003,72.049613,7672900
LOW,20150325,75.690002,75.830002,74.199997,73.434043,4142900
LOW,20150324,75.459999,76.25,75.230003,74.769027,4899900
LOW,20150323,75.550003,76.169998,75.139999,74.531698,5934600
LOW,20150320,74.639999,75.599998,74.25,74.393256,8080500
LOW,20150319,74.690002,74.980003,74.160004,73.730702,3786200
LOW,20150318,74.470001,74.720001,72.629997,73.691146,7011500
LOW,20150317,74.980003,75.169998,74.559998,73.740593,3902800
LOW,20150316,74.690002,75.550003,74.690002,74.600919,4163300
LOW,20150313,74.940002,75.150002,73.739998,73.335157,4138200
LOW,20150312,73.50,74.980003,73.50,74.10648,3572700
LOW,20150311,73.169998,73.589996,73.050003,72.257277,3526700
LOW,20150310,73.760002,74.150002,73.059998,72.247386,3844600
LOW,20150309,73.529999,74.419998,73.419998,73.434043,3292100
LOW,20150306,73.959999,74.379997,73.330002,72.692385,5833200
LOW,20150305,74.379997,74.989998,74.379997,73.730702,3516500
LOW,20150304,74.860001,74.940002,73.910004,73.196707,4988500
LOW,20150303,74.900002,75.190002,74.220001,74.175702,3591100
LOW,20150302,73.519997,75.209999,73.519997,74.254806,5187200
LOW,20150227,73.860001,74.769997,73.650002,73.265929,4913700
LOW,20150226,74.510002,75.029999,73.559998,73.275819,7552300
LOW,20150225,75.900002,75.980003,73.25,73.602151,9318100
LOW,20150224,75.610001,75.82,73.93,73.819705,9780200
LOW,20150223,73.93,74.339996,73.269997,72.90994,4902900
LOW,20150220,72.129997,73.57,71.75,72.741825,4289900
LOW,20150219,72.540001,72.849998,72.089996,71.485954,3023000
LOW,20150218,72.470001,72.75,72.120003,71.713391,3765300
LOW,20150217,71.790001,72.589996,71.50,71.663952,3690600
LOW,20150213,72.059998,72.330002,71.839996,71.248625,2560100
LOW,20150212,71.580002,72.239998,71.440002,71.387067,3437000
LOW,20150211,71.589996,71.870003,71.120003,70.635518,3049600
LOW,20150210,71.099998,71.889999,71.040001,70.96185,4090000
LOW,20150209,71.449997,71.830002,70.769997,70.160854,2800400
LOW,20150206,71.529999,72.25,71.269997,71.100292,4803300
LOW,20150205,70.809998,71.50,70.730003,70.675074,4924500
LOW,20150204,69.510002,71.32,69.43,69.883969,6143700
LOW,20150203,69.080002,69.660004,68.349998,68.855536,5101400
LOW,20150202,67.580002,68.489998,66.169998,67.649112,5695300
LOW,20150130,69.470001,69.620003,67.669998,67.00634,8963700
LOW,20150129,69.43,70.239998,68.849998,69.152202,6409400
LOW,20150128,70.239998,71.110001,69.150002,68.4501,5372700
LOW,20150127,69.639999,70.010002,69.269997,69.07309,5846600
LOW,20150126,69.690002,70.50,69.419998,69.656532,5062700
LOW,20150123,69.519997,70.139999,69.129997,68.934648,4862600
LOW,20150122,67.68,69.629997,67.400002,68.776431,7069200
LOW,20150121,67.279999,67.870003,66.75,66.571231,5182000
LOW,20150120,68.010002,68.379997,66.25,65.780126,5924700
LOW,20150116,66.00,68.110001,65.900002,67.233777,4817200
LOW,20150115,67.389999,68.209999,66.220001,65.38458,5280700
LOW,20150114,67.150002,67.660004,66.860001,66.409449,4810800
LOW,20150113,68.50,69.410004,67.349998,66.872611,6028800
LOW,20150112,68.610001,68.720001,67.639999,66.862755,4603000
LOW,20150109,69.550003,69.629997,68.269997,67.335774,5644000
LOW,20150108,68.940002,69.989998,68.830002,68.62671,5536700
LOW,20150107,66.860001,68.389999,66.839996,67.207661,4719600
LOW,20150106,66.529999,66.800003,65.360001,65.266331,5247400
LOW,20150105,67.190002,67.379997,65.889999,65.118512,7335600
LOW,20150102,69.00,69.330002,67.339996,66.714936,4212000
LOW,20141231,68.739998,69.57,68.699997,67.798936,4352000
LOW,20141230,68.339996,68.879997,68.160004,67.552574,2879400
LOW,20141229,67.25,68.739998,67.169998,67.57228,2936600
LOW,20141226,67.669998,68.110001,67.489998,66.517849,2969500
LOW,20141224,67.949997,67.949997,67.389999,66.527705,1607400
LOW,20141223,68.059998,68.349998,67.690002,66.951449,3897800
LOW,20141222,67.169998,67.870003,67.010002,66.852898,4333800
LOW,20141219,66.879997,67.190002,66.059998,65.926581,10180300
LOW,20141218,66.699997,66.860001,65.889999,65.650656,6990400
LOW,20141217,64.449997,66.160004,64.449997,64.990399,4799800
LOW,20141216,64.839996,65.690002,64.07,63.285575,7126800
LOW,20141215,65.790001,65.959999,64.449997,64.369568,5549000
LOW,20141212,65.669998,66.25,64.830002,63.926119,5567100
LOW,20141211,65.559998,67.269997,65.440002,64.803169,7175100
LOW,20141210,65.75,66.389999,65.080002,64.182331,5625500
LOW,20141209,65.239998,66.019997,64.919998,64.881999,5377100
LOW,20141208,64.82,66.309998,64.779999,65.128361,6444600
LOW,20141205,64.470001,64.879997,64.400002,63.916262,4710600
LOW,20141204,64.080002,64.559998,63.880001,63.610775,4930400
LOW,20141203,63.779999,64.540001,63.689999,63.364413,4213500
LOW,20141202,63.32,64.040001,63.220001,63.039213,5063400
LOW,20141201,63.549999,63.869999,62.91,62.240997,4908200
LOW,20141128,63.139999,64.120003,63.119999,62.901251,2945300
LOW,20141126,63.02,63.07,62.330002,61.945363,5405700
LOW,20141125,63.759998,64.139999,62.939999,62.034054,6360800
LOW,20141124,63.470001,63.860001,63.23,62.714013,4630000
LOW,20141121,62.790001,63.59,62.48,62.339541,7490500
LOW,20141120,62.200001,62.830002,62.009998,61.52162,6086400
LOW,20141119,61.23,62.48,60.84,61.354091,11703600
LOW,20141118,58.209999,58.700001,57.959999,57.678365,6582100
LOW,20141117,58.52,59.16,58.48,58.033127,4721400
LOW,20141114,58.610001,58.759998,58.459999,57.72764,3748700
LOW,20141113,58.360001,58.759998,58.290001,57.757202,3830700
LOW,20141112,58.150002,58.349998,57.98,57.372878,5107500
LOW,20141111,57.880001,58.119999,57.73,57.156078,3128800
LOW,20141110,57.689999,58.009998,57.529999,56.988553,3271900
LOW,20141107,57.509998,58.040001,57.50,56.850587,3907300
LOW,20141106,57.099998,57.700001,56.970001,56.732334,4127800
LOW,20141105,57.59,57.650002,56.759998,56.1115,4889600
LOW,20141104,57.389999,57.450001,56.869999,56.426843,4333100
LOW,20141103,57.200001,57.50,56.93,56.614081,5337200
LOW,20141031,57.00,57.41,56.919998,56.367719,7772500
LOW,20141030,56.459999,56.560001,55.91,55.45125,5001900
LOW,20141029,56.060001,56.389999,55.52,54.997944,3540200
LOW,20141028,55.66,56.060001,55.619999,55.244307,4646400
LOW,20141027,55.209999,55.830002,55.209999,54.662891,3365400
LOW,20141024,54.849998,55.34,54.580002,54.524929,4586200
LOW,20141023,54.43,55.189999,54.380001,54.16031,8477000
LOW,20141022,54.50,54.849998,53.93,53.155151,5093300
LOW,20141021,53.66,54.610001,53.459999,53.795694,4316700
LOW,20141020,52.349998,53.630001,52.349998,52.711701,5876200
LOW,20141017,51.880001,52.900002,51.830002,51.519304,7948100
LOW,20141016,50.720001,51.830002,50.290001,50.440059,5330200
LOW,20141015,51.470001,51.669998,49.849998,50.243831,10547500
LOW,20141014,52.09,52.549999,51.200001,51.028737,11281900
LOW,20141013,53.50,53.650002,52.360001,51.480061,8235900
LOW,20141010,53.98,54.580002,53.68,52.686855,7372000
LOW,20141009,54.25,54.75,53.830002,52.892892,6799500
LOW,20141008,53.23,54.419998,53.139999,53.314779,5806900
LOW,20141007,53.299999,53.82,53.16,52.176665,4886100
LOW,20141006,53.77,54.119999,53.380001,52.588739,3237100
LOW,20141003,53.310001,53.720001,53.209999,52.57893,4172500
LOW,20141002,52.619999,53.34,52.580002,52.029494,4471800
LOW,20141001,52.759998,53.060001,52.450001,51.607606,5502900
LOW,20140930,53.400002,53.439999,52.57,51.921568,5349800
LOW,20140929,52.970001,53.439999,52.759998,52.343456,4370900
LOW,20140926,53.16,53.349998,52.889999,52.176665,4428700
LOW,20140925,53.450001,53.759998,53.02,52.06874,4217000
LOW,20140924,53.150002,53.790001,53.09,52.618176,4567100
LOW,20140923,53.279999,53.48,53.060001,52.117796,3488500
LOW,20140922,53.919998,53.919998,53.299999,52.451381,3885200
LOW,20140919,54.380001,54.810001,53.82,53.069496,7181400
LOW,20140918,53.950001,54.330002,53.799999,53.128365,4199900
LOW,20140917,53.790001,54.25,53.669998,52.843836,5878700
LOW,20140916,53.00,53.970001,52.91,52.686855,5177600
LOW,20140915,52.950001,53.240002,52.709999,52.127609,4418200
LOW,20140912,53.119999,53.380001,52.669998,51.970628,5443500
LOW,20140911,53.040001,53.200001,52.669998,52.078553,6348500
LOW,20140910,53.110001,53.419998,52.889999,52.382702,3265100
LOW,20140909,53.439999,53.540001,52.91,52.029494,3342000
LOW,20140908,53.830002,54.130001,53.459999,52.529874,4019800
LOW,20140905,53.529999,54.139999,53.099998,53.089119,5073300
LOW,20140904,53.00,53.700001,52.950001,52.598553,6665100
LOW,20140903,52.700001,53.040001,52.360001,51.911759,5820100
LOW,20140902,52.66,52.939999,52.029999,51.617419,5144200
LOW,20140829,52.50,52.73,52.259998,51.519304,3510600
LOW,20140828,52.150002,52.689999,52.029999,51.54874,4357500
LOW,20140827,52.68,52.84,52.459999,51.529117,4927900
LOW,20140826,52.630001,52.970001,52.560001,51.587987,4814000
LOW,20140825,52.799999,52.950001,52.50,51.705722,3779300
LOW,20140822,52.490002,52.900002,52.130001,51.538927,5062200
LOW,20140821,52.639999,53.040001,52.490002,51.676285,7154100
LOW,20140820,49.950001,52.66,49.700001,51.342703,18405900
LOW,20140819,51.810001,52.00,51.279999,50.547984,9344800
LOW,20140818,50.50,50.700001,50.34,49.498172,4816800
LOW,20140815,50.560001,51.189999,49.57,49.056661,6642200
LOW,20140814,49.959999,50.41,49.75,49.458926,3605200
LOW,20140813,49.91,50.299999,49.619999,48.90949,4397800
LOW,20140812,49.779999,49.950001,49.59,48.88987,3287300
LOW,20140811,49.84,49.950001,49.41,48.919303,4070500
LOW,20140808,48.259998,49.790001,48.200001,48.781945,7386400
LOW,20140807,48.259998,48.50,47.799999,47.015902,3175700
LOW,20140806,47.59,48.220001,47.52,47.192507,3968500
LOW,20140805,47.759998,48.23,47.549999,46.741186,4879400
LOW,20140804,47.610001,48.049999,47.599998,47.006093,3528100
LOW,20140801,47.889999,48.130001,47.27,46.69213,5231200
LOW,20140731,48.18,48.470001,47.849998,46.947223,4740700
LOW,20140730,48.200001,48.540001,48.060001,47.555528,4380500
LOW,20140729,47.720001,48.259998,47.700001,47.133641,4181400
LOW,20140728,47.759998,47.849998,47.349998,46.790242,3192900
LOW,20140725,47.810001,48.130001,47.549999,46.800055,4531100
LOW,20140724,47.98,48.360001,47.880001,47.094395,3934600
LOW,20140723,47.77,48.00,47.599998,47.006093,3917900
LOW,20140722,47.59,48.080002,47.540001,46.888358,3222400
LOW,20140721,47.619999,47.759998,47.419998,46.682321,3117900
LOW,20140718,47.450001,47.869999,47.380001,46.682319,5211200
LOW,20140717,47.419998,47.779999,47.220001,46.184346,5010000
LOW,20140716,47.630001,47.77,47.23,46.535855,5318100
LOW,20140715,47.349998,47.73,47.27,46.389392,5921700
LOW,20140714,47.700001,47.700001,47.139999,46.106235,4358900
LOW,20140711,47.18,47.509998,47.09,46.321043,4430800
LOW,20140710,46.669998,47.419998,46.48,46.086706,8008700
LOW,20140709,48.009998,48.32,47.59,46.731139,5830900
LOW,20140708,48.080002,48.150002,47.630001,46.692081,5011300
LOW,20140707,48.099998,48.400002,47.970001,47.072882,4538000
LOW,20140703,48.220001,48.439999,48.18,47.092411,2132400
LOW,20140702,48.16,48.389999,48.00,46.985005,3097900
LOW,20140701,48.029999,48.419998,47.970001,46.994771,5843800
LOW,20140630,47.32,48.060001,47.07,46.858074,7388700
LOW,20140627,47.130001,47.57,47.07,46.301515,5216600
LOW,20140626,46.830002,47.439999,46.75,46.086706,5272000
LOW,20140625,46.580002,46.880001,46.389999,45.5985,5059500
LOW,20140624,45.959999,46.860001,45.700001,45.412979,11137700
LOW,20140623,45.98,46.23,45.84,44.993124,6532800
LOW,20140620,46.080002,46.240002,45.650002,44.934538,13871100
LOW,20140619,45.939999,46.189999,45.610001,44.81737,4751200
LOW,20140618,45.759998,45.950001,45.50,44.758784,10408400
LOW,20140617,45.34,46.07,45.240002,44.758784,8366900
LOW,20140616,45.360001,45.619999,45.209999,44.348688,6713500
LOW,20140613,45.689999,45.830002,45.099998,44.377983,6139500
LOW,20140612,46.57,46.66,45.52,44.475623,11318400
LOW,20140611,47.380001,47.52,46.82,45.803545,4244900
LOW,20140610,47.450001,47.75,47.279999,46.467507,3588100
LOW,20140609,47.66,48.25,47.529999,46.487035,3700200
LOW,20140606,47.529999,47.900002,47.439999,46.643261,3860500
LOW,20140605,47.34,47.610001,47.060001,46.28199,4300100
LOW,20140604,47.09,47.400002,46.860001,46.057411,4501900
LOW,20140603,46.82,47.380001,46.799999,46.106235,3560600
LOW,20140602,47.09,47.41,46.889999,45.901185,4070800
LOW,20140530,46.970001,47.110001,46.57,45.969538,4288900
LOW,20140529,46.860001,47.150002,46.450001,45.901185,3947800
LOW,20140528,46.91,47.240002,46.57,45.608262,6889900
LOW,20140527,47.18,47.830002,47.150002,46.653024,5534400
LOW,20140523,46.82,47.139999,46.73,45.950009,5096400
LOW,20140522,45.200001,47.150002,45.200001,45.784017,8780800
LOW,20140521,45.400002,45.84,44.310001,44.338926,8572000
LOW,20140520,46.009998,46.290001,45.25,44.446332,8853200
LOW,20140519,45.240002,45.689999,45.00,44.475623,4567700
LOW,20140516,44.77,45.400002,44.77,44.290106,5727100
LOW,20140515,44.91,44.91,44.130001,43.577324,7721200
LOW,20140514,45.68,45.700001,44.990002,44.104585,5480300
LOW,20140513,46.299999,46.630001,45.509998,44.680669,3962300
LOW,20140512,45.830002,46.450001,45.82,45.188404,2820500
LOW,20140509,45.009998,45.73,44.889999,44.631849,4023700
LOW,20140508,45.07,45.790001,44.779999,43.958125,3718200
LOW,20140507,45.599998,45.790001,44.68,44.046002,5148500
LOW,20140506,46.189999,46.25,45.310001,44.319397,4586800
LOW,20140505,46.68,46.84,46.130001,45.19817,3984700
LOW,20140502,46.380001,47.34,46.380001,45.871894,4732300
LOW,20140501,46.049999,46.689999,45.889999,45.276281,4367100
LOW,20140430,46.299999,46.369999,45.650002,44.827132,6618800
LOW,20140429,46.48,46.580002,46.139999,45.334867,3888400
LOW,20140428,46.599998,47.200001,45.669998,45.286048,7024100
LOW,20140425,46.98,47.009998,46.349998,45.286048,4589200
LOW,20140424,46.459999,47.18,46.34,46.047649,4674800
LOW,20140423,47.529999,47.68,46.189999,45.129822,7862500
LOW,20140422,46.75,47.880001,46.669998,46.418687,4687200
LOW,20140421,46.66,46.880001,46.509998,45.578971,3140900
LOW,20140417,46.509998,47.080002,46.290001,45.520384,4281000
LOW,20140416,46.970001,47.18,46.560001,45.452299,4270900
LOW,20140415,46.959999,46.959999,45.790001,45.432845,5437900
LOW,20140414,46.639999,47.139999,46.27,45.364759,4698300
LOW,20140411,46.66,46.720001,46.189999,45.043784,4931500
LOW,20140410,47.490002,47.860001,46.75,45.510659,6203400
LOW,20140409,46.82,47.610001,46.509998,46.240153,6023000
LOW,20140408,46.75,46.91,46.41,45.452299,6887600
LOW,20140407,48.450001,48.52,46.580002,45.491206,8818100
LOW,20140404,49.209999,49.240002,48.18,47.115542,5951900
LOW,20140403,49.50,49.59,48.889999,47.708864,4765600
LOW,20140402,49.389999,49.970001,49.290001,48.166015,4846000
LOW,20140401,49.07,49.790001,49.049999,48.078475,3571000
LOW,20140331,49.110001,49.139999,48.759998,47.562968,6694100
LOW,20140328,48.84,49.02,48.630001,47.582418,4016300
LOW,20140327,48.389999,48.57,48.220001,47.21281,5300800
LOW,20140326,48.459999,48.830002,48.16,47.203082,7082300
LOW,20140325,49.27,49.360001,48.189999,47.037732,5955600
LOW,20140324,49.32,49.580002,48.75,47.835311,5388400
LOW,20140321,49.84,50.07,49.189999,47.903397,7777500
LOW,20140320,49.41,49.610001,49.23,48.195193,4145500
LOW,20140319,49.939999,50.279999,49.279999,48.224375,4315500
LOW,20140318,49.490002,49.93,49.349998,48.46754,3910600
LOW,20140317,49.25,49.82,49.209999,48.127107,4965200
LOW,20140314,49.09,49.619999,48.959999,47.747772,5298700
LOW,20140313,49.529999,49.75,48.619999,47.378161,5587200
LOW,20140312,49.310001,49.389999,48.939999,48.029843,4435900
LOW,20140311,50.099998,50.200001,49.279999,48.107654,4553000
LOW,20140310,50.279999,50.50,49.98,48.623165,5132100
LOW,20140307,50.50,50.529999,50.02,49.041404,4340500
LOW,20140306,49.73,50.25,49.689999,48.720429,4380800
LOW,20140305,50.740002,50.779999,50.299999,48.973319,5217200
LOW,20140304,50.419998,50.779999,50.27,49.245665,6390300
LOW,20140303,48.599998,50.580002,48.599998,48.817694,7203400
LOW,20140228,50.880001,50.889999,49.470001,48.662069,9573400
LOW,20140227,50.580002,51.02,50.389999,49.430469,7249300
LOW,20140226,50.200001,51.279999,48.810001,49.333205,18638100
LOW,20140225,47.84,48.369999,47.759998,46.794567,10095100
LOW,20140224,47.209999,47.779999,47.209999,45.928902,7786700
LOW,20140221,46.66,47.299999,46.66,45.773277,7675200
LOW,20140220,46.669998,47.09,46.599998,45.384213,7724200
LOW,20140219,46.810001,47.169998,46.509998,45.267495,5460600
LOW,20140218,47.50,47.68,46.689999,45.646831,5454500
LOW,20140214,46.599998,47.389999,46.459999,45.98726,3459900
LOW,20140213,46.470001,46.810001,46.029999,45.364759,5051600
LOW,20140212,46.779999,47.09,46.560001,45.403666,6788200
LOW,20140211,45.98,46.939999,45.970001,45.481477,6922100
LOW,20140210,46.110001,46.419998,45.91,44.858977,7342900
LOW,20140207,46.110001,46.259998,45.439999,44.810345,9641200
LOW,20140206,45.669998,46.639999,45.599998,45.306402,6486400
LOW,20140205,44.82,45.669998,44.450001,44.285108,8036000
LOW,20140204,45.549999,45.73,44.779999,43.672337,8399200
LOW,20140203,46.259998,46.529999,45.48,44.353194,7755000
LOW,20140131,46.009998,46.799999,45.619999,45.02433,6767300
LOW,20140130,46.310001,46.779999,45.959999,45.228588,5772900
LOW,20140129,46.57,46.889999,45.779999,44.71308,9922000
LOW,20140128,46.75,47.380001,46.580002,45.676009,13364000
LOW,20140127,47.779999,48.32,47.34,46.687574,8050300
LOW,20140124,47.779999,48.299999,47.73,46.522224,9086200
LOW,20140123,47.549999,48.220001,47.25,46.833475,6938800
LOW,20140122,47.84,47.849998,47.18,46.44441,7916600
LOW,20140121,47.59,47.860001,47.259998,46.512496,7430100
LOW,20140117,48.099998,48.139999,47.560001,46.308238,5764000
LOW,20140116,48.110001,48.279999,47.77,46.687577,4146200
LOW,20140115,48.98,49.029999,48.099998,46.79417,6224600
LOW,20140114,48.610001,48.93,48.369999,47.385275,5498900
LOW,20140113,49.400002,49.91,48.50,47.152708,6403800
LOW,20140110,48.919998,49.779999,48.880001,48.141113,5736400
LOW,20140109,48.75,48.880001,48.360001,47.23992,4941400
LOW,20140108,48.279999,48.75,48.25,47.046115,4875800
LOW,20140107,48.400002,48.82,48.00,46.881382,5541900
LOW,20140106,48.970001,49.099998,48.040001,46.765097,4923000
LOW,20140103,49.41,49.529999,48.830002,47.433726,4257500
LOW,20140102,49.549999,49.860001,49.150002,47.908545,5458300
LOW,20131231,49.220001,49.610001,49.18,48.015139,3457300
LOW,20131230,48.98,49.43,48.91,47.724432,3202800
LOW,20131227,49.150002,49.450001,48.650002,47.317444,3828600
LOW,20131226,48.830002,49.23,48.73,47.511246,3124500
LOW,20131224,48.43,48.950001,48.279999,47.19147,2281800
LOW,20131223,47.959999,48.790001,47.959999,46.900763,4715100
LOW,20131220,48.580002,48.919998,47.919998,46.484083,8169900
LOW,20131219,48.060001,48.919998,47.75,46.891071,7668100
LOW,20131218,46.700001,48.48,46.619999,46.82324,10359700
LOW,20131217,47.16,47.23,46.439999,45.204971,5502000
LOW,20131216,47.470001,47.720001,47.080002,45.670102,4228200
LOW,20131213,46.900002,47.380001,46.900002,45.650721,3815800
LOW,20131212,47.310001,47.389999,46.82,45.437535,4552400
LOW,20131211,47.34,47.799999,47.220001,45.844527,5307800
LOW,20131210,47.68,47.970001,47.32,45.892977,5477500
LOW,20131209,47.889999,48.18,47.689999,46.280585,6269600
LOW,20131206,47.189999,48.48,47.139999,46.493771,8217900
LOW,20131205,46.700001,47.080002,46.549999,45.166209,5232900
LOW,20131204,46.189999,47.040001,46.080002,45.408465,8019100
LOW,20131203,45.82,46.549999,45.75,45.059616,11475200
LOW,20131202,47.580002,47.599998,46.720001,45.379396,6834800
LOW,20131129,47.889999,47.970001,47.450001,46.009259,3343900
LOW,20131127,47.98,48.209999,47.610001,46.406559,4561900
LOW,20131126,47.860001,48.32,47.84,46.522841,6901400
LOW,20131125,48.049999,48.290001,47.509998,46.270896,6472200
LOW,20131122,48.220001,48.240002,47.68,46.416251,6142600
LOW,20131121,47.540001,48.790001,47.169998,46.706958,11977200
LOW,20131120,48.50,48.900002,47.16,45.863908,26083700
LOW,20131119,51.50,51.849998,50.18,48.877569,12070900
LOW,20131118,51.740002,51.77,50.77,49.313631,8655100
LOW,20131115,52.049999,52.080002,51.529999,50.166373,10833100
LOW,20131114,51.439999,52.029999,51.380001,50.340798,9024800
LOW,20131113,49.810001,51.279999,49.810001,49.69155,7433500
LOW,20131112,49.369999,50.389999,49.369999,48.567482,10150000
LOW,20131111,48.82,49.439999,48.720001,47.579077,5530100
LOW,20131108,49.009998,49.259998,48.48,47.210851,8931200
LOW,20131107,50.110001,50.43,49.029999,47.550008,4694500
LOW,20131106,50.419998,50.50,49.82,48.422131,4104400
LOW,20131105,49.540001,50.419998,49.400002,48.625625,5153500
LOW,20131104,49.490002,49.82,49.48,48.228325,5592500
LOW,20131101,49.830002,49.990002,49.150002,47.656601,9961600
LOW,20131031,50.25,50.34,49.66,48.238014,7212200
LOW,20131030,50.669998,50.740002,49.77,48.596555,6991100
LOW,20131029,50.290001,50.709999,50.189999,49.042305,8843200
LOW,20131028,50.490002,50.52,49.830002,48.557793,5916400
LOW,20131025,50.25,50.630001,49.93,49.022924,6014300
LOW,20131024,49.290001,50.48,49.220001,48.877569,8420900
LOW,20131023,48.169998,49.310001,48.119999,47.724432,9541700
LOW,20131022,48.189999,48.529999,48.119999,46.697265,7711400
LOW,20131021,47.59,48.029999,47.400002,46.532533,6482500
LOW,20131018,48.48,48.48,47.580002,46.009258,12981900
LOW,20131017,48.32,49.119999,48.310001,47.322154,6769800
LOW,20131016,48.720001,48.790001,47.84,46.791205,9179900
LOW,20131015,48.84,48.84,47.950001,46.771897,7282700
LOW,20131014,48.450001,48.970001,48.360001,47.187004,4959300
LOW,20131011,47.959999,48.810001,47.93,47.109773,6949900
LOW,20131010,47.27,47.889999,47.16,46.163717,5738400
LOW,20131009,46.529999,47.07,46.099998,44.985971,6652000
LOW,20131008,47.25,47.599998,46.490002,44.918396,7306200
LOW,20131007,47.540001,47.82,47.259998,45.623111,6404200
LOW,20131004,47.970001,48.220001,47.849998,46.472633,5518600
LOW,20131003,48.540001,48.799999,47.549999,46.269907,7403300
LOW,20131002,47.849998,48.48,47.66,46.733282,5951600
LOW,20131001,47.639999,48.380001,47.50,46.5209,6662500
LOW,20130930,47.310001,47.959999,47.200001,45.960991,5846500
LOW,20130927,47.790001,48.02,47.630001,46.115449,4107600
LOW,20130926,47.73,48.16,47.73,46.231292,4354400
LOW,20130925,48.02,48.02,47.34,45.893416,5916600
LOW,20130924,47.189999,48.43,47.02,46.376098,7195300
LOW,20130923,47.66,47.740002,47.189999,45.632767,7187300
LOW,20130920,49.07,49.139999,47.84,46.183024,11704700
LOW,20130919,48.00,49.169998,48.00,47.283539,11076500
LOW,20130918,46.77,48.02,46.419998,46.096141,7535200
LOW,20130917,46.759998,47.049999,46.599998,45.227312,5347900
LOW,20130916,47.299999,47.459999,46.48,45.21766,6485000
LOW,20130913,47.150002,47.290001,46.59,45.236968,6199800
LOW,20130912,47.279999,47.380001,46.630001,45.362466,7086100
LOW,20130911,47.290001,47.580002,46.959999,45.729302,4680700
LOW,20130910,46.799999,47.18,46.639999,45.516924,5887700
LOW,20130909,45.82,46.799999,45.799999,45.014935,5714200
LOW,20130906,46.07,46.200001,45.25,44.020607,5596100
LOW,20130905,45.880001,46.220001,45.779999,44.271604,4558000
LOW,20130904,45.720001,46.02,45.630001,44.377794,5468500
LOW,20130903,46.25,46.490002,45.169998,44.030263,7003400
LOW,20130830,46.50,46.619999,45.650002,44.232988,5610200
LOW,20130829,46.279999,46.77,46.00,44.812205,4470600
LOW,20130828,45.880001,46.669998,45.860001,44.773593,7153900
LOW,20130827,46.389999,46.700001,45.950001,44.406754,7316000
LOW,20130826,47.009998,47.439999,46.830002,45.362466,6085100
LOW,20130823,47.240002,47.50,46.57,45.352811,8124400
LOW,20130822,45.970001,47.509998,45.919998,45.74861,10274400
LOW,20130821,45.610001,47.25,45.52,44.223336,30111000
LOW,20130820,44.380001,44.52,43.52,42.553256,10291200
LOW,20130819,44.07,44.189999,43.549999,42.157454,6126100
LOW,20130816,43.860001,44.639999,43.790001,42.43741,8342100
LOW,20130815,44.459999,44.560001,43.759998,42.331219,8911900
LOW,20130814,46.110001,46.150002,44.959999,43.44139,8957600
LOW,20130813,45.779999,46.23,45.360001,44.532252,5708400
LOW,20130812,45.59,46.25,45.59,44.21368,5075200
LOW,20130809,46.029999,46.040001,45.529999,44.097838,6613800
LOW,20130808,45.27,46.25,45.200001,44.561212,11217200
LOW,20130807,44.75,44.810001,44.169998,42.765634,6507900
LOW,20130806,45.369999,45.459999,44.689999,43.315891,7986700
LOW,20130805,44.810001,45.490002,44.77,43.895112,4488300
LOW,20130802,44.970001,45.27,44.689999,43.431738,6763600
LOW,20130801,44.939999,45.189999,44.759998,43.480005,5794500
LOW,20130731,44.009998,45.029999,44.00,43.035939,6857900
LOW,20130730,43.790001,44.310001,43.790001,42.514641,7083400
LOW,20130729,43.950001,44.09,43.380001,41.93542,6020700
LOW,20130726,43.869999,44.040001,43.610001,42.447066,5130800
LOW,20130725,44.599998,44.700001,43.779999,42.601524,8425800
LOW,20130724,45.259998,45.299999,44.59,43.200049,5612800
LOW,20130723,44.759998,45.16,44.740002,43.537925,6578200
LOW,20130722,44.150002,44.720001,43.950001,43.132474,5506600
LOW,20130719,44.32,44.369999,43.900002,42.562908,4335500
LOW,20130718,44.27,44.549999,44.07,42.582137,5431500
LOW,20130717,44.049999,44.509998,43.950001,42.553292,5563200
LOW,20130716,43.650002,44.09,43.50,42.101418,4093700
LOW,20130715,44.00,44.419998,43.75,42.062959,8203400
LOW,20130712,43.389999,43.860001,43.349998,42.139876,4507900
LOW,20130711,44.02,44.200001,43.279999,41.697612,7224800
LOW,20130710,43.740002,43.82,43.169998,41.716841,5247600
LOW,20130709,43.560001,43.98,43.41,42.120647,5482000
LOW,20130708,42.880001,43.549999,42.869999,41.8226,5727200
LOW,20130705,42.50,42.889999,42.299999,41.130362,4048600
LOW,20130703,42.099998,42.50,41.939999,40.688101,4074000
LOW,20130702,41.450001,42.84,41.34,40.736172,12271900
LOW,20130701,41.189999,41.43,40.950001,39.47669,5924500
LOW,20130628,41.080002,41.299999,40.700001,39.32286,12195300
LOW,20130627,40.75,41.380001,40.689999,39.563219,7787200
LOW,20130626,39.950001,40.66,39.950001,38.967124,9528600
LOW,20130625,39.799999,39.919998,39.48,37.986456,9647300
LOW,20130624,39.049999,39.82,38.869999,37.928772,8683000
LOW,20130621,40.240002,40.27,39.27,38.024915,16890200
LOW,20130620,40.59,40.630001,39.810001,38.284504,12013600
LOW,20130619,41.59,41.650002,40.990002,39.447844,7614100
LOW,20130618,41.41,41.599998,41.150002,39.861263,4486900
LOW,20130617,41.380001,41.790001,41.080002,39.774733,5958300
LOW,20130614,41.040001,41.84,41.00,39.572832,7450400
LOW,20130613,40.599998,41.349998,40.52,39.592061,5622400
LOW,20130612,41.299999,41.52,40.580002,39.044041,6525200
LOW,20130611,40.639999,41.349998,40.599998,39.313243,4589200
LOW,20130610,41.580002,41.77,40.98,39.592061,7370100
LOW,20130607,41.009998,41.669998,40.889999,39.995864,10925100
LOW,20130606,39.790001,40.700001,39.560001,39.130571,9583100
LOW,20130605,40.830002,40.849998,39.59,38.072986,12360700
LOW,20130604,42.169998,42.459999,40.970001,39.409389,9221300
LOW,20130603,42.119999,42.360001,41.619999,40.72656,6169800
LOW,20130531,42.439999,43.259998,42.110001,40.4862,7494500
LOW,20130530,43.240002,43.490002,42.630001,41.014991,6775400
LOW,20130529,42.560001,43.27,42.43,41.42841,7309000
LOW,20130528,43.119999,43.419998,42.709999,41.207279,6755800
LOW,20130524,42.130001,42.709999,42.060001,40.995761,7603100
LOW,20130523,42.439999,42.790001,42.150002,41.043833,8272600
LOW,20130522,43.299999,43.84,42.459999,41.313038,19588200
LOW,20130521,43.080002,43.400002,42.18,40.813089,10779500
LOW,20130520,42.259998,42.77,42.16,40.745789,7161200
LOW,20130517,42.810001,42.970001,42.389999,41.024603,7812700
LOW,20130516,43.169998,43.549999,42.720001,41.111133,7490700
LOW,20130515,42.740002,43.279999,42.740002,41.563011,6682500
LOW,20130514,42.209999,42.900002,42.209999,41.130362,6416800
LOW,20130513,41.880001,42.290001,41.880001,40.466971,3863200
LOW,20130510,41.889999,42.080002,41.630001,40.447742,4584900
LOW,20130509,42.130001,42.290001,41.549999,40.159311,9947700
LOW,20130508,40.700001,42.400002,40.220001,40.716943,14062900
LOW,20130507,40.869999,41.139999,40.119999,38.736381,8953600
LOW,20130506,39.540001,40.880001,39.50,39.23633,10498100
LOW,20130503,39.150002,39.610001,39.049999,38.063373,6987500
LOW,20130502,38.290001,38.869999,38.119999,37.371136,5687700
LOW,20130501,38.34,38.52,37.98,36.707744,7105500
LOW,20130430,38.189999,38.580002,38.060001,36.938487,5850700
LOW,20130429,37.779999,38.450001,37.560001,36.775045,10374100
LOW,20130426,37.790001,38.02,37.700001,36.246254,5232900
LOW,20130425,37.73,37.939999,37.419998,36.332783,8312400
LOW,20130424,38.150002,38.34,37.66,36.255867,7076300
LOW,20130423,37.799999,38.330002,37.619999,36.544298,8800300
LOW,20130422,38.029999,38.060001,37.389999,36.236637,5180100
LOW,20130419,37.48,38.349998,37.470001,36.496226,7786800
LOW,20130418,37.740002,37.759998,37.09,35.730304,8215600
LOW,20130417,37.82,37.970001,37.380001,35.988804,8839500
LOW,20130416,38.200001,38.369999,37.470001,36.371767,11945000
LOW,20130415,38.599998,39.18,37.900002,36.295173,10045400
LOW,20130412,38.689999,39.380001,38.560001,37.262149,6995900
LOW,20130411,39.150002,39.419998,38.799999,37.185558,7878200
LOW,20130410,38.869999,39.080002,38.639999,37.348315,7302100
LOW,20130409,39.080002,39.240002,38.790001,37.214279,6667100
LOW,20130408,38.360001,39.029999,38.32,37.319594,7895600
LOW,20130405,38.169998,38.50,37.68,36.754726,7626000
LOW,20130404,37.93,38.75,37.93,36.984504,11629700
LOW,20130403,38.099998,38.25,37.50,36.256876,9207100
LOW,20130402,37.59,38.139999,37.59,36.400488,5622400
LOW,20130401,37.799999,37.919998,37.330002,35.921786,11165800
LOW,20130328,38.060001,38.34,37.880001,36.304745,9215400
LOW,20130327,37.970001,38.349998,37.919998,36.553672,3464100
LOW,20130326,38.389999,38.439999,37.919998,36.591969,5646600
LOW,20130325,38.110001,38.759998,38.02,36.496226,10506700
LOW,20130322,37.93,37.950001,37.549999,36.218582,7641400
LOW,20130321,38.200001,38.490002,37.630001,36.151561,10148600
LOW,20130320,38.470001,38.740002,38.349998,36.773874,5842100
LOW,20130319,38.759998,39.00,37.959999,36.611118,9333700
LOW,20130318,38.459999,38.990002,38.349998,37.089819,7319100
LOW,20130315,39.029999,39.299999,38.740002,37.156837,9708100
LOW,20130314,39.380001,39.549999,39.099998,37.530224,7326300
LOW,20130313,39.200001,39.52,39.00,37.721706,5383400
LOW,20130312,39.59,39.689999,38.880001,37.37704,7364600
LOW,20130311,39.130001,39.689999,39.130001,37.980201,6308600
LOW,20130308,38.900002,39.389999,38.799999,37.635539,6696100
LOW,20130307,38.830002,38.889999,38.240002,37.051522,6206800
LOW,20130306,38.75,39.220001,38.68,37.175986,6575800
LOW,20130305,38.540001,38.810001,38.299999,37.108964,7843600
LOW,20130304,38.119999,38.439999,37.91,36.793023,8527400
LOW,20130301,37.91,38.52,37.799999,36.745153,11073400
LOW,20130228,37.740002,38.459999,37.599998,36.524951,13931600
LOW,20130227,36.48,37.799999,36.459999,36.103691,17520600
LOW,20130226,36.150002,37.220001,35.919998,35.0314,18853100
LOW,20130225,38.07,38.380001,35.860001,34.332496,20372000
LOW,20130222,37.98,38.119999,37.560001,36.065394,8770400
LOW,20130221,37.799999,38.16,37.23,36.065394,13460000
LOW,20130220,39.41,39.630001,38.630001,36.994077,8441600
LOW,20130219,39.259998,39.720001,38.889999,37.731278,8142900
LOW,20130215,39.400002,39.740002,38.759998,37.472779,9977700
LOW,20130214,39.720001,39.880001,39.41,37.884463,8023000
LOW,20130213,39.869999,39.98,39.48,38.075944,5722600
LOW,20130212,39.27,39.91,39.169998,38.095093,7696600
LOW,20130211,39.119999,39.209999,38.93,37.396188,5049900
LOW,20130208,38.77,39.200001,38.709999,37.367464,5914000
LOW,20130207,38.52,38.900002,38.310001,37.11854,9693900
LOW,20130206,38.220001,38.68,37.98,37.022798,8650300
LOW,20130205,38.220001,38.549999,38.200001,36.697284,8637200
LOW,20130204,38.290001,38.810001,37.919998,36.323894,8536400
LOW,20130201,38.450001,39.150002,38.400002,36.917486,11080200
LOW,20130131,38.200001,38.57,37.959999,36.563244,10543000
LOW,20130130,38.279999,38.419998,38.060001,36.582393,6144900
LOW,20130129,38.200001,38.529999,38.02,36.601541,7748800
LOW,20130128,38.709999,38.75,38.169998,36.716429,7698000
LOW,20130125,38.50,39.259998,38.23,36.936635,15477200
LOW,20130124,37.950001,38.529999,37.880001,36.773874,13364100
LOW,20130123,37.299999,37.970001,37.049999,36.266452,12682100
LOW,20130122,37.029999,37.439999,36.799999,35.845192,8718800
LOW,20130118,37.060001,37.150002,36.630001,35.414363,11866400
LOW,20130117,35.990002,37.080002,35.970001,35.27075,11461600
LOW,20130116,35.799999,36.00,35.549999,34.098237,4543400
LOW,20130115,35.450001,35.990002,35.209999,34.250759,8270100
LOW,20130114,35.799999,35.849998,35.310001,33.726464,9530900
LOW,20130111,35.599998,35.880001,35.459999,34.155434,8307700
LOW,20130110,35.040001,35.560001,34.799999,33.888517,8024800
LOW,20130109,34.91,35.23,34.799999,33.249833,5400700
LOW,20130108,34.93,35.310001,34.650002,33.154504,6513700
LOW,20130107,34.990002,35.18,34.43,33.135438,12497600
LOW,20130104,35.939999,36.049999,35.549999,33.917118,7705000
LOW,20130103,36.32,36.400002,35.709999,34.174496,8564600
LOW,20130102,36.130001,36.380001,35.830002,34.498606,8229700
