MS,20151030,33.439999,33.57,32.93,32.970001,13291700
MS,20151029,33.439999,33.880001,33.349998,33.540001,12759600
MS,20151028,32.150002,33.630001,32.110001,33.439999,17285600
MS,20151027,32.349998,32.369999,31.799999,32.23,13302400
MS,20151026,32.630001,32.82,32.32,32.549999,10799700
MS,20151023,32.580002,32.990002,32.34,32.619999,14730700
MS,20151022,31.700001,32.43,31.629999,32.349998,18753800
MS,20151021,32.400002,32.41,31.360001,31.48,22175900
MS,20151020,32.209999,32.400002,31.67,32.25,23590400
MS,20151019,31.92,32.330002,31.60,32.32,39255600
MS,20151016,33.84,34.080002,33.50,33.950001,13713800
MS,20151015,32.709999,33.68,32.360001,33.610001,12920500
MS,20151014,32.580002,33.099998,32.380001,32.540001,9877500
MS,20151013,32.52,33.169998,32.509998,32.610001,10943700
MS,20151012,32.75,32.849998,32.529999,32.799999,7034500
MS,20151009,32.950001,33.259998,32.41,32.720001,11711000
MS,20151008,33.080002,33.209999,32.50,32.990002,11407600
MS,20151007,33.139999,33.330002,32.619999,32.93,13458400
MS,20151006,32.07,32.43,31.940001,32.360001,8875100
MS,20151005,31.74,32.48,31.709999,32.290001,11635700
MS,20151002,30.40,31.469999,30.15,31.43,22822500
MS,20151001,31.42,31.809999,31.02,31.50,13358700
MS,20150930,31.540001,31.790001,31.280001,31.50,15024800
MS,20150929,31.09,31.27,30.469999,31.01,13715900
MS,20150928,31.879999,31.92,30.809999,31.09,15445400
MS,20150925,32.549999,32.790001,32.060001,32.189999,13797800
MS,20150924,31.950001,32.060001,31.379999,31.969999,16766500
MS,20150923,32.389999,32.779999,32.110001,32.32,12264700
MS,20150922,32.77,32.869999,32.099998,32.439999,13385500
MS,20150921,33.349998,33.599998,33.029999,33.34,8950900
MS,20150918,33.560001,33.599998,32.84,33.029999,19591300
MS,20150917,34.59,34.900002,33.889999,34.049999,13617200
MS,20150916,34.610001,34.779999,34.299999,34.619999,10540400
MS,20150915,33.939999,34.759998,33.790001,34.580002,8776700
MS,20150914,33.919998,34.110001,33.630001,33.810001,9102200
MS,20150911,33.77,34.009998,33.48,33.990002,7800900
MS,20150910,33.630001,34.139999,33.470001,33.869999,9692500
MS,20150909,34.849998,35.049999,33.650002,33.75,10657200
MS,20150908,33.900002,34.419998,33.84,34.27,13449200
MS,20150904,33.32,33.540001,32.849998,33.189999,12774100
MS,20150903,33.849998,34.490002,33.639999,33.799999,11670800
MS,20150902,33.75,33.810001,33.16,33.790001,12151000
MS,20150901,33.419998,33.77,32.810001,33.119999,14590100
MS,20150831,34.09,34.970001,33.869999,34.450001,13393000
MS,20150828,34.110001,34.189999,33.720001,34.049999,13192400
MS,20150827,34.00,34.349998,33.549999,34.299999,21258600
MS,20150826,32.75,33.50,32.130001,33.299999,25346400
MS,20150825,33.799999,33.799999,31.73,31.76,19890100
MS,20150824,31.620001,33.610001,30.40,32.259998,24624100
MS,20150821,35.57,35.889999,34.16,34.209999,30185700
MS,20150820,36.939999,37.00,36.169998,36.169998,14129400
MS,20150819,37.610001,37.779999,37.240002,37.439999,8549700
MS,20150818,38.07,38.209999,37.790001,37.82,8794400
MS,20150817,37.73,38.18,37.549999,38.139999,5109200
MS,20150814,37.689999,38.060001,37.610001,38.049999,5029500
MS,20150813,37.709999,37.950001,37.470001,37.75,6554200
MS,20150812,37.57,37.639999,36.57,37.57,13981400
MS,20150811,38.48,38.540001,37.73,37.919998,11188900
MS,20150810,38.799999,39.16,38.799999,39.080002,5585000
MS,20150807,38.950001,39.18,38.259998,38.580002,8329500
MS,20150806,39.040001,39.18,38.66,38.93,7573500
MS,20150805,39.290001,39.349998,38.799999,39.00,4981000
MS,20150804,38.849998,39.18,38.740002,38.919998,6365800
MS,20150803,38.959999,38.970001,38.419998,38.759998,7078100
MS,20150731,39.279999,39.349998,38.790001,38.84,7347600
MS,20150730,39.150002,39.400002,38.849998,39.299999,5512100
MS,20150729,39.02,39.450001,38.919998,39.290001,9677800
MS,20150728,39.599998,39.720001,39.029999,39.099999,9201100
MS,20150727,39.259998,39.380001,38.869999,39.099999,11948000
MS,20150724,40.110001,40.119999,39.240002,39.44866,8370100
MS,20150723,40.48,40.740002,39.810001,39.787361,10281600
MS,20150722,40.169998,40.619999,40.080002,40.38507,9435900
MS,20150721,39.709999,40.32,39.709999,39.926829,11773400
MS,20150720,40.900002,41.040001,39.900002,39.886981,15141800
MS,20150717,39.759998,40.25,39.669998,40.04637,8153700
MS,20150716,40.009998,40.09,39.84,39.757477,7969800
MS,20150715,39.950001,39.950001,39.48,39.54828,7649400
MS,20150714,39.330002,39.91,39.259998,39.558241,8054600
MS,20150713,39.080002,39.380001,38.950001,39.169732,7183900
MS,20150710,38.75,38.849998,38.450001,38.49233,6780400
MS,20150709,38.490002,38.580002,38.049999,37.954393,7286000
MS,20150708,38.169998,38.330002,37.77,37.64558,9113300
MS,20150707,38.740002,38.900002,37.650002,38.472406,12759200
MS,20150706,38.41,38.919998,38.400002,38.701527,8044500
MS,20150702,39.259998,39.389999,38.73,38.850955,6801200
MS,20150701,39.459999,39.529999,39.18,39.20958,10549900
MS,20150630,38.82,39.09,38.560001,38.641758,11102300
MS,20150629,38.82,39.200001,38.299999,38.163593,10819300
MS,20150626,39.470001,39.720001,39.360001,39.349044,8325600
MS,20150625,39.82,39.869999,39.139999,39.070115,8939700
MS,20150624,39.970001,40.259998,39.540001,39.488508,8065700
MS,20150623,40.060001,40.240002,39.98,40.05633,9380300
MS,20150622,39.860001,40.049999,39.709999,39.697705,8676300
MS,20150619,39.630001,39.93,39.220001,39.21954,10338800
MS,20150618,39.68,39.93,39.32,39.637937,7593800
MS,20150617,39.889999,39.959999,39.529999,39.42874,7029500
MS,20150616,39.389999,39.810001,39.349998,39.588128,4580300
MS,20150615,39.220001,39.639999,38.950001,39.378928,5635300
MS,20150612,39.650002,39.860001,39.509998,39.458624,5896300
MS,20150611,40.00,40.18,39.630001,39.717629,6981000
MS,20150610,39.299999,39.950001,39.16,39.737553,9546900
MS,20150609,39.080002,39.279999,38.790001,38.980459,7807900
MS,20150608,39.639999,39.75,38.990002,38.940611,7327000
MS,20150605,39.23,39.400002,38.950001,39.139847,9808100
MS,20150604,38.630001,39.209999,38.59,38.552102,7713400
MS,20150603,38.790001,39.240002,38.610001,38.860915,7812600
MS,20150602,38.43,38.740002,38.27,38.37279,6178700
MS,20150601,38.419998,38.720001,38.16,38.432562,8830700
MS,20150529,38.639999,38.709999,38.169998,38.054013,7858800
MS,20150528,38.57,38.779999,38.41,38.581986,9717600
MS,20150527,38.009998,38.73,37.869999,38.472406,8252300
MS,20150526,38.02,38.150002,37.59,37.64558,8434000
MS,20150522,38.040001,38.349998,38.02,38.024125,5513900
MS,20150521,38.18,38.34,38.00,37.894625,7141500
MS,20150520,38.599998,38.650002,38.189999,38.183517,6339300
MS,20150519,38.330002,38.849998,38.330002,38.542138,7380900
MS,20150518,37.889999,38.400002,37.849998,38.183517,6061400
MS,20150515,38.110001,38.189999,37.740002,37.705348,7093800
MS,20150514,37.970001,38.169998,37.830002,37.994241,7291300
MS,20150513,37.790001,37.93,37.470001,37.635616,7016100
MS,20150512,38.00,38.029999,37.459999,37.575848,9689300
MS,20150511,37.849998,38.50,37.84,38.103821,12349100
MS,20150508,37.630001,37.959999,37.529999,37.745196,10037900
MS,20150507,36.98,37.619999,36.849998,37.396535,12404700
MS,20150506,37.529999,37.630001,36.759998,36.908406,9532500
MS,20150505,37.720001,37.950001,37.360001,37.306879,10339600
MS,20150504,37.580002,37.939999,37.529999,37.76512,7375700
MS,20150501,37.50,37.630001,37.310001,37.366647,6469600
MS,20150430,37.32,37.700001,37.09,37.167415,10413900
MS,20150429,36.720001,37.689999,36.720001,37.346727,9518400
MS,20150428,36.830002,37.16,36.619999,36.898446,7525400
MS,20150427,37.439999,37.639999,37.00,36.75898,8924200
MS,20150424,37.450001,37.450001,37.049999,37.066547,8643200
MS,20150423,37.169998,37.57,37.009998,37.08639,8486900
MS,20150422,36.84,37.439999,36.630001,36.907804,10161300
MS,20150421,36.959999,37.34,36.700001,36.461338,11380900
MS,20150420,37.32,37.450001,36.700001,36.669687,13301900
MS,20150417,37.049999,37.07,36.52,36.461338,10033800
MS,20150416,37.549999,37.560001,37.080002,37.066547,8876100
MS,20150415,36.889999,37.560001,36.77,37.09631,13022600
MS,20150414,36.459999,36.990002,36.299999,36.550631,12320000
MS,20150413,36.240002,36.610001,36.169998,36.014871,6207400
MS,20150410,36.75,36.790001,35.959999,35.955345,10047800
MS,20150409,36.150002,36.720001,36.099998,36.352201,7910400
MS,20150408,36.080002,36.400002,35.950001,35.975185,6602800
MS,20150407,36.200001,36.419998,35.93,35.657699,8045000
MS,20150406,35.610001,36.139999,35.43,35.627935,6624300
MS,20150402,35.810001,36.200001,35.790001,35.776759,6271300
MS,20150401,35.720001,36.029999,35.360001,35.687466,7975800
MS,20150331,36.209999,36.259998,35.650002,35.409662,10258200
MS,20150330,36.00,36.560001,35.970001,36.024795,8954200
MS,20150327,35.549999,35.869999,35.389999,35.548566,9157800
MS,20150326,35.290001,35.73,35.00,35.340212,10180500
MS,20150325,36.23,36.23,35.369999,35.17155,9066500
MS,20150324,36.240002,36.439999,36.00,35.955345,7952200
MS,20150323,36.439999,36.66,36.299999,36.024795,7341600
MS,20150320,36.150002,36.689999,36.09,36.213301,14009000
MS,20150319,36.59,36.669998,35.689999,35.826365,10873800
MS,20150318,36.450001,36.970001,36.34,36.441494,9870300
MS,20150317,36.369999,36.650002,36.09,36.262908,8381800
MS,20150316,36.549999,36.790001,36.310001,36.441494,8077200
MS,20150313,36.939999,37.220001,36.080002,36.064478,11237500
MS,20150312,36.369999,37.18,36.09,36.798667,18321000
MS,20150311,34.880001,35.16,34.779999,34.675477,10593900
MS,20150310,35.150002,35.240002,34.830002,34.606027,10996700
MS,20150309,35.529999,35.75,35.310001,35.389819,8573800
MS,20150306,35.41,36.650002,35.32,35.250919,14177300
MS,20150305,35.240002,35.540001,34.959999,35.240999,8976400
MS,20150304,35.650002,35.68,35.02,34.814377,11533500
MS,20150303,36.00,36.43,35.720001,35.538642,8338800
MS,20150302,35.639999,36.25,35.619999,35.955345,7118100
MS,20150227,35.959999,36.040001,35.73,35.508879,8264200
MS,20150226,36.439999,36.50,35.880001,35.776759,10363200
MS,20150225,36.689999,36.91,36.59,36.302594,7358500
MS,20150224,36.25,37.00,36.25,36.451418,8910400
MS,20150223,36.560001,36.580002,36.18,35.985108,7399600
MS,20150220,36.240002,36.849998,35.849998,36.451418,11019700
MS,20150219,36.299999,36.599998,36.080002,36.044638,5856500
MS,20150218,36.919998,36.970001,36.150002,36.084321,7745800
MS,20150217,36.630001,37.02,36.419998,36.63,6800200
MS,20150213,36.93,37.200001,36.560001,36.491101,8019200
MS,20150212,36.509998,36.950001,36.490002,36.610161,8167100
MS,20150211,36.09,36.549999,36.060001,36.084321,7798100
MS,20150210,35.950001,36.259998,35.799999,35.875972,12491700
MS,20150209,35.50,35.869999,35.43,35.350136,8454100
MS,20150206,35.43,36.310001,35.200001,35.508879,16828100
MS,20150205,34.900002,35.080002,34.799999,34.655634,10524000
MS,20150204,34.939999,35.200001,34.630001,34.49689,10246300
MS,20150203,34.549999,35.09,34.549999,34.76477,14545300
MS,20150202,33.959999,34.419998,33.720001,34.149637,12373400
MS,20150130,33.959999,34.43,33.75,33.544432,11693000
MS,20150129,33.98,34.50,33.77,34.100031,11378800
MS,20150128,34.779999,34.779999,33.73,33.504745,14730700
MS,20150127,34.650002,35.029999,34.349998,34.288539,9021500
MS,20150126,34.880001,35.16,34.66,34.733717,9899900
MS,20150123,35.34,35.84,35.130001,34.773289,10969300
MS,20150122,34.580002,35.580002,34.279999,35.149214,18792700
MS,20150121,34.689999,34.93,34.130001,34.357789,15830500
MS,20150120,34.00,34.830002,33.990002,34.377575,19400600
MS,20150116,34.360001,35.049999,33.93,34.516074,27056100
MS,20150115,35.00,35.259998,34.279999,34.209399,17568100
MS,20150114,35.34,35.349998,34.66,34.832644,15898600
MS,20150113,36.700001,37.060001,35.68,35.643855,12447800
MS,20150112,36.93,36.939999,36.040001,35.980212,9385900
MS,20150109,37.580002,37.610001,36.639999,36.484748,7807500
MS,20150108,37.290001,37.759998,37.290001,37.088211,8079600
MS,20150107,36.93,37.049999,36.599998,36.544103,9957700
MS,20150106,37.470001,37.540001,36.060001,36.029675,16507800
MS,20150105,38.459999,38.59,37.169998,37.098102,12507900
MS,20150102,39.049999,39.150002,38.25,38.295133,7333800
MS,20141231,39.119999,39.189999,38.790001,38.384169,6492900
MS,20141230,38.669998,39.080002,38.57,38.582026,4010600
MS,20141229,38.669998,39.18,38.52,38.542454,3466900
MS,20141226,38.900002,39.02,38.700001,38.305028,3091700
MS,20141224,39.16,39.169998,38.639999,38.394064,2495100
MS,20141223,38.849998,39.07,38.560001,38.532563,5872600
MS,20141222,38.490002,38.630001,38.049999,38.156634,8650600
MS,20141219,37.959999,38.630001,37.939999,38.097276,12526800
MS,20141218,37.389999,38.099998,37.279999,37.69167,12773100
MS,20141217,35.810001,36.779999,35.560001,36.336354,11919000
MS,20141216,35.700001,36.32,35.450001,35.139323,11456800
MS,20141215,36.599998,36.82,35.650002,35.544929,10472000
MS,20141212,36.75,37.099998,36.220001,35.861499,10965300
MS,20141211,37.740002,38.060001,37.299999,36.999176,8942200
MS,20141210,37.91,38.09,37.290001,36.989281,13788700
MS,20141209,37.52,38.139999,37.25,37.69167,12283800
MS,20141208,37.32,38.139999,37.099998,37.592744,14069300
MS,20141205,36.990002,37.740002,36.959999,36.84089,11489700
MS,20141204,36.50,36.91,36.23,36.395712,9165300
MS,20141203,35.700001,36.549999,35.68,36.128606,9147400
MS,20141202,35.209999,35.900002,35.209999,35.386644,9269300
MS,20141201,35.02,35.209999,34.560001,34.723822,8802400
MS,20141128,35.040001,35.209999,35.040001,34.802967,3534700
MS,20141126,35.419998,35.419998,35.07,34.743608,6138100
MS,20141125,35.77,35.790001,35.279999,34.92168,7646700
MS,20141124,35.68,35.900002,35.50,35.23825,6739000
MS,20141121,35.860001,35.919998,35.459999,35.149214,7477000
MS,20141120,35.200001,35.43,35.029999,35.010715,6090600
MS,20141119,35.369999,35.610001,35.16,35.099751,5748700
MS,20141118,35.66,35.810001,35.470001,35.08986,5319600
MS,20141117,35.490002,35.779999,35.419998,35.218464,6207700
MS,20141114,35.880001,36.09,35.610001,35.307499,7219100
MS,20141113,36.049999,36.130001,35.610001,35.455893,7376600
MS,20141112,35.599998,36.00,35.540001,35.584501,9249000
MS,20141111,35.880001,35.990002,35.66,35.40643,7019200
MS,20141110,35.790001,36.009998,35.630001,35.495465,9352000
MS,20141107,35.639999,35.720001,35.34,35.277822,10831600
MS,20141106,35.049999,35.400002,34.860001,34.931574,8892100
MS,20141105,34.889999,35.080002,34.639999,34.525969,9461300
MS,20141104,34.720001,34.830002,34.43,34.288539,8514000
MS,20141103,35.049999,35.200001,34.639999,34.338003,8011000
MS,20141031,35.00,35.25,34.849998,34.575432,11434400
MS,20141030,34.27,34.73,34.189999,34.15004,9028800
MS,20141029,34.200001,34.529999,34.080002,34.021432,10520000
MS,20141028,34.16,34.580002,34.029999,33.892828,10537900
MS,20141027,34.299999,34.310001,33.82,33.498265,9918800
MS,20141024,34.049999,34.490002,33.950001,33.853371,7685600
MS,20141023,33.900002,34.27,33.82,33.498265,9031800
MS,20141022,34.09,34.110001,33.400002,32.975472,8777600
MS,20141021,33.599998,34.200001,33.540001,33.596907,11217400
MS,20141020,33.130001,33.68,33.130001,32.866967,11047500
MS,20141017,33.720001,34.00,33.07,32.768328,16422900
MS,20141016,31.66,33.200001,31.530001,32.087707,16433900
MS,20141015,32.389999,32.759998,31.35,32.166621,21646700
MS,20141014,33.00,33.419998,32.779999,32.561181,12915600
MS,20141013,33.080002,33.439999,32.830002,32.403356,14668800
MS,20141010,33.130001,33.66,32.93,32.492133,11182800
MS,20141009,34.549999,34.549999,33.240002,32.847239,13511600
MS,20141008,34.040001,34.529999,33.400002,34.030924,12407900
MS,20141007,34.790001,34.799999,34.02,33.55745,10127800
MS,20141006,35.330002,35.400002,34.860001,34.514263,7040600
MS,20141003,34.619999,35.16,34.540001,34.573445,8810400
MS,20141002,34.049999,34.380001,33.790001,33.813914,8472000
MS,20141001,34.369999,34.450001,33.810001,33.498265,14873200
MS,20140930,34.549999,34.709999,34.240002,34.099972,9795300
MS,20140929,34.189999,34.59,34.029999,34.030924,8218000
MS,20140926,34.389999,34.700001,34.27,34.178886,8237100
MS,20140925,35.099998,35.099998,34.060001,33.754732,12328200
MS,20140924,34.740002,35.080002,34.529999,34.504397,13351900
MS,20140923,35.209999,35.57,34.990002,34.543854,10882300
MS,20140922,35.700001,35.799999,35.049999,34.701678,10144200
MS,20140919,36.41,36.439999,35.720001,35.273791,29864600
MS,20140918,35.700001,36.25,35.639999,35.638763,15158500
MS,20140917,35.189999,35.779999,35.099998,35.076513,10979800
MS,20140916,35.139999,35.23,34.830002,34.63263,8498200
MS,20140915,34.970001,35.23,34.759998,34.731269,9632700
MS,20140912,34.73,35.080002,34.700001,34.533988,10244500
MS,20140911,34.119999,34.75,34.099998,34.257796,6794200
MS,20140910,34.040001,34.400002,34.040001,33.863237,6451400
MS,20140909,34.439999,34.439999,33.82,33.448945,11411200
MS,20140908,34.59,35.09,34.59,34.38603,8149200
MS,20140905,34.419998,34.639999,33.939999,34.159157,10032500
MS,20140904,34.52,34.91,34.52,34.228205,7326400
MS,20140903,34.740002,34.990002,34.48,34.090109,7151500
MS,20140902,34.419998,34.650002,34.18,34.080243,5115700
MS,20140829,34.150002,34.509998,34.080002,33.843508,4946700
MS,20140828,34.00,34.119999,33.720001,33.596907,4459200
MS,20140827,34.490002,34.50,34.049999,33.665955,5679900
MS,20140826,34.169998,34.549999,34.169998,33.932285,8462100
MS,20140825,33.68,34.57,33.68,33.735003,13975800
MS,20140822,32.990002,33.560001,32.919998,33.014929,9082600
MS,20140821,32.66,33.049999,32.50,32.580909,7309100
MS,20140820,32.400002,32.650002,32.380001,32.097574,4234700
MS,20140819,32.689999,32.84,32.529999,32.087707,4257000
MS,20140818,32.470001,32.740002,32.389999,32.166621,4925400
MS,20140815,32.279999,32.709999,31.98,31.781925,9457900
MS,20140814,32.07,32.259998,32.07,31.732602,3974800
MS,20140813,32.150002,32.259998,32.009998,31.584643,4837900
MS,20140812,32.02,32.34,31.879999,31.574777,4522600
MS,20140811,31.99,32.299999,31.77,31.643829,6591200
MS,20140808,31.360001,32.029999,31.120001,31.515595,8512700
MS,20140807,31.74,31.84,31.219999,30.933617,6553100
MS,20140806,31.23,31.92,31.190001,31.130897,9099200
MS,20140805,31.700001,31.950001,31.290001,30.982936,9478400
MS,20140804,31.77,31.950001,31.540001,31.397226,6942100
MS,20140801,32.18,32.330002,31.440001,31.170354,11539300
MS,20140731,33.029999,33.139999,32.330002,31.900292,9131500
MS,20140730,32.77,33.490002,32.75,32.886696,9992400
MS,20140729,33.080002,33.099998,32.650002,32.206079,5716600
MS,20140728,33.200001,33.380001,32.869999,32.521725,7114900
MS,20140725,33.34,33.450001,33.189999,32.688909,6292600
MS,20140724,33.43,33.599998,33.240002,32.846256,6575500
MS,20140723,32.950001,33.450001,32.810001,32.797082,9363200
MS,20140722,32.610001,33.119999,32.610001,32.364378,8845100
MS,20140721,32.549999,32.700001,32.369999,32.010346,7125400
MS,20140718,32.450001,32.779999,32.23,32.098854,9239500
MS,20140717,33.040001,33.16,32.119999,31.764491,18525600
MS,20140716,32.27,32.610001,32.139999,31.961176,16389300
MS,20140715,32.189999,32.27,31.73,31.469465,13796400
MS,20140714,32.110001,32.16,31.74,31.282615,11323100
MS,20140711,31.59,31.690001,31.33,30.889247,10112200
MS,20140710,31.25,31.74,31.200001,31.154771,7784900
MS,20140709,31.93,32.049999,31.620001,31.479298,6292100
MS,20140708,32.189999,32.240002,31.469999,31.22361,9205600
MS,20140707,32.509998,32.560001,32.099998,31.852999,5635300
MS,20140703,32.73,33.07,32.619999,32.079185,5994200
MS,20140702,32.32,32.68,32.299999,31.951343,6190600
MS,20140701,32.41,32.59,32.220001,31.78416,7787600
MS,20140630,31.59,32.380001,31.59,31.793996,11757500
MS,20140627,31.75,31.969999,31.530001,31.026925,9933900
MS,20140626,31.91,31.99,31.540001,31.361288,10559100
MS,20140625,31.91,32.32,31.860001,31.695652,7671800
MS,20140624,32.400002,32.599998,31.91,31.498967,7776600
MS,20140623,32.43,32.610001,32.150002,31.980845,6929900
MS,20140620,32.630001,32.630001,32.240002,31.754658,12071900
MS,20140619,32.779999,32.82,32.299999,32.000513,6933700
MS,20140618,32.41,32.740002,32.080002,32.118523,10725200
MS,20140617,31.639999,32.610001,31.610001,31.961176,13256300
MS,20140616,31.48,31.809999,31.40,31.184272,8527500
MS,20140613,31.790001,31.889999,31.48,31.066263,8022300
MS,20140612,31.559999,31.950001,31.450001,31.203941,7086700
MS,20140611,31.90,31.90,31.549999,31.164605,5854200
MS,20140610,31.91,32.189999,31.76,31.548141,7113200
MS,20140609,31.950001,32.259998,31.860001,31.449796,9027800
MS,20140606,31.690001,31.99,31.620001,31.420295,6544200
MS,20140605,31.27,31.66,30.969999,31.105599,8769400
MS,20140604,30.790001,31.219999,30.68,30.682729,8074700
MS,20140603,30.709999,30.860001,30.40,30.338532,10079500
MS,20140602,30.860001,30.92,30.52,30.387702,7509400
MS,20140530,30.940001,31.040001,30.690001,30.348366,7646400
MS,20140529,31.02,31.190001,30.799999,30.613888,8615300
MS,20140528,31.190001,31.23,30.90,30.417205,6124400
MS,20140527,30.639999,31.290001,30.629999,30.604056,10960000
MS,20140523,30.40,30.52,30.35,29.9845,5140000
MS,20140522,30.00,30.450001,29.91,29.886157,8235500
MS,20140521,29.860001,30.110001,29.85,29.512458,6654800
MS,20140520,30.10,30.10,29.51,29.217431,9958100
MS,20140519,29.92,30.389999,29.879999,29.659971,7022400
MS,20140516,29.700001,30.16,29.639999,29.640302,18004200
MS,20140515,30.02,30.120001,29.26,29.276437,20240100
MS,20140514,30.379999,30.43,29.98,29.748479,10046200
MS,20140513,30.290001,30.52,30.190001,29.827152,7962700
MS,20140512,29.85,30.450001,29.76,29.827152,10196200
MS,20140509,29.50,29.73,29.33,29.187929,10064700
MS,20140508,29.73,30.219999,29.559999,29.197764,13039200
MS,20140507,29.60,29.76,29.02,29.207598,12460700
MS,20140506,29.93,29.959999,29.280001,28.971576,16285600
MS,20140505,30.25,30.299999,29.719999,29.571463,12035100
MS,20140502,31.299999,31.440001,30.60,30.181185,11464400
MS,20140501,30.91,31.299999,30.870001,30.702396,10110200
MS,20140430,30.530001,30.99,30.35,30.417205,11016500
MS,20140429,30.15,30.57,30.049999,30.014003,10419700
MS,20140428,30.549999,30.57,29.49,29.492789,15303300
MS,20140425,30.77,30.889999,30.459999,29.974665,8372900
MS,20140424,31.059999,31.25,30.299999,30.32754,8438900
MS,20140423,31.24,31.299999,30.84,30.42556,9376700
MS,20140422,30.950001,31.379999,30.82,30.582393,10803600
MS,20140421,30.969999,31.10,30.60,30.366747,10699000
MS,20140417,30.719999,31.290001,30.40,30.151102,22966000
MS,20140416,29.879999,29.98,29.41,29.298323,14198000
MS,20140415,29.620001,29.639999,28.790001,28.965053,16657800
MS,20140414,28.780001,29.16,28.68,28.484753,12514500
MS,20140411,28.83,29.139999,28.309999,27.906432,21448100
MS,20140410,30.27,30.280001,29.17,28.670993,13452400
MS,20140409,29.73,30.290001,29.65,29.621791,10692700
MS,20140408,29.59,29.629999,29.10,28.945451,13228600
MS,20140407,30.35,30.379999,29.09,28.935649,20367300
MS,20140404,31.15,31.26,30.360001,29.768823,12751000
MS,20140403,31.469999,31.48,30.709999,30.337342,10064700
MS,20140402,31.219999,31.59,31.02,30.788235,14700900
MS,20140401,31.370001,31.40,31.00,30.592193,11583500
MS,20140331,31.18,31.459999,30.969999,30.552986,9421600
MS,20140328,30.940001,31.41,30.74,30.298133,8081100
MS,20140327,31.139999,31.450001,30.59,30.28833,13638400
MS,20140326,31.85,31.969999,31.209999,30.601996,11233800
MS,20140325,32.57,32.57,31.559999,30.964672,12610300
MS,20140324,32.73,32.75,32.169998,31.797845,10400100
MS,20140321,33.23,33.25,32.369999,31.954678,23437200
MS,20140320,31.940001,33.099998,31.690001,32.140919,20199800
MS,20140319,31.65,32.07,31.389999,31.180317,9470300
MS,20140318,31.40,31.709999,31.35,31.023484,6614900
MS,20140317,31.370001,31.74,31.299999,30.749028,6891100
MS,20140314,31.309999,31.629999,31.00,30.484372,10855900
MS,20140313,31.540001,31.99,31.23,30.817642,22439700
MS,20140312,31.48,31.52,31.17,30.817642,8212500
MS,20140311,32.220001,32.25,31.620001,31.072495,9133200
MS,20140310,32.220001,32.299999,31.76,31.493984,10746400
MS,20140307,32.700001,32.709999,32.07,31.572398,14439200
MS,20140306,32.049999,32.27,31.82,31.209724,12583800
MS,20140305,31.110001,32.040001,30.870001,31.337149,14776500
MS,20140304,30.74,31.17,30.65,30.484372,11061800
MS,20140303,30.24,30.440001,29.93,29.661,11543200
MS,20140228,30.360001,30.940001,30.23,30.19031,14170400
MS,20140227,29.870001,30.48,29.67,29.759021,10792200
MS,20140226,29.92,30.23,29.42,29.347335,15026300
MS,20140225,30.26,30.360001,29.559999,29.121886,11605000
MS,20140224,29.66,30.60,29.549999,29.710009,13108900
MS,20140221,29.32,29.82,29.32,29.033669,10451300
MS,20140220,29.01,29.42,28.93,28.749409,13930200
MS,20140219,29.549999,29.65,28.889999,28.386732,17136200
MS,20140218,29.620001,29.860001,29.48,28.974856,10902500
MS,20140214,29.92,30.00,29.610001,29.102283,10138600
MS,20140213,29.620001,30.049999,29.540001,29.317928,15577200
MS,20140212,30.309999,30.549999,30.02,29.562979,9347600
MS,20140211,29.719999,30.389999,29.469999,29.670802,15797600
MS,20140210,29.66,29.940001,29.59,29.112086,7822400
MS,20140207,29.85,29.969999,29.379999,29.102283,14752000
MS,20140206,29.26,29.879999,29.139999,29.102283,14769800
MS,20140205,28.98,29.370001,28.959999,28.602379,17309700
MS,20140204,28.969999,29.42,28.82,28.445546,18774900
MS,20140203,29.51,29.73,28.780001,28.376932,17496800
MS,20140131,29.51,29.809999,29.280001,28.925846,13113100
MS,20140130,30.120001,30.379999,29.809999,29.386542,13067900
MS,20140129,29.33,30.27,29.280001,29.347335,18872800
MS,20140128,29.799999,30.32,29.65,29.484562,15793800
MS,20140127,30.42,30.639999,29.43,29.32799,16709400
MS,20140124,31.33,31.370001,30.09,29.797709,23386100
MS,20140123,32.25,32.27,31.139999,30.805643,16317000
MS,20140122,32.709999,32.970001,32.279999,31.598293,12181200
MS,20140121,33.209999,33.490002,32.50,31.93101,18508300
MS,20140117,32.84,33.52,32.599998,32.684516,32022900
MS,20140116,32.029999,32.07,31.530001,31.314505,21828600
MS,20140115,31.76,32.240002,31.440001,31.529793,17311400
MS,20140114,30.76,31.219999,30.60,30.433785,13621400
MS,20140113,31.299999,31.52,30.75,30.208712,9520100
MS,20140110,31.58,31.629999,31.10,30.629499,10426500
MS,20140109,31.66,31.74,31.360001,30.874144,7274700
MS,20140108,31.559999,31.84,31.370001,30.88393,8891300
MS,20140107,31.799999,31.889999,31.41,30.844788,9135600
MS,20140106,31.75,31.93,31.48,30.942646,8971400
MS,20140103,31.17,31.700001,31.129999,30.835001,7809100
MS,20140102,31.33,31.459999,30.98,30.365284,9674500
MS,20131231,30.889999,31.42,30.870001,30.688215,8457100
MS,20131230,31.07,31.25,30.74,30.18914,6201200
MS,20131227,31.120001,31.219999,30.950001,30.394641,4116200
MS,20131226,31.030001,31.25,30.950001,30.433785,5408700
MS,20131224,31.09,31.17,30.73,30.345712,4545700
MS,20131223,31.15,31.24,31.00,30.443571,7199500
MS,20131220,30.98,31.190001,30.82,30.267426,14922700
MS,20131219,31.50,31.540001,30.809999,30.198926,20841100
MS,20131218,30.68,31.65,30.440001,30.942646,18392200
MS,20131217,30.959999,31.030001,30.370001,29.866209,10009200
MS,20131216,31.27,31.43,30.85,30.25764,8646700
MS,20131213,30.57,31.17,30.530001,30.423999,12345400
MS,20131212,30.18,30.639999,30.15,29.827065,10114700
MS,20131211,30.790001,30.790001,30.040001,29.474778,10097200
MS,20131210,30.50,31.049999,30.370001,30.110854,13249000
MS,20131209,30.690001,30.74,30.290001,29.738993,8486800
MS,20131206,30.76,30.799999,30.309999,29.807493,12761400
MS,20131205,30.74,30.84,30.129999,29.562849,14406800
MS,20131204,30.75,31.290001,30.690001,30.463141,7967000
MS,20131203,31.27,31.43,30.780001,30.306568,11249500
MS,20131202,31.52,31.85,31.290001,30.756715,9975700
MS,20131129,31.51,31.57,31.280001,30.629499,5445900
MS,20131127,31.40,31.52,31.25,30.737143,5116400
MS,20131126,31.540001,31.77,31.389999,30.717571,9192700
MS,20131125,31.379999,31.799999,31.34,30.86436,13062400
MS,20131122,30.92,31.35,30.77,30.668643,10565400
MS,20131121,30.50,31.030001,30.43,30.228282,10493200
MS,20131120,30.48,30.719999,30.209999,29.621565,11529700
MS,20131119,30.360001,30.75,30.190001,29.690065,10027100
MS,20131118,30.440001,30.780001,30.219999,29.680279,11378200
MS,20131115,30.26,30.52,30.23,29.650921,10581700
MS,20131114,29.99,30.370001,29.92,29.690065,10196200
MS,20131113,29.440001,30.059999,29.40,29.406276,9418300
MS,20131112,29.969999,30.23,29.459999,29.12249,14450800
MS,20131111,29.40,30.10,29.27,29.44542,13978000
MS,20131108,28.790001,29.59,28.77,28.809345,16730400
MS,20131107,29.209999,29.299999,28.690001,28.104767,14274200
MS,20131106,29.139999,29.219999,28.940001,28.505984,8972300
MS,20131105,29.059999,29.16,28.969999,28.368984,11053100
MS,20131104,29.23,29.360001,29.08,28.711487,12224300
MS,20131101,28.889999,29.549999,28.85,28.574486,14964200
MS,20131031,29.08,29.24,28.73,28.114553,10357500
MS,20131030,29.42,29.459999,28.99,28.486414,9718200
MS,20131029,29.040001,29.360001,28.969999,28.731059,12035000
MS,20131028,29.23,29.25,28.950001,28.300483,10599400
MS,20131025,29.33,29.41,29.15,28.554474,13311400
MS,20131024,29.16,29.43,29.120001,28.710776,8932200
MS,20131023,29.219999,29.290001,28.92,28.407941,13240400
MS,20131022,29.59,29.65,29.129999,28.779158,13076100
MS,20131021,29.540001,29.67,29.280001,28.749853,14547200
MS,20131018,29.92,29.969999,29.209999,29.003844,32411500
MS,20131017,28.360001,28.959999,28.15,28.261408,19157100
MS,20131016,28.18,28.75,28.129999,27.96834,15465200
MS,20131015,28.15,28.27,27.780001,27.343132,12513600
MS,20131014,27.73,28.23,27.50,27.528741,11927000
MS,20131011,27.799999,28.01,27.60,27.304057,11202500
MS,20131010,27.120001,27.709999,27.02,27.00122,14463000
MS,20131009,26.73,27.00,26.41,26.151327,14190700
MS,20131008,26.860001,27.00,26.50,25.93641,16446500
MS,20131007,26.709999,27.120001,26.65,26.219709,13353400
MS,20131004,26.969999,27.040001,26.799999,26.366242,11738500
MS,20131003,27.10,27.219999,26.639999,26.229478,13279700
MS,20131002,26.90,27.200001,26.83,26.493239,11894500
MS,20131001,26.950001,27.26,26.940001,26.512775,9559900
MS,20130930,26.690001,27.15,26.57,26.327168,13654200
MS,20130927,26.90,27.139999,26.700001,26.454163,12110000
MS,20130926,27.27,27.58,27.02,26.522544,12894500
MS,20130925,27.32,27.43,26.860001,26.590926,16379800
MS,20130924,27.24,27.77,27.10,26.639772,17115700
MS,20130923,27.98,28.030001,27.219999,26.590926,23544400
MS,20130920,28.83,28.90,28.040001,27.53851,23730200
MS,20130919,29.290001,29.290001,28.58,27.939035,15502700
MS,20130918,28.91,29.50,28.799999,28.349328,15229500
MS,20130917,28.790001,29.040001,28.65,28.339559,12886500
MS,20130916,28.48,29.07,28.32,28.066029,19752900
MS,20130913,28.120001,28.25,27.99,27.479896,6883600
MS,20130912,28.200001,28.34,27.98,27.372439,8353700
MS,20130911,28.290001,28.40,27.93,27.597123,14901500
MS,20130910,27.67,28.15,27.629999,27.391977,18153100
MS,20130909,26.959999,27.450001,26.950001,26.805843,12704300
MS,20130906,26.83,27.040001,26.27,26.190402,12356100
MS,20130905,26.67,26.98,26.57,26.0341,9483700
MS,20130904,26.27,26.77,26.15,25.897336,9621600
MS,20130903,26.219999,26.49,25.950001,25.662883,12810100
MS,20130830,26.040001,26.040001,25.610001,25.164669,10285900
MS,20130829,25.450001,26.02,25.43,25.311202,9225700
MS,20130828,25.389999,25.790001,25.25,24.988829,10091400
MS,20130827,25.950001,26.049999,25.43,24.861834,13209000
MS,20130826,26.33,26.67,26.25,25.770339,8665100
MS,20130823,26.26,26.35,26.110001,25.711726,7089400
MS,20130822,26.17,26.48,26.01,25.614037,9938700
MS,20130821,26.17,26.389999,25.799999,25.408891,16496700
MS,20130820,25.809999,26.360001,25.76,25.701957,13977600
MS,20130819,26.33,26.469999,25.780001,25.213513,9602300
MS,20130816,26.26,26.59,26.24,25.858259,10512900
MS,20130815,26.450001,26.50,26.219999,25.750803,11316800
MS,20130814,26.91,27.129999,26.68,26.170866,7221000
MS,20130813,26.68,27.09,26.42,26.336935,10159000
MS,20130812,26.639999,26.65,26.360001,26.004794,9603200
MS,20130809,26.889999,27.209999,26.75,26.141558,8314800
MS,20130808,27.48,27.530001,26.780001,26.29786,12365400
MS,20130807,27.15,27.18,26.74,26.444393,9172200
MS,20130806,27.799999,27.85,27.290001,26.678847,9181400
MS,20130805,27.75,27.99,27.57,27.206368,6868400
MS,20130802,27.83,28.02,27.68,27.206368,8442000
MS,20130801,27.57,27.98,27.549999,27.27475,13316200
MS,20130731,27.059999,27.52,27.040001,26.581157,16452900
MS,20130730,27.42,27.50,26.98,26.444393,13304700
MS,20130729,27.58,27.58,27.030001,26.678847,12764100
MS,20130726,27.67,27.809999,27.540001,27.01099,14850700
MS,20130725,27.68,27.76,27.40,27.069497,12866600
MS,20130724,27.92,27.98,27.57,27.040243,17560700
MS,20130723,27.85,27.879999,27.50,27.118253,13093200
MS,20130722,27.75,27.82,27.540001,26.923229,11820700
MS,20130719,27.67,27.860001,27.32,26.913477,17528300
MS,20130718,27.68,27.950001,27.389999,27.01099,36282000
MS,20130717,26.50,26.65,26.309999,25.879844,15826000
MS,20130716,26.85,26.92,26.16,25.723822,19035300
MS,20130715,26.469999,26.799999,26.23,26.026113,18378800
MS,20130712,25.76,26.139999,25.620001,25.480041,15134200
MS,20130711,25.83,26.00,25.23,24.914468,14064000
MS,20130710,25.33,25.52,25.059999,24.709692,10066000
MS,20130709,25.10,25.49,24.66,24.807205,20640600
MS,20130708,24.809999,25.08,24.450001,24.261133,22795300
MS,20130705,24.25,24.629999,24.16,23.958845,15322700
MS,20130703,24.15,24.190001,23.83,23.442029,15395700
MS,20130702,24.51,25.190001,24.10,23.832079,18627700
MS,20130701,24.639999,25.09,24.540001,23.978348,13776500
MS,20130628,24.77,24.879999,24.26,23.822328,18545200
MS,20130627,25.16,25.370001,24.98,24.417155,12139800
MS,20130626,25.35,25.389999,24.82,24.261133,15125600
MS,20130625,24.709999,25.26,24.639999,24.407404,19049600
MS,20130624,24.290001,24.700001,23.92,23.793073,22715500
MS,20130621,25.50,25.559999,24.16,24.290388,35690500
MS,20130620,25.719999,25.75,24.950001,24.524418,25968000
MS,20130619,26.379999,26.690001,26.030001,25.46054,18210200
MS,20130618,26.23,26.40,26.040001,25.665315,14805700
MS,20130617,26.08,26.33,25.940001,25.558051,15087100
MS,20130614,26.290001,26.48,25.639999,25.187504,15473900
MS,20130613,25.549999,26.49,25.42,25.714073,19571900
MS,20130612,26.58,26.620001,25.41,24.933971,26046400
MS,20130611,26.77,26.790001,25.99,25.441037,25321300
MS,20130610,26.969999,27.17,26.60,26.47467,34956600
MS,20130607,25.780001,27.00,25.59,26.328401,32830300
MS,20130606,25.10,25.42,24.60,24.777951,18339600
MS,20130605,25.42,25.66,24.82,24.407404,21478400
MS,20130604,25.799999,26.10,25.299999,24.836458,18632300
MS,20130603,26.059999,26.299999,25.190001,25.011981,26208200
MS,20130531,26.00,26.42,25.90,25.255762,28330600
MS,20130530,25.00,25.92,24.76,25.177752,21200700
MS,20130529,24.620001,25.290001,24.530001,24.358646,17451200
MS,20130528,24.809999,25.049999,24.540001,24.114865,15357400
MS,20130524,24.17,24.360001,23.98,23.744318,11617400
MS,20130523,24.190001,24.76,24.00,23.646805,22658200
MS,20130522,25.34,25.690001,24.549999,24.085612,18372500
MS,20130521,25.059999,25.48,24.92,24.495165,10442900
MS,20130520,25.110001,25.42,24.969999,24.446408,11410100
MS,20130517,24.780001,25.24,24.690001,24.563424,14505800
MS,20130516,24.66,24.870001,24.42,23.968596,18863800
MS,20130515,24.24,24.90,24.15,24.241632,19670500
MS,20130514,23.530001,24.50,23.530001,23.666308,19210900
MS,20130513,23.799999,23.98,23.58,23.090983,14510500
MS,20130510,23.40,23.940001,23.26,23.344516,15032800
MS,20130509,23.66,23.74,23.299999,22.827699,12965300
MS,20130508,23.190001,23.75,23.059999,23.081232,15207900
MS,20130507,23.35,23.389999,23.01,22.691182,12100700
MS,20130506,22.799999,23.50,22.780001,22.700933,17400300
MS,20130503,22.879999,23.15,22.67,22.193867,20261100
MS,20130502,21.91,22.34,21.540001,21.735559,16779000
MS,20130501,22.110001,22.110001,21.68,21.306503,13070800
MS,20130430,22.219999,22.43,22.059999,21.59904,14015800
MS,20130429,21.559999,22.209999,21.530001,21.657547,19028600
MS,20130426,21.389999,21.530001,21.25,20.867695,17348300
MS,20130425,21.559999,21.809999,21.389999,20.848193,18496600
MS,20130424,21.66,21.780001,21.40,20.86765,17955700
MS,20130423,20.969999,21.73,20.91,21.023306,23437700
MS,20130422,20.610001,20.879999,20.530001,20.147739,16156600
MS,20130419,20.370001,20.629999,20.16,20.021269,24644100
MS,20130418,21.35,21.469999,20.309999,19.758599,47193400
MS,20130417,21.540001,21.83,20.860001,20.887106,45475800
MS,20130416,21.809999,21.860001,21.190001,21.25679,21839800
MS,20130415,21.75,22.25,21.41,20.896835,22458100
MS,20130412,22.09,22.23,21.540001,21.227604,25150400
MS,20130411,22.280001,22.629999,22.24,21.665388,14692800
MS,20130410,21.889999,22.530001,21.870001,21.616744,17467300
MS,20130409,21.77,22.10,21.74,21.149776,13196200
MS,20130408,21.48,21.76,21.190001,21.149776,14263500
MS,20130405,20.91,21.59,20.790001,20.974663,18163200
MS,20130404,21.120001,21.389999,21.02,20.750907,17321000
MS,20130403,21.68,21.709999,20.950001,20.536881,25406800
MS,20130402,21.43,21.91,21.40,21.110863,21701700
MS,20130401,21.99,22.129999,21.52,21.071948,14219100
MS,20130328,22.35,22.40,21.889999,21.38326,18376400
MS,20130327,22.02,22.35,21.92,21.684845,13926000
MS,20130326,22.16,22.299999,21.959999,21.616744,14889200
MS,20130325,22.370001,22.49,21.780001,21.373531,23992000
MS,20130322,22.200001,22.41,21.93,21.577831,16558900
MS,20130321,22.57,22.68,22.049999,21.461088,17557200
MS,20130320,22.59,22.92,22.33,22.122627,17813500
MS,20130319,23.07,23.190001,22.00,21.782129,32781600
MS,20130318,23.030001,23.190001,22.57,22.36584,23417000
MS,20130315,22.83,23.66,22.77,22.949551,24186700
MS,20130314,22.950001,23.07,22.67,22.180997,21068400
MS,20130313,22.709999,22.860001,22.530001,22.161542,12025800
MS,20130312,23.049999,23.110001,22.60,22.054528,13077000
MS,20130311,23.030001,23.280001,22.65,22.472854,14219200
MS,20130308,23.290001,23.33,22.67,22.404755,19394000
MS,20130307,23.01,23.370001,22.889999,22.589595,17820000
MS,20130306,22.99,22.99,22.41,22.288012,18583200
MS,20130305,22.799999,23.00,22.68,22.122627,15014100
MS,20130304,22.360001,22.67,22.120001,21.986428,17138300
MS,20130301,22.389999,22.76,21.84,21.821044,22333000
MS,20130228,22.91,22.98,22.50,21.937785,14890300
MS,20130227,22.440001,22.99,22.35,22.278283,18051600
MS,20130226,22.35,22.50,21.780001,21.830772,30923000
MS,20130225,23.83,23.85,22.02,21.431904,30074300
MS,20130222,23.209999,23.59,23.059999,22.939822,17827100
MS,20130221,23.219999,23.219999,22.559999,22.210184,22324700
MS,20130220,24.379999,24.469999,23.35,22.784166,17432700
MS,20130219,23.99,24.33,23.809999,23.659731,17457300
MS,20130215,23.879999,23.940001,23.440001,23.221949,17504700
MS,20130214,23.530001,23.879999,23.40,23.183034,16316300
MS,20130213,23.67,23.870001,23.389999,22.988464,15783400
MS,20130212,23.299999,23.65,23.200001,22.988464,15347000
MS,20130211,23.209999,23.469999,23.129999,22.647967,10258200
MS,20130208,23.08,23.41,23.040001,22.68688,16025800
MS,20130207,23.360001,23.58,22.67,22.472854,20157900
MS,20130206,23.24,23.50,23.17,22.75498,15851000
MS,20130205,23.17,23.49,23.01,22.764708,23873200
MS,20130204,22.84,23.139999,22.82,22.258825,26405700
MS,20130201,23.040001,23.74,22.969999,22.871723,31744400
MS,20130131,22.799999,23.02,22.610001,22.181,19819100
MS,20130130,22.360001,23.00,22.360001,22.307193,23160400
MS,20130129,22.280001,22.67,22.049999,21.928612,14548300
MS,20130128,22.790001,22.790001,22.309999,21.656809,13892000
MS,20130125,22.75,22.85,22.58,22.035392,14059600
MS,20130124,22.57,23.030001,22.51,21.938319,20294700
MS,20130123,22.860001,22.940001,22.469999,22.00627,24266100
MS,20130122,22.129999,22.98,22.030001,22.307193,38089200
MS,20130118,21.98,22.459999,21.790001,21.724759,65729400
MS,20130117,20.549999,20.75,20.40,20.142483,26063600
MS,20130116,20.73,20.860001,20.360001,19.938632,30630600
MS,20130115,19.93,20.540001,19.85,19.831852,25277000
MS,20130114,20.24,20.24,19.75,19.482392,14590200
MS,20130111,20.16,20.42,20.09,19.579464,20880000
MS,20130110,19.860001,20.43,19.82,19.744487,39869800
MS,20130109,19.700001,19.940001,19.41,19.045568,26993800
MS,20130108,19.74,19.790001,19.59,19.074688,22206200
MS,20130107,20.02,20.129999,19.67,19.220296,21445100
MS,20130104,19.68,20.25,19.58,19.598879,31983900
MS,20130103,19.459999,19.610001,19.32,19.006738,29859500
MS,20130102,20.16,20.17,19.51,19.045568,29812900
