MYL,20151030,45.490002,46.049999,43.43,44.09,11571800
MYL,20151029,46.68,48.040001,45.080002,45.779999,12876500
MYL,20151028,44.380001,45.369999,43.560001,44.889999,8741900
MYL,20151027,42.119999,44.110001,42.009998,44.09,10193500
MYL,20151026,40.900002,42.16,40.400002,41.849998,7873000
MYL,20151023,39.740002,41.560001,38.91,40.959999,10272500
MYL,20151022,40.599998,40.599998,37.59,39.16,17885500
MYL,20151021,42.490002,42.52,39.439999,40.889999,12378800
MYL,20151020,44.200001,44.200001,42.459999,42.549999,7287000
MYL,20151019,44.040001,44.25,42.759998,43.740002,6537900
MYL,20151016,43.00,43.77,42.73,43.549999,10073400
MYL,20151015,41.779999,42.91,41.580002,42.73,7229600
MYL,20151014,41.560001,42.669998,41.50,42.240002,5971100
MYL,20151013,42.900002,43.540001,41.27,41.419998,5580800
MYL,20151012,43.18,43.689999,42.52,42.900002,5264700
MYL,20151009,42.799999,43.169998,42.07,42.549999,5990400
MYL,20151008,42.380001,42.939999,41.32,42.669998,4917200
MYL,20151007,42.889999,42.990002,41.009998,42.23,9306500
MYL,20151006,44.389999,44.470001,42.25,42.849998,7789900
MYL,20151005,43.75,44.43,42.549999,43.900002,7883200
MYL,20151002,40.299999,43.830002,40.220001,43.66,9837900
MYL,20151001,40.599998,41.619999,39.630001,41.41,9832100
MYL,20150930,40.91,41.259998,39.299999,40.259998,10585300
MYL,20150929,40.790001,41.66,39.16,39.799999,12389500
MYL,20150928,43.130001,43.549999,39.509998,40.860001,17407600
MYL,20150925,45.799999,46.09,42.139999,43.610001,10019200
MYL,20150924,45.099998,45.759998,44.220001,45.560001,7656600
MYL,20150923,46.779999,47.080002,45.330002,45.41,6071200
MYL,20150922,47.470001,47.700001,45.439999,46.650002,8615900
MYL,20150921,49.400002,49.59,47.529999,48.16,6080500
MYL,20150918,49.23,49.709999,48.560001,49.59,10652500
MYL,20150917,49.549999,50.16,48.779999,49.369999,5144600
MYL,20150916,49.810001,49.849998,48.48,49.009998,3898000
MYL,20150915,49.209999,50.07,48.950001,49.560001,5811200
MYL,20150914,48.470001,49.07,48.27,49.060001,4701200
MYL,20150911,47.43,48.77,47.279999,48.650002,4578800
MYL,20150910,47.490002,48.259998,47.009998,47.799999,5940500
MYL,20150909,48.98,49.34,47.41,47.560001,5538300
MYL,20150908,48.75,49.43,48.00,48.720001,6250400
MYL,20150904,46.73,48.389999,46.549999,48.049999,6034800
MYL,20150903,49.049999,49.509998,47.240002,47.419998,6744400
MYL,20150902,49.00,49.43,47.599998,48.619999,6137200
MYL,20150901,48.560001,49.66,47.900002,48.290001,6527100
MYL,20150831,50.59,51.66,49.450001,49.59,5730800
MYL,20150828,51.639999,51.93,49.82,50.369999,7564800
MYL,20150827,51.52,52.93,50.419998,51.490002,8209300
MYL,20150826,50.23,51.419998,48.389999,51.130001,10672100
MYL,20150825,51.98,52.040001,49.07,49.110001,8587300
MYL,20150824,47.880001,51.259998,45.50,49.810001,10802100
MYL,20150821,52.360001,53.139999,51.200001,51.50,8559700
MYL,20150820,54.50,54.830002,53.02,53.029999,7953300
MYL,20150819,55.66,55.73,54.689999,55.09,6790900
MYL,20150818,55.66,56.439999,54.849998,55.75,9079000
MYL,20150817,54.369999,55.560001,54.049999,55.490002,6468000
MYL,20150814,56.00,56.130001,53.68,54.360001,6859100
MYL,20150813,55.09,55.400002,54.169998,54.220001,5790700
MYL,20150812,56.25,56.84,54.23,55.360001,10441700
MYL,20150811,57.380001,57.77,56.419998,57.130001,7058400
MYL,20150810,56.98,57.810001,56.82,57.529999,9638800
MYL,20150807,55.900002,56.41,55.16,56.349998,9932600
MYL,20150806,55.349998,55.990002,52.59,55.400002,16147000
MYL,20150805,55.00,55.16,54.099998,54.599998,8377500
MYL,20150804,54.93,55.389999,53.889999,54.669998,7836200
MYL,20150803,55.889999,56.73,54.98,55.200001,6914800
MYL,20150731,56.48,56.639999,55.610001,55.990002,5632500
MYL,20150730,57.400002,57.599998,56.34,56.349998,9049100
MYL,20150729,56.50,58.049999,55.619999,57.240002,16199800
MYL,20150728,56.740002,57.00,53.810001,56.349998,17876400
MYL,20150727,56.040001,57.580002,55.400002,56.369999,34543200
MYL,20150724,66.440002,67.339996,65.459999,65.940002,5386300
MYL,20150723,66.989998,68.040001,66.360001,66.559998,5788100
MYL,20150722,67.199997,68.089996,66.690002,67.900002,3492600
MYL,20150721,67.610001,67.610001,66.599998,67.209999,3688800
MYL,20150720,68.32,68.449997,66.760002,66.980003,6750900
MYL,20150717,68.400002,69.010002,68.00,68.470001,5457700
MYL,20150716,70.459999,70.809998,68.050003,68.440002,8371300
MYL,20150715,71.199997,71.419998,68.279999,70.059998,4503300
MYL,20150714,71.080002,71.949997,70.50,71.419998,4323100
MYL,20150713,71.599998,71.730003,70.110001,71.059998,4221800
MYL,20150710,71.370003,72.989998,70.629997,71.220001,5804400
MYL,20150709,69.709999,70.529999,68.639999,70.349998,4417700
MYL,20150708,71.220001,71.989998,68.889999,68.959999,4609200
MYL,20150707,71.209999,71.580002,69.599998,71.489998,4377300
MYL,20150706,69.139999,73.900002,69.00,70.75,8299800
MYL,20150702,69.669998,70.410004,69.339996,70.120003,2574100
MYL,20150701,68.519997,69.760002,67.919998,69.699997,3595400
MYL,20150630,68.279999,68.459999,67.370003,67.860001,4672800
MYL,20150629,68.150002,68.989998,67.330002,67.629997,4020800
MYL,20150626,70.68,70.860001,69.010002,69.059998,9251200
MYL,20150625,70.900002,71.209999,69.849998,70.360001,2530800
MYL,20150624,71.019997,71.449997,70.599998,70.860001,4750800
MYL,20150623,71.980003,72.00,70.57,71.019997,3040600
MYL,20150622,71.949997,72.260002,71.330002,71.419998,2289100
MYL,20150619,72.339996,72.870003,71.440002,71.620003,10459800
MYL,20150618,71.720001,72.989998,71.50,72.559998,5491800
MYL,20150617,72.239998,72.849998,71.18,71.230003,4491700
MYL,20150616,72.889999,73.010002,71.580002,72.050003,8753500
MYL,20150615,73.639999,73.769997,72.559998,73.589996,3121500
MYL,20150612,74.019997,74.400002,73.18,73.699997,3552400
MYL,20150611,74.18,74.330002,73.629997,74.110001,3743700
MYL,20150610,73.879997,74.25,73.379997,74.059998,4535000
MYL,20150609,73.779999,74.18,73.43,73.800003,3633500
MYL,20150608,74.010002,74.379997,73.480003,73.650002,4937900
MYL,20150605,74.470001,74.620003,73.32,74.139999,7507800
MYL,20150604,72.00,74.660004,71.309998,74.290001,8875100
MYL,20150603,72.620003,73.25,72.150002,72.389999,3784900
MYL,20150602,72.900002,73.300003,72.050003,72.279999,2888900
MYL,20150601,72.419998,73.760002,72.400002,73.32,3337300
MYL,20150529,72.730003,73.860001,72.559998,72.629997,7327900
MYL,20150528,72.50,73.150002,72.080002,72.68,4730200
MYL,20150527,70.589996,72.480003,70.57,72.040001,6467300
MYL,20150526,69.50,71.050003,69.489998,70.550003,5445400
MYL,20150522,70.00,70.550003,69.489998,69.660004,4333800
MYL,20150521,70.160004,71.029999,69.75,69.940002,4578300
MYL,20150520,71.50,71.540001,70.239998,70.449997,3963200
MYL,20150519,70.279999,71.690002,70.279999,71.349998,4109900
MYL,20150518,70.449997,71.419998,69.50,71.379997,7446300
MYL,20150515,71.230003,71.980003,70.589996,70.669998,3418900
MYL,20150514,71.290001,71.68,70.129997,71.529999,4671600
MYL,20150513,70.370003,71.199997,70.059998,70.849998,3237100
MYL,20150512,70.989998,71.410004,69.849998,70.330002,4219400
MYL,20150511,71.279999,71.949997,70.309998,71.629997,6188300
MYL,20150508,71.099998,71.519997,69.730003,71.309998,10074200
MYL,20150507,71.050003,71.720001,69.620003,70.389999,9584800
MYL,20150506,73.089996,73.849998,70.389999,71.050003,10831900
MYL,20150505,73.230003,73.760002,72.32,72.889999,5803900
MYL,20150504,74.199997,74.230003,72.940002,73.050003,5087600
MYL,20150501,72.720001,74.610001,72.279999,73.889999,8592100
MYL,20150430,74.449997,75.260002,71.129997,72.260002,8070800
MYL,20150429,72.480003,74.720001,72.07,74.50,10419900
MYL,20150428,72.50,74.129997,71.449997,72.709999,9460700
MYL,20150427,75.400002,75.400002,71.209999,71.720001,20059700
MYL,20150424,73.580002,76.690002,72.709999,76.059998,12236800
MYL,20150423,72.330002,73.82,72.010002,73.690002,10276900
MYL,20150422,75.00,75.400002,71.120003,72.400002,19062800
MYL,20150421,74.300003,74.900002,72.989998,74.07,42315800
MYL,20150420,69.639999,69.809998,67.209999,68.050003,9735700
MYL,20150417,66.480003,72.160004,66.309998,69.82,19396800
MYL,20150416,67.019997,68.470001,66.150002,66.830002,9038600
MYL,20150415,68.489998,68.739998,66.709999,66.769997,8302200
MYL,20150414,68.360001,69.370003,67.75,68.620003,6172500
MYL,20150413,69.720001,71.099998,68.32,68.559998,7770100
MYL,20150410,69.870003,70.440002,68.300003,70.239998,10947200
MYL,20150409,67.949997,72.620003,67.510002,70.099998,26635300
MYL,20150408,60.169998,70.209999,60.00,68.360001,50879200
MYL,20150407,58.98,59.740002,58.400002,59.57,13511100
MYL,20150406,58.119999,58.77,58.00,58.48,10176600
MYL,20150402,58.369999,58.650002,58.02,58.099998,8827700
MYL,20150401,58.439999,58.52,57.459999,57.939999,35152900
MYL,20150331,59.560001,60.41,58.900002,59.349998,8447300
MYL,20150330,58.799999,60.060001,57.619999,60.00,9994100
MYL,20150327,61.880001,62.450001,61.290001,61.630001,4801400
MYL,20150326,60.41,63.02,60.02,61.880001,5428000
MYL,20150325,62.880001,63.970001,60.93,61.23,4423900
MYL,20150324,63.040001,64.059998,62.939999,63.09,3973500
MYL,20150323,63.150002,64.300003,62.110001,63.279999,3974300
MYL,20150320,64.370003,64.57,63.060001,63.060001,5246000
MYL,20150319,64.440002,64.75,62.900002,63.939999,4970500
MYL,20150318,62.41,65.629997,62.060001,64.959999,6325200
MYL,20150317,60.470001,62.84,60.470001,62.720001,3630300
MYL,20150316,60.360001,61.299999,59.939999,61.27,5429200
MYL,20150313,61.259998,61.389999,59.189999,59.759998,7191100
MYL,20150312,59.07,62.450001,59.049999,62.299999,11356400
MYL,20150311,55.639999,59.919998,55.25,59.00,12635300
MYL,20150310,55.27,55.950001,54.810001,55.310001,2784600
MYL,20150309,55.759998,56.00,55.139999,55.740002,1852800
MYL,20150306,56.43,56.639999,55.169998,55.439999,2302200
MYL,20150305,56.259998,58.259998,56.09,56.689999,4946800
MYL,20150304,55.790001,55.950001,54.889999,55.610001,3810100
MYL,20150303,56.759998,57.200001,55.00,55.439999,6511100
MYL,20150302,58.00,58.360001,57.049999,57.889999,3572800
MYL,20150227,57.919998,58.369999,56.889999,57.330002,5229200
MYL,20150226,56.50,57.279999,56.18,57.25,2029500
MYL,20150225,57.110001,57.32,56.099998,56.50,3365300
MYL,20150224,57.740002,57.830002,57.110001,57.220001,1952500
MYL,20150223,58.00,58.029999,57.41,57.650002,1988200
MYL,20150220,57.279999,57.900002,56.860001,57.869999,3163100
MYL,20150219,56.369999,57.360001,56.310001,57.220001,2865500
MYL,20150218,56.650002,56.720001,56.040001,56.549999,1890700
MYL,20150217,55.130001,56.73,55.130001,56.529999,2246900
MYL,20150213,54.57,55.990002,54.32,55.849998,2740900
MYL,20150212,54.169998,54.540001,53.849998,54.509998,1417600
MYL,20150211,53.970001,54.419998,53.639999,53.759998,1566200
MYL,20150210,53.330002,54.290001,52.700001,53.970001,2149300
MYL,20150209,53.799999,53.84,52.919998,53.00,1491900
MYL,20150206,54.23,54.490002,53.549999,53.889999,1891000
MYL,20150205,53.439999,54.549999,53.400002,54.299999,3989500
MYL,20150204,54.009998,54.040001,52.82,53.220001,3370500
MYL,20150203,52.82,54.669998,52.310001,54.59,5857600
MYL,20150202,53.549999,53.84,52.209999,53.189999,4618800
MYL,20150130,54.25,55.00,53.009998,53.150002,6399400
MYL,20150129,55.200001,55.23,54.48,54.889999,3470700
MYL,20150128,56.400002,56.50,55.130001,55.240002,3501900
MYL,20150127,56.630001,56.98,55.66,56.299999,3883100
MYL,20150126,54.02,57.040001,54.02,56.799999,6471800
MYL,20150123,54.360001,55.00,53.849998,54.209999,3120700
MYL,20150122,54.939999,55.259998,53.599998,54.439999,3947000
MYL,20150121,55.029999,55.50,54.310001,54.59,2651600
MYL,20150120,56.00,56.330002,54.360001,55.130001,3342500
MYL,20150116,52.650002,56.110001,52.389999,56.00,5626900
MYL,20150115,55.00,55.66,52.68,52.740002,4026100
MYL,20150114,55.369999,55.860001,54.169998,54.59,2420500
MYL,20150113,56.009998,56.68,54.810001,55.48,2325700
MYL,20150112,55.939999,56.490002,54.93,55.27,2953600
MYL,20150109,56.68,56.939999,55.77,55.84,2193600
MYL,20150108,56.68,57.290001,56.349998,56.650002,3164000
MYL,20150107,54.720001,56.349998,53.830002,56.110001,3663000
MYL,20150106,56.209999,56.830002,53.77,54.18,6610900
MYL,20150105,56.119999,56.279999,55.43,55.720001,2996200
MYL,20150102,56.540001,57.32,56.060001,56.349998,1398000
MYL,20141231,56.849998,57.389999,56.27,56.369999,1446500
MYL,20141230,57.439999,57.68,56.869999,56.939999,1570700
MYL,20141229,57.580002,58.07,57.139999,57.709999,1817400
MYL,20141226,56.990002,57.720001,56.990002,57.599998,1038800
MYL,20141224,56.610001,57.189999,56.25,56.970001,871500
MYL,20141223,57.189999,57.349998,55.639999,56.580002,2112500
MYL,20141222,57.59,57.830002,56.689999,57.00,2033400
MYL,20141219,56.799999,57.830002,56.560001,57.509998,7724600
MYL,20141218,55.950001,56.849998,55.790001,56.830002,3611500
MYL,20141217,53.669998,55.360001,53.330002,55.259998,3198700
MYL,20141216,54.369999,55.16,53.459999,53.560001,2556900
MYL,20141215,53.75,54.84,53.610001,54.52,3552600
MYL,20141212,54.07,54.580002,53.27,53.32,3282800
MYL,20141211,55.060001,55.650002,54.560001,54.709999,2540600
MYL,20141210,56.57,57.150002,54.889999,54.990002,3857000
MYL,20141209,56.209999,56.82,55.41,56.59,4723400
MYL,20141208,58.299999,58.740002,57.110001,57.23,4041500
MYL,20141205,58.220001,58.529999,57.810001,58.41,2156500
MYL,20141204,57.299999,58.860001,57.299999,58.23,2410600
MYL,20141203,58.009998,58.57,57.52,58.23,3273800
MYL,20141202,57.970001,58.630001,57.549999,57.830002,3075600
MYL,20141201,58.27,58.549999,57.52,57.790001,3360300
MYL,20141128,59.419998,59.599998,57.580002,58.610001,2761100
MYL,20141126,56.869999,59.119999,56.73,58.619999,6204900
MYL,20141125,55.639999,56.189999,55.310001,56.169998,2679800
MYL,20141124,55.93,56.119999,55.25,55.959999,3287100
MYL,20141121,56.02,56.16,55.52,55.790001,2631100
MYL,20141120,55.549999,55.84,55.009998,55.220001,1862000
MYL,20141119,55.900002,56.080002,54.720001,55.68,4250200
MYL,20141118,55.48,56.700001,55.049999,56.240002,4137700
MYL,20141117,54.23,55.689999,54.02,55.130001,4017400
MYL,20141114,54.919998,54.939999,53.50,54.049999,2546800
MYL,20141113,53.16,56.25,53.16,54.73,4833300
MYL,20141112,53.00,54.060001,53.00,53.799999,2680800
MYL,20141111,53.810001,54.099998,53.310001,53.509998,2341100
MYL,20141110,53.310001,54.23,52.439999,53.950001,3133800
MYL,20141107,53.580002,53.59,52.330002,53.110001,4126400
MYL,20141106,53.889999,53.889999,52.93,53.50,2966100
MYL,20141105,53.990002,54.41,53.389999,53.470001,2550600
MYL,20141104,53.549999,53.990002,53.369999,53.75,3847600
MYL,20141103,53.599998,54.00,53.25,53.59,3313400
MYL,20141031,54.439999,56.099998,53.150002,53.549999,9047300
MYL,20141030,50.490002,52.459999,50.490002,52.369999,3190300
MYL,20141029,51.639999,51.939999,50.630001,50.849998,3070800
MYL,20141028,51.139999,51.759998,51.00,51.709999,2011400
MYL,20141027,51.200001,51.389999,50.299999,50.950001,2771200
MYL,20141024,50.650002,51.41,50.450001,51.220001,3396400
MYL,20141023,51.240002,51.549999,50.400002,50.43,3349800
MYL,20141022,52.00,52.18,50.330002,50.360001,6964600
MYL,20141021,50.84,52.119999,50.639999,52.049999,5273500
MYL,20141020,49.48,50.389999,48.669998,50.310001,5946600
MYL,20141017,49.950001,50.119999,48.630001,49.459999,4412300
MYL,20141016,46.450001,49.200001,46.23,48.77,5011200
MYL,20141015,46.099998,48.130001,45.099998,47.380001,7089400
MYL,20141014,47.75,48.080002,46.73,46.82,4444000
MYL,20141013,49.259998,49.740002,47.57,47.639999,3242500
MYL,20141010,50.099998,50.459999,49.189999,49.349998,2976600
MYL,20141009,51.049999,51.639999,50.049999,50.119999,3551800
MYL,20141008,50.290001,51.330002,49.349998,51.23,3693800
MYL,20141007,51.09,51.09,49.77,50.139999,4063000
MYL,20141006,50.619999,52.099998,50.41,50.98,7861800
MYL,20141003,48.950001,51.189999,48.110001,50.23,15981300
MYL,20141002,45.169998,51.00,45.119999,46.50,15729000
MYL,20141001,45.639999,45.73,45.02,45.27,3443000
MYL,20140930,45.950001,46.139999,44.799999,45.490002,3842400
MYL,20140929,45.950001,46.389999,45.59,45.790001,3046000
MYL,20140926,45.93,46.400002,45.439999,46.290001,2990300
MYL,20140925,46.150002,46.639999,45.639999,45.950001,5184300
MYL,20140924,46.779999,46.970001,46.150002,46.439999,4507100
MYL,20140923,45.52,46.900002,44.810001,46.610001,7161600
MYL,20140922,47.400002,47.450001,46.290001,46.529999,2913900
MYL,20140919,48.669998,48.970001,47.310001,47.360001,6686600
MYL,20140918,48.299999,48.959999,48.009998,48.43,3152400
MYL,20140917,48.110001,48.279999,47.57,48.00,2110000
MYL,20140916,46.700001,48.009998,46.560001,47.959999,3260700
MYL,20140915,47.259998,47.630001,46.48,46.75,2279800
MYL,20140912,47.939999,47.939999,46.990002,47.060001,2112600
MYL,20140911,47.389999,47.900002,46.799999,47.790001,3472300
MYL,20140910,47.630001,47.790001,47.200001,47.439999,3614100
MYL,20140909,48.09,48.130001,47.380001,47.470001,4376100
MYL,20140908,46.790001,48.580002,46.790001,47.959999,6434700
MYL,20140905,46.849998,47.220001,46.27,46.98,6312900
MYL,20140904,48.09,48.119999,45.66,46.939999,4654200
MYL,20140903,48.73,48.990002,47.650002,47.810001,3833100
MYL,20140902,48.77,49.00,48.459999,48.68,2358400
MYL,20140829,48.43,48.630001,48.200001,48.599998,3027200
MYL,20140828,48.099998,48.16,47.560001,48.130001,1985700
MYL,20140827,48.48,48.630001,47.900002,48.080002,3030100
MYL,20140826,48.630001,48.830002,48.27,48.299999,2404100
MYL,20140825,48.490002,48.82,48.330002,48.509998,2505500
MYL,20140822,48.150002,49.00,47.869999,48.209999,2788500
MYL,20140821,48.52,48.740002,47.66,47.75,3786600
MYL,20140820,47.099998,48.849998,46.860001,48.59,7589400
MYL,20140819,46.509998,47.07,46.139999,47.040001,4564400
MYL,20140818,46.880001,46.98,46.330002,46.48,3923400
MYL,20140815,46.32,46.84,45.959999,46.450001,6054100
MYL,20140814,45.419998,46.419998,45.41,46.150002,4486800
MYL,20140813,44.970001,45.549999,44.799999,45.389999,5425600
MYL,20140812,45.349998,45.759998,44.849998,44.970001,6342800
MYL,20140811,46.029999,46.150002,45.209999,45.360001,4981700
MYL,20140808,46.110001,47.34,45.23,45.849998,8791200
MYL,20140807,47.00,47.82,45.360001,46.490002,11594500
MYL,20140806,47.830002,48.040001,47.529999,47.919998,6777800
MYL,20140805,48.709999,48.93,48.02,48.470001,9437100
MYL,20140804,49.52,49.52,48.830002,49.099998,2755200
MYL,20140801,49.32,49.790001,48.68,49.23,3851600
MYL,20140731,50.259998,50.360001,48.950001,49.369999,4390200
MYL,20140730,50.77,50.959999,49.889999,50.549999,4335600
MYL,20140729,50.619999,51.00,49.970001,50.400002,8784600
MYL,20140728,51.619999,52.48,50.450001,50.529999,5227800
MYL,20140725,51.290001,51.880001,51.099998,51.740002,3937900
MYL,20140724,52.639999,52.900002,51.880001,51.900002,3013500
MYL,20140723,52.360001,52.93,52.279999,52.34,5775200
MYL,20140722,51.68,52.34,51.580002,52.060001,3493000
MYL,20140721,51.73,51.84,51.119999,51.389999,2852200
MYL,20140718,51.599998,52.029999,51.009998,51.900002,3660100
MYL,20140717,51.279999,51.75,51.00,51.43,4853600
MYL,20140716,51.389999,52.34,51.27,51.630001,7198200
MYL,20140715,51.139999,52.900002,51.060001,52.169998,10598400
MYL,20140714,52.50,53.00,50.34,51.240002,20024200
MYL,20140711,50.619999,50.799999,49.950001,50.200001,2647500
MYL,20140710,49.700001,50.91,49.310001,50.709999,2754100
MYL,20140709,50.650002,50.650002,49.689999,50.060001,2644500
MYL,20140708,50.529999,50.639999,49.779999,50.27,3683000
MYL,20140707,51.669998,51.669998,50.18,50.560001,4339200
MYL,20140703,52.34,52.34,51.220001,51.790001,1785200
MYL,20140702,52.130001,52.470001,50.040001,52.139999,2926000
MYL,20140701,51.860001,53.049999,51.669998,51.889999,3454800
MYL,20140630,51.91,52.00,50.810001,51.560001,3942500
MYL,20140627,51.75,52.119999,51.049999,51.509998,3530000
MYL,20140626,53.560001,53.560001,50.900002,51.869999,2119200
MYL,20140625,51.360001,52.049999,51.360001,51.630001,2498600
MYL,20140624,50.880001,51.810001,50.57,51.580002,3354500
MYL,20140623,51.00,51.68,50.73,50.779999,2416900
MYL,20140620,50.73,51.23,50.119999,51.119999,4911600
MYL,20140619,50.950001,50.950001,50.18,50.41,2033000
MYL,20140618,50.740002,50.849998,50.360001,50.619999,2557800
MYL,20140617,50.110001,51.220001,50.099998,50.700001,2061100
MYL,20140616,50.060001,50.759998,50.02,50.400002,3026600
MYL,20140613,49.580002,50.57,49.259998,50.200001,2914600
MYL,20140612,49.639999,50.349998,48.50,49.639999,2183600
MYL,20140611,49.32,49.880001,48.810001,49.68,3246000
MYL,20140610,49.220001,49.369999,48.419998,49.220001,2304100
MYL,20140609,49.799999,49.959999,49.009998,49.419998,1438600
MYL,20140606,50.080002,50.09,49.369999,49.73,2112300
MYL,20140605,49.810001,50.16,49.099998,49.84,3057500
MYL,20140604,49.93,49.93,49.459999,49.59,2675700
MYL,20140603,49.68,50.09,49.50,49.900002,3138600
MYL,20140602,49.959999,50.16,49.369999,49.98,2334700
MYL,20140530,49.93,50.400002,49.580002,49.84,3834600
MYL,20140529,49.07,49.779999,49.00,49.73,3461400
MYL,20140528,48.439999,49.560001,48.439999,48.869999,5252500
MYL,20140527,48.599998,48.639999,48.080002,48.419998,3604600
MYL,20140523,47.59,48.349998,47.259998,48.02,3106200
MYL,20140522,46.369999,47.509998,46.099998,47.41,2712100
MYL,20140521,46.310001,46.799999,46.209999,46.459999,2647700
MYL,20140520,47.189999,47.27,45.799999,46.189999,5055900
MYL,20140519,46.310001,47.630001,46.209999,47.139999,3723100
MYL,20140516,48.41,48.41,46.830002,46.959999,3960400
MYL,20140515,47.540001,48.110001,46.66,48.02,4497000
MYL,20140514,47.619999,48.189999,47.400002,47.459999,2443300
MYL,20140513,47.639999,48.09,47.509998,47.57,2784100
MYL,20140512,46.259998,47.689999,46.18,47.57,5467600
MYL,20140509,46.869999,46.970001,45.110001,46.139999,8768400
MYL,20140508,48.16,49.060001,47.009998,47.330002,5238600
MYL,20140507,48.619999,48.970001,47.220001,48.150002,5709000
MYL,20140506,49.439999,49.810001,48.400002,48.48,4053800
MYL,20140505,49.66,50.200001,48.950001,49.889999,3191400
MYL,20140502,49.970001,50.009998,49.09,49.82,4114300
MYL,20140501,51.439999,52.00,49.349998,49.740002,8178600
MYL,20140430,50.759998,51.169998,49.860001,50.779999,6870900
MYL,20140429,51.02,51.50,50.259998,50.880001,5415100
MYL,20140428,50.450001,50.990002,49.110001,50.669998,8902200
MYL,20140425,49.860001,53.57,49.060001,52.099998,15890200
MYL,20140424,50.950001,51.439999,49.869999,50.349998,6854500
MYL,20140423,49.919998,50.450001,49.450001,50.279999,4935200
MYL,20140422,48.93,50.400002,48.93,49.849998,6788700
MYL,20140421,47.919998,48.34,47.099998,48.32,3596000
MYL,20140417,47.009998,47.130001,46.00,46.919998,4912800
MYL,20140416,46.880001,47.310001,46.349998,47.209999,4055400
MYL,20140415,46.119999,47.169998,44.740002,46.23,4383800
MYL,20140414,46.049999,47.029999,45.310001,46.029999,4857300
MYL,20140411,46.209999,47.029999,45.41,45.720001,7297400
MYL,20140410,48.740002,48.919998,46.290001,47.07,8843500
MYL,20140409,47.529999,48.759998,46.48,48.57,12165900
MYL,20140408,48.169998,48.27,45.799999,47.639999,15091200
MYL,20140407,50.950001,51.810001,48.290001,48.400002,10579000
MYL,20140404,53.00,55.299999,50.57,50.630001,17748200
MYL,20140403,50.669998,50.950001,49.27,49.860001,6225800
MYL,20140402,49.68,50.98,49.610001,50.77,5445500
MYL,20140401,49.080002,49.490002,48.630001,49.310001,6001900
MYL,20140331,49.200001,49.200001,47.360001,48.830002,7880700
MYL,20140328,48.75,50.360001,48.41,48.830002,3944700
MYL,20140327,47.720001,49.349998,47.720001,48.580002,4503100
MYL,20140326,50.700001,51.560001,49.119999,49.16,3789900
MYL,20140325,50.57,51.50,49.759998,50.709999,5157400
MYL,20140324,52.200001,52.41,49.259998,49.970001,7758700
MYL,20140321,53.490002,53.490002,52.029999,52.139999,10806400
MYL,20140320,52.330002,53.080002,52.02,52.610001,4510400
MYL,20140319,54.029999,54.16,52.939999,53.299999,2756100
MYL,20140318,53.439999,54.380001,53.310001,53.900002,2687900
MYL,20140317,52.970001,54.220001,52.860001,53.52,4231700
MYL,20140314,52.299999,53.459999,51.860001,52.630001,7393600
MYL,20140313,53.099998,53.610001,51.869999,52.02,4864100
MYL,20140312,53.490002,53.889999,52.470001,53.060001,5248700
MYL,20140311,53.470001,54.18,53.220001,53.990002,4920100
MYL,20140310,54.790001,54.84,53.310001,53.41,5608200
MYL,20140307,54.779999,55.16,53.700001,54.860001,5203900
MYL,20140306,56.349998,56.349998,53.650002,54.540001,6510600
MYL,20140305,57.060001,57.41,55.50,55.84,4971700
MYL,20140304,56.150002,57.52,56.110001,57.200001,4825800
MYL,20140303,54.77,55.799999,54.52,55.52,3234200
MYL,20140228,56.02,56.919998,54.880001,55.57,6043400
MYL,20140227,54.139999,57.07,53.639999,56.27,12890100
MYL,20140226,51.169998,52.23,51.02,51.419998,6904700
MYL,20140225,51.00,51.93,50.299999,51.330002,4037200
MYL,20140224,52.00,52.099998,50.650002,51.049999,6253300
MYL,20140221,52.400002,52.400002,51.259998,51.919998,4695800
MYL,20140220,50.98,52.439999,50.549999,52.259998,8810100
MYL,20140219,48.310001,51.200001,48.27,51.150002,12673800
MYL,20140218,48.009998,50.459999,47.220001,48.299999,7479400
MYL,20140214,45.98,46.48,45.779999,46.099998,2314000
MYL,20140213,45.259998,46.32,45.00,46.189999,3027500
MYL,20140212,45.43,45.740002,45.209999,45.650002,2142400
MYL,20140211,44.919998,45.810001,44.540001,45.490002,3574600
MYL,20140210,44.970001,45.439999,44.369999,44.84,3463100
MYL,20140207,43.650002,45.150002,43.50,45.080002,3008000
MYL,20140206,43.439999,43.93,43.040001,43.490002,2405700
MYL,20140205,43.549999,43.68,42.43,43.439999,5018000
MYL,20140204,43.790001,44.049999,43.139999,43.650002,2858400
MYL,20140203,46.130001,46.130001,43.490002,43.650002,4583100
MYL,20140131,44.849998,45.799999,44.75,45.41,4195100
MYL,20140130,44.73,45.77,44.66,45.549999,2459600
MYL,20140129,44.200001,45.00,44.07,44.48,2834100
MYL,20140128,44.27,44.98,44.09,44.700001,2850800
MYL,20140127,44.200001,44.639999,43.919998,44.009998,4867200
MYL,20140124,44.990002,45.220001,44.209999,44.310001,3138300
MYL,20140123,45.549999,45.740002,44.889999,45.259998,2745100
MYL,20140122,46.619999,46.73,45.869999,45.91,2482400
MYL,20140121,46.130001,46.630001,45.93,46.450001,2980100
MYL,20140117,45.540001,46.209999,45.41,45.75,3392100
MYL,20140116,45.48,45.75,45.240002,45.41,2474200
MYL,20140115,45.939999,46.119999,45.310001,45.459999,3243200
MYL,20140114,45.41,46.380001,45.200001,46.220001,2955700
MYL,20140113,45.759998,46.200001,45.139999,45.240002,4485600
MYL,20140110,45.240002,46.009998,45.009998,45.970001,3631600
MYL,20140109,44.830002,45.279999,44.450001,45.099998,3081300
MYL,20140108,43.099998,45.119999,43.009998,44.73,5937600
MYL,20140107,42.369999,43.470001,42.299999,42.98,3109100
MYL,20140106,42.830002,43.23,41.970001,42.259998,5116900
MYL,20140103,42.400002,42.919998,42.349998,42.720001,1876900
MYL,20140102,43.380001,43.419998,42.549999,42.580002,2625300
MYL,20131231,43.259998,43.57,42.98,43.400002,1930900
MYL,20131230,42.77,43.009998,42.619999,42.91,1372000
MYL,20131227,42.919998,42.93,42.57,42.779999,1535500
MYL,20131226,42.549999,42.919998,42.34,42.82,1171400
MYL,20131224,42.720001,42.810001,42.310001,42.57,856200
MYL,20131223,42.93,42.93,42.330002,42.720001,2517400
MYL,20131220,42.529999,43.099998,42.279999,42.509998,5997400
MYL,20131219,41.84,42.599998,41.790001,42.529999,3146300
MYL,20131218,42.00,42.889999,41.549999,42.84,3043700
MYL,20131217,41.790001,41.98,41.41,41.860001,3377400
MYL,20131216,42.029999,42.619999,41.860001,41.900002,3521200
MYL,20131213,42.009998,42.25,41.669998,41.779999,2999100
MYL,20131212,41.360001,42.169998,41.259998,41.860001,3993900
MYL,20131211,42.75,42.799999,41.290001,41.419998,6107600
MYL,20131210,43.869999,43.98,42.060001,42.610001,8075100
MYL,20131209,44.50,44.540001,43.73,43.860001,3606500
MYL,20131206,43.869999,44.27,43.619999,44.139999,2536200
MYL,20131205,43.02,43.75,42.68,43.349998,4240000
MYL,20131204,42.970001,43.330002,42.549999,42.970001,4245600
MYL,20131203,44.119999,44.330002,43.16,43.220001,4194300
MYL,20131202,44.299999,44.68,44.130001,44.349998,2505400
MYL,20131129,44.049999,44.330002,44.009998,44.130001,1368000
MYL,20131127,44.50,44.709999,43.759998,44.139999,3189200
MYL,20131126,44.220001,44.73,43.91,44.50,4778900
MYL,20131125,42.75,44.369999,42.630001,44.220001,5708300
MYL,20131122,42.580002,42.68,42.369999,42.669998,2242200
MYL,20131121,42.349998,42.650002,42.139999,42.380001,2812900
MYL,20131120,41.77,42.450001,41.77,42.32,3290000
MYL,20131119,41.869999,42.200001,41.580002,41.900002,4373600
MYL,20131118,42.310001,42.439999,41.509998,41.810001,4577700
MYL,20131115,41.939999,42.450001,41.799999,42.360001,3927900
MYL,20131114,41.91,42.18,41.59,41.98,4201000
MYL,20131113,40.459999,41.700001,40.360001,41.619999,4756800
MYL,20131112,41.130001,41.509998,40.709999,41.419998,4503000
MYL,20131111,40.41,41.169998,40.029999,41.060001,5084900
MYL,20131108,38.73,40.540001,38.73,40.41,4928000
MYL,20131107,39.759998,39.77,38.740002,38.990002,4109300
MYL,20131106,39.880001,39.93,39.18,39.509998,5668100
MYL,20131105,39.169998,39.990002,39.02,39.880001,5232600
MYL,20131104,38.25,39.459999,38.150002,39.380001,5526500
MYL,20131101,38.119999,38.220001,37.43,38.009998,6227400
MYL,20131031,37.810001,38.220001,36.970001,37.869999,9264900
MYL,20131030,38.990002,39.00,37.889999,38.41,6157900
MYL,20131029,38.25,38.740002,38.25,38.650002,2312600
MYL,20131028,38.43,38.48,38.099998,38.240002,2421900
MYL,20131025,38.52,38.52,37.869999,38.43,3460200
MYL,20131024,38.759998,39.009998,38.34,38.490002,3311100
MYL,20131023,38.700001,38.860001,38.169998,38.630001,2557400
MYL,20131022,38.650002,39.209999,38.610001,38.990002,4252700
MYL,20131021,38.490002,38.700001,38.189999,38.560001,4434800
MYL,20131018,39.860001,39.860001,37.27,38.549999,8880100
MYL,20131017,39.66,39.919998,39.380001,39.709999,3059700
MYL,20131016,39.299999,40.00,39.259998,39.689999,2741200
MYL,20131015,39.540001,39.669998,39.029999,39.189999,2694700
MYL,20131014,39.23,39.50,38.950001,39.48,3889000
MYL,20131011,39.830002,40.330002,39.73,39.91,3496700
MYL,20131010,39.380001,39.779999,39.209999,39.740002,3983900
MYL,20131009,39.200001,39.200001,38.43,38.919998,3992900
MYL,20131008,40.060001,40.200001,38.830002,38.869999,5579600
MYL,20131007,39.869999,40.349998,39.77,40.060001,3818300
MYL,20131004,40.009998,40.549999,40.00,40.25,5709100
MYL,20131003,39.349998,40.220001,39.119999,39.990002,6339800
MYL,20131002,39.169998,39.599998,39.07,39.490002,3188800
MYL,20131001,38.130001,39.450001,37.93,39.450001,4615800
MYL,20130930,38.00,38.509998,37.950001,38.169998,2361900
MYL,20130927,38.240002,38.59,37.950001,38.32,2394600
MYL,20130926,38.209999,38.419998,38.029999,38.369999,2822300
MYL,20130925,38.009998,38.299999,37.709999,38.139999,3704300
MYL,20130924,38.150002,38.380001,37.869999,38.130001,2368600
MYL,20130923,38.50,38.540001,37.830002,38.07,3343000
MYL,20130920,38.419998,39.029999,38.419998,38.66,5430900
MYL,20130919,38.59,38.91,38.259998,38.330002,4004600
MYL,20130918,38.439999,38.810001,38.060001,38.599998,6085800
MYL,20130917,39.360001,39.360001,38.490002,38.50,3790000
MYL,20130916,39.349998,39.41,38.77,38.950001,4645000
MYL,20130913,38.799999,38.98,38.639999,38.919998,4046000
MYL,20130912,38.209999,38.880001,38.09,38.720001,5729900
MYL,20130911,38.240002,38.50,37.830002,38.049999,5591200
MYL,20130910,37.529999,38.560001,37.389999,38.240002,11219500
MYL,20130909,35.459999,36.560001,35.099998,36.490002,6830000
MYL,20130906,35.889999,35.990002,34.860001,35.290001,5327200
MYL,20130905,35.950001,36.07,35.650002,35.880001,1711200
MYL,20130904,35.650002,36.080002,35.509998,35.93,2589500
MYL,20130903,35.75,35.880001,35.450001,35.709999,5851300
MYL,20130830,35.369999,35.450001,35.049999,35.34,3197100
MYL,20130829,34.830002,35.540001,34.82,35.34,2546200
MYL,20130828,34.84,35.23,34.59,35.060001,2434200
MYL,20130827,35.259998,35.310001,34.459999,34.759998,2658400
MYL,20130826,35.700001,35.990002,35.52,35.52,1878900
MYL,20130823,35.709999,35.880001,35.52,35.790001,2330200
MYL,20130822,35.419998,35.849998,35.41,35.580002,2046900
MYL,20130821,35.619999,35.810001,35.189999,35.439999,5044200
MYL,20130820,35.990002,36.07,35.669998,35.73,4053000
MYL,20130819,36.880001,36.880001,35.880001,35.990002,4145700
MYL,20130816,36.099998,36.599998,36.09,36.189999,3354900
MYL,20130815,36.59,36.790001,36.07,36.200001,5761200
MYL,20130814,37.209999,37.25,36.610001,36.82,3991300
MYL,20130813,37.130001,37.349998,36.98,37.150002,7605000
MYL,20130812,36.990002,37.299999,36.779999,37.189999,5967000
MYL,20130809,36.860001,37.389999,36.84,37.189999,2973800
MYL,20130808,37.099998,37.32,36.77,37.049999,3443000
MYL,20130807,36.799999,37.470001,36.709999,37.080002,6348700
MYL,20130806,36.93,37.099998,36.529999,36.82,4619100
MYL,20130805,36.610001,36.990002,36.34,36.880001,7182800
MYL,20130802,35.41,36.77,35.330002,36.400002,14189800
MYL,20130801,33.73,34.619999,33.529999,33.98,6080800
MYL,20130731,33.369999,33.740002,33.200001,33.560001,4442300
MYL,20130730,33.27,33.48,33.029999,33.41,3763200
MYL,20130729,33.330002,33.619999,33.049999,33.099998,2852100
MYL,20130726,32.580002,33.50,32.400002,33.43,4305200
MYL,20130725,32.189999,32.650002,32.00,32.59,2001200
MYL,20130724,32.32,32.610001,32.16,32.380001,1894200
MYL,20130723,32.720001,32.75,32.150002,32.32,3815100
MYL,20130722,33.00,33.07,32.529999,32.650002,2447800
MYL,20130719,32.419998,32.700001,32.00,32.669998,2839800
MYL,20130718,32.009998,32.619999,32.00,32.299999,2753600
MYL,20130717,32.099998,32.240002,31.76,31.98,3222900
MYL,20130716,32.23,32.279999,31.92,32.110001,3670000
MYL,20130715,32.099998,32.240002,31.639999,32.130001,3153400
MYL,20130712,31.549999,32.099998,31.51,32.09,3558400
MYL,20130711,31.57,31.75,31.42,31.440001,4823800
MYL,20130710,31.23,31.49,30.98,31.280001,3239600
MYL,20130709,31.129999,31.50,30.91,31.190001,3631700
MYL,20130708,31.02,31.120001,30.59,30.90,3394400
MYL,20130705,30.73,30.959999,30.57,30.84,2300900
MYL,20130703,30.18,30.57,30.01,30.469999,1723000
MYL,20130702,30.83,30.889999,30.280001,30.370001,3793900
MYL,20130701,30.950001,31.389999,30.85,30.860001,3266600
MYL,20130628,30.85,31.469999,30.73,31.030001,5697300
MYL,20130627,30.719999,30.98,30.60,30.90,3778900
MYL,20130626,30.450001,30.809999,30.34,30.48,3138900
MYL,20130625,30.549999,30.719999,30.10,30.40,5096300
MYL,20130624,30.33,30.51,29.93,30.25,3814000
MYL,20130621,30.49,30.809999,29.90,30.629999,10274300
MYL,20130620,31.040001,31.059999,30.18,30.35,5468800
MYL,20130619,31.889999,31.92,31.139999,31.27,3461800
MYL,20130618,31.620001,31.959999,31.41,31.870001,3417300
MYL,20130617,31.83,32.00,31.209999,31.540001,4009400
MYL,20130614,31.450001,32.00,31.299999,31.68,3841100
MYL,20130613,30.809999,31.42,30.440001,31.34,3451300
MYL,20130612,30.92,31.360001,30.73,30.82,4410500
MYL,20130611,30.51,31.120001,30.299999,30.77,4127600
MYL,20130610,30.65,30.90,30.43,30.709999,2560600
MYL,20130607,30.52,30.959999,30.15,30.58,2540900
MYL,20130606,29.90,30.42,29.700001,30.41,3588000
MYL,20130605,29.90,30.450001,29.73,29.889999,5448800
MYL,20130604,30.309999,30.40,29.50,29.870001,6481200
MYL,20130603,30.459999,30.85,30.110001,30.40,4567200
MYL,20130531,30.84,31.01,30.48,30.48,4798200
MYL,20130530,31.07,31.33,30.90,30.969999,4317900
MYL,20130529,31.629999,31.67,30.950001,31.110001,3845700
MYL,20130528,31.58,32.27,31.440001,31.629999,4299100
MYL,20130524,31.690001,31.690001,31.040001,31.18,5952800
MYL,20130523,31.27,32.00,31.17,31.75,4021900
MYL,20130522,31.25,32.09,31.15,31.549999,8435100
MYL,20130521,31.23,31.379999,30.950001,31.23,3568500
MYL,20130520,31.35,31.889999,31.139999,31.280001,4321400
MYL,20130517,30.90,31.469999,30.84,31.40,5720300
MYL,20130516,30.799999,31.469999,30.34,30.700001,7256100
MYL,20130515,27.77,30.530001,27.77,30.50,5631000
MYL,20130514,29.299999,31.00,29.02,30.10,9796100
MYL,20130513,29.559999,29.629999,29.049999,29.200001,3709800
MYL,20130510,29.120001,29.66,28.99,29.65,4961700
MYL,20130509,29.209999,29.41,28.870001,29.27,5827300
MYL,20130508,29.67,29.93,29.299999,29.33,4414300
MYL,20130507,29.57,29.90,29.530001,29.690001,4555600
MYL,20130506,29.00,29.49,28.67,29.450001,6633200
MYL,20130503,29.030001,29.17,28.799999,28.90,4872600
MYL,20130502,28.75,28.93,28.48,28.83,5378900
MYL,20130501,29.08,29.139999,28.68,28.700001,4853800
MYL,20130430,28.889999,29.129999,28.73,29.110001,6278400
MYL,20130429,29.299999,29.51,28.99,29.01,4884700
MYL,20130426,29.299999,29.50,29.17,29.309999,6767800
MYL,20130425,28.82,29.309999,28.73,29.280001,9660500
MYL,20130424,28.700001,28.809999,28.549999,28.690001,5908100
MYL,20130423,28.49,28.75,28.389999,28.620001,4430600
MYL,20130422,28.50,28.50,28.16,28.33,5335200
MYL,20130419,27.93,28.41,27.92,28.34,4756800
MYL,20130418,28.030001,28.09,27.66,27.959999,5260700
MYL,20130417,28.10,28.209999,27.809999,28.02,4968600
MYL,20130416,28.18,28.32,28.049999,28.299999,6217100
MYL,20130415,28.639999,28.73,28.040001,28.10,5804400
MYL,20130412,28.959999,28.99,28.60,28.68,4254200
MYL,20130411,28.65,29.15,28.530001,28.950001,4639500
MYL,20130410,28.700001,28.85,28.440001,28.549999,4870600
MYL,20130409,28.51,28.75,28.40,28.610001,4234200
MYL,20130408,28.639999,28.65,28.35,28.370001,5077600
MYL,20130405,28.360001,28.66,28.200001,28.629999,4066300
MYL,20130404,28.540001,28.75,28.379999,28.639999,7617900
MYL,20130403,28.549999,28.639999,27.860001,28.51,17084000
MYL,20130402,28.73,28.809999,28.120001,28.60,10850700
MYL,20130401,28.950001,28.99,28.50,28.700001,3716100
MYL,20130328,28.790001,28.99,28.65,28.959999,6734600
MYL,20130327,28.790001,28.92,28.639999,28.74,7509400
MYL,20130326,29.40,29.51,28.90,29.02,7326600
MYL,20130325,29.389999,29.57,29.219999,29.27,7382300
MYL,20130322,30.34,30.41,29.639999,29.82,5394400
MYL,20130321,30.58,30.68,30.120001,30.190001,4304300
MYL,20130320,30.860001,31.02,30.610001,30.77,4860700
MYL,20130319,30.790001,30.84,30.43,30.77,6249400
MYL,20130318,30.15,30.74,29.950001,30.68,6614800
MYL,20130315,30.969999,31.01,30.42,30.469999,8876800
MYL,20130314,31.01,31.129999,30.530001,31.01,8099300
MYL,20130313,30.950001,31.219999,30.610001,30.98,6145900
MYL,20130312,30.73,31.02,30.58,30.950001,6807700
MYL,20130311,30.60,30.83,29.969999,30.77,7328600
MYL,20130308,30.85,30.959999,30.690001,30.73,4573800
MYL,20130307,31.00,31.00,30.68,30.790001,5739500
MYL,20130306,30.709999,30.92,30.459999,30.90,6639600
MYL,20130305,30.870001,30.969999,30.50,30.690001,6969200
MYL,20130304,30.059999,30.77,29.76,30.73,9271400
MYL,20130301,29.629999,30.41,29.440001,30.10,8696500
MYL,20130228,29.34,30.469999,29.34,29.610001,12600200
MYL,20130227,28.23,28.68,28.18,28.57,3581200
MYL,20130226,28.559999,28.610001,27.950001,28.33,5106000
MYL,20130225,29.120001,29.27,28.51,28.52,3943300
MYL,20130222,28.83,29.01,28.709999,28.98,4546600
MYL,20130221,28.690001,28.92,28.34,28.809999,6370300
MYL,20130220,29.09,29.15,28.700001,28.709999,4808400
MYL,20130219,29.18,29.299999,28.969999,29.110001,2984000
MYL,20130215,29.09,29.280001,28.950001,29.219999,4591000
MYL,20130214,28.719999,29.209999,28.629999,29.16,5730800
MYL,20130213,28.91,28.959999,28.75,28.860001,3236500
MYL,20130212,28.809999,28.950001,28.719999,28.799999,4452200
MYL,20130211,28.780001,28.92,28.719999,28.85,2687000
MYL,20130208,28.889999,29.049999,28.77,28.860001,3564500
MYL,20130207,28.77,28.870001,28.58,28.799999,4974200
MYL,20130206,28.83,28.889999,28.610001,28.809999,3853600
MYL,20130205,28.790001,29.040001,28.709999,28.959999,4706100
MYL,20130204,28.809999,29.01,28.639999,28.639999,4586600
MYL,20130201,28.440001,29.049999,28.35,28.889999,5102700
MYL,20130131,28.15,28.40,28.059999,28.27,6203700
MYL,20130130,28.26,28.42,28.120001,28.200001,4355300
MYL,20130129,28.25,28.389999,28.110001,28.290001,4137700
MYL,20130128,28.50,28.50,28.190001,28.25,4088000
MYL,20130125,28.389999,28.60,28.32,28.459999,3546200
MYL,20130124,28.129999,28.60,28.120001,28.33,3406900
MYL,20130123,27.85,28.360001,27.66,28.15,5376600
MYL,20130122,27.969999,28.00,27.74,27.889999,3952200
MYL,20130118,28.00,28.07,27.75,28.00,2635900
MYL,20130117,28.120001,28.190001,27.889999,28.040001,5962700
MYL,20130116,27.99,28.219999,27.93,28.07,5793400
MYL,20130115,27.50,28.049999,27.50,27.98,4852600
MYL,20130114,27.780001,27.870001,27.540001,27.540001,8678600
MYL,20130111,28.32,28.51,27.77,27.84,7194900
MYL,20130110,28.280001,28.60,28.219999,28.25,4795600
MYL,20130109,27.83,28.219999,27.77,28.030001,3838400
MYL,20130108,27.60,27.780001,27.379999,27.780001,7200200
MYL,20130107,28.049999,28.139999,27.76,27.91,5954900
MYL,20130104,27.65,28.24,27.65,28.200001,5440600
MYL,20130103,27.620001,27.75,27.52,27.620001,5120100
MYL,20130102,27.84,28.049999,27.40,27.700001,7450500
