PVH,20151030,91.190002,91.970001,90.690002,90.949997,1263700
PVH,20151029,90.339996,91.279999,89.00,91.00,1145300
PVH,20151028,89.949997,91.650002,88.769997,90.690002,830800
PVH,20151027,89.690002,90.860001,89.300003,89.489998,909000
PVH,20151026,88.639999,90.669998,88.489998,89.949997,1446100
PVH,20151023,95.669998,95.669998,87.120003,88.169998,3651700
PVH,20151022,95.940002,97.690002,95.540001,95.93,1709600
PVH,20151021,100.010002,100.220001,95.18,95.730003,1987800
PVH,20151020,100.07,100.910004,99.139999,99.510002,624700
PVH,20151019,100.580002,101.339996,99.120003,100.18,867500
PVH,20151016,99.389999,101.269997,98.830002,101.190002,877000
PVH,20151015,100.349998,100.599998,98.370003,98.599998,1184300
PVH,20151014,100.540001,102.190002,99.449997,99.879997,942000
PVH,20151013,100.00,101.290001,99.00,100.379997,626400
PVH,20151012,101.07,101.599998,100.080002,100.459999,569800
PVH,20151009,101.360001,101.639999,99.550003,100.639999,695700
PVH,20151008,98.989998,102.220001,98.019997,101.599998,978000
PVH,20151007,101.610001,101.629997,98.169998,98.989998,973200
PVH,20151006,102.620003,103.370003,100.279999,101.059998,722800
PVH,20151005,101.82,103.339996,101.050003,103.18,727600
PVH,20151002,98.919998,101.480003,97.269997,101.43,710400
PVH,20151001,101.809998,102.709999,99.190002,99.940002,1098200
PVH,20150930,98.209999,102.059998,98.040001,101.940002,1481900
PVH,20150929,100.089996,100.690002,96.260002,96.760002,1671300
PVH,20150928,104.209999,104.529999,98.919998,100.050003,1116500
PVH,20150925,108.230003,108.650002,103.730003,104.849998,1521600
PVH,20150924,108.300003,108.459999,105.519997,107.099998,1471000
PVH,20150923,112.120003,112.540001,108.629997,108.809998,566300
PVH,20150922,111.800003,112.760002,110.709999,112.290001,669600
PVH,20150921,112.629997,114.279999,111.730003,113.50,789000
PVH,20150918,113.470001,114.169998,111.32,111.610001,815900
PVH,20150917,115.50,116.989998,114.559998,114.959999,767200
PVH,20150916,113.68,115.839996,113.410004,115.739998,471900
PVH,20150915,112.980003,113.599998,111.599998,113.440002,833700
PVH,20150914,113.760002,113.919998,112.239998,112.790001,874400
PVH,20150911,113.889999,114.830002,113.029999,114.029999,782700
PVH,20150910,114.959999,115.93,113.830002,114.489998,856900
PVH,20150909,119.00,119.690002,114.440002,114.68,934000
PVH,20150908,118.959999,119.029999,117.089996,118.160004,1157100
PVH,20150904,117.300003,118.419998,116.400002,116.889999,765900
PVH,20150903,119.00,120.669998,117.129997,117.800003,975300
PVH,20150902,117.730003,118.290001,116.029999,118.260002,798900
PVH,20150901,116.339996,118.370003,115.790001,116.809998,1241800
PVH,20150831,116.389999,120.110001,115.800003,118.980003,1395500
PVH,20150828,118.00,119.339996,116.269997,116.980003,1487500
PVH,20150827,117.169998,120.00,115.580002,118.169998,2789000
PVH,20150826,111.459999,112.440002,108.190002,111.440002,1583500
PVH,20150825,110.150002,113.290001,109.050003,109.220001,2034900
PVH,20150824,112.260002,115.00,104.879997,107.349998,1742000
PVH,20150821,113.68,114.160004,111.400002,112.241999,964100
PVH,20150820,115.959999,116.550003,113.660004,114.94109,1160300
PVH,20150819,115.839996,118.309998,115.389999,117.340272,857100
PVH,20150818,115.870003,116.839996,115.120003,116.610523,529000
PVH,20150817,114.290001,115.610001,113.370003,115.490899,444300
PVH,20150814,111.769997,115.199997,111.290001,114.481239,588900
PVH,20150813,112.400002,112.50,111.00,111.742168,1288300
PVH,20150812,112.459999,113.650002,111.00,112.291985,1093400
PVH,20150811,113.839996,114.459999,112.57,113.631528,635800
PVH,20150810,114.860001,115.389999,113.019997,115.081042,700200
PVH,20150807,114.75,115.099998,112.709999,113.761489,692200
PVH,20150806,117.309998,117.739998,114.839996,115.171008,834200
PVH,20150805,115.769997,117.529999,115.720001,116.840441,544500
PVH,20150804,114.769997,115.779999,113.290001,114.501237,485800
PVH,20150803,115.610001,115.760002,112.82,114.421262,1176700
PVH,20150731,116.239998,116.629997,114.589996,116.000729,569700
PVH,20150730,115.199997,116.459999,115.050003,116.120691,440100
PVH,20150729,113.459999,116.00,113.459999,115.66084,578000
PVH,20150728,112.230003,113.860001,111.620003,113.371622,432300
PVH,20150727,112.730003,112.760002,111.07,111.462264,570200
PVH,20150724,115.00,115.459999,111.760002,113.011743,566900
PVH,20150723,115.660004,116.480003,114.50,114.6112,544800
PVH,20150722,114.050003,115.260002,114.050003,115.061045,531800
PVH,20150721,114.519997,115.629997,113.440002,114.241322,391900
PVH,20150720,114.50,114.900002,113.330002,114.391273,560000
PVH,20150717,115.099998,115.540001,113.75,114.051384,440400
PVH,20150716,115.190002,115.910004,113.599998,115.380936,660200
PVH,20150715,115.669998,116.25,114.550003,114.761151,576700
PVH,20150714,116.470001,116.910004,115.650002,115.720825,503900
PVH,20150713,114.50,116.720001,114.440002,116.490561,760300
PVH,20150710,114.00,114.080002,112.57,113.561552,1008900
PVH,20150709,114.00,115.559998,112.809998,112.821805,740900
PVH,20150708,115.300003,115.529999,112.540001,112.841795,728900
PVH,20150707,115.910004,116.18,112.75,115.700827,975300
PVH,20150706,116.790001,117.910004,115.050003,115.870776,944200
PVH,20150702,117.50,118.269997,116.790001,117.770127,923600
PVH,20150701,116.139999,117.57,113.709999,117.20032,972900
PVH,20150630,113.93,115.82,113.400002,115.161009,1283200
PVH,20150629,114.589996,115.550003,112.830002,112.941767,746600
PVH,20150626,116.50,117.50,115.300003,115.460911,1862400
PVH,20150625,114.379997,117.110001,114.370003,116.210657,1043000
PVH,20150624,114.800003,115.019997,113.629997,113.651526,385800
PVH,20150623,114.480003,115.169998,114.190002,114.821128,448000
PVH,20150622,115.32,115.32,113.809998,114.601201,687400
PVH,20150619,113.389999,115.099998,112.839996,114.561214,1178600
PVH,20150618,113.169998,114.199997,113.169998,113.151695,763700
PVH,20150617,112.900002,113.370003,111.050003,112.881782,743800
PVH,20150616,111.510002,113.470001,110.589996,112.891781,1176500
PVH,20150615,112.080002,112.410004,110.650002,111.132374,909400
PVH,20150612,112.400002,113.010002,111.650002,112.711841,692800
PVH,20150611,114.269997,114.860001,111.50,112.471925,1473300
PVH,20150610,116.32,116.32,113.970001,113.95142,898400
PVH,20150609,116.040001,116.360001,114.290001,115.480901,665000
PVH,20150608,114.279999,116.379997,114.110001,115.650849,958100
PVH,20150605,115.720001,115.809998,113.830002,114.391273,810600
PVH,20150604,114.32,116.910004,113.709999,115.540885,1389900
PVH,20150603,112.690002,115.900002,112.470001,115.390935,1993800
PVH,20150602,108.620003,114.300003,108.620003,112.052061,4506800
PVH,20150601,104.540001,105.720001,103.900002,104.644573,1459700
PVH,20150529,105.050003,105.410004,104.18,104.604586,963100
PVH,20150528,103.410004,105.980003,103.410004,104.934476,692700
PVH,20150527,103.989998,105.610001,103.389999,103.864838,815300
PVH,20150526,105.68,106.120003,103.910004,104.084765,977800
PVH,20150522,105.760002,106.57,104.75,106.104078,521600
PVH,20150521,104.580002,105.870003,104.419998,105.784186,461100
PVH,20150520,104.830002,105.540001,104.260002,104.88449,493400
PVH,20150519,105.309998,105.800003,103.540001,104.51462,879300
PVH,20150518,105.169998,105.970001,104.419998,105.476295,601900
PVH,20150515,103.25,105.290001,103.040001,104.836742,765400
PVH,20150514,103.529999,103.739998,102.120003,102.948055,935200
PVH,20150513,104.400002,104.510002,102.540001,102.948055,1019600
PVH,20150512,104.989998,106.449997,104.410004,104.367069,645300
PVH,20150511,105.870003,106.220001,105.169998,105.616196,493500
PVH,20150508,106.389999,107.150002,105.910004,105.985933,579200
PVH,20150507,105.059998,105.629997,103.93,105.426326,563600
PVH,20150506,105.699997,105.699997,103.779999,104.926676,899500
PVH,20150505,105.940002,106.220001,105.169998,105.636179,746900
PVH,20150504,104.150002,105.779999,104.07,105.576223,821400
PVH,20150501,103.980003,104.349998,102.900002,103.81745,1302000
PVH,20150430,102.910004,104.080002,102.519997,103.277826,819100
PVH,20150429,102.910004,103.620003,102.300003,102.818148,687100
PVH,20150428,103.510002,104.419998,103.139999,103.167902,581700
PVH,20150427,104.720001,105.410004,103.910004,103.957352,718500
PVH,20150424,105.68,106.010002,104.190002,104.357074,492500
PVH,20150423,103.309998,106.129997,102.93,105.216474,908700
PVH,20150422,103.82,103.970001,103.260002,103.257844,640500
PVH,20150421,103.860001,104.480003,103.57,103.647571,678800
PVH,20150420,104.620003,104.620003,103.389999,103.677548,1260200
PVH,20150417,106.120003,106.199997,103.480003,103.667553,1771300
PVH,20150416,108.75,109.980003,107.489998,107.564831,800100
PVH,20150415,110.00,110.279999,108.690002,108.843936,1001100
PVH,20150414,108.82,109.889999,108.589996,109.673359,1296900
PVH,20150413,110.230003,110.230003,108.550003,108.813958,942100
PVH,20150410,110.970001,111.309998,109.690002,110.302916,955100
PVH,20150409,111.080002,111.980003,110.50,110.952463,969500
PVH,20150408,111.220001,111.449997,110.32,110.67266,1228100
PVH,20150407,109.269997,111.230003,109.040001,110.972454,1217700
PVH,20150406,106.779999,109.860001,106.669998,109.273636,1272700
PVH,20150402,107.50,108.860001,106.870003,107.394952,1488500
PVH,20150401,106.68,107.449997,105.709999,107.325001,1391700
PVH,20150331,104.870003,107.690002,104.580002,106.485584,1402700
PVH,20150330,104.699997,106.309998,104.110001,105.286425,999600
PVH,20150327,105.57,105.589996,102.199997,103.83744,2164400
PVH,20150326,104.669998,107.110001,102.169998,104.48698,3666100
PVH,20150325,103.519997,105.209999,103.169998,103.957352,2617600
PVH,20150324,104.040001,104.239998,102.82,103.507669,1162400
PVH,20150323,102.580002,105.279999,102.510002,103.697531,1492600
PVH,20150320,101.690002,102.959999,101.690002,102.368466,1298600
PVH,20150319,101.120003,101.989998,100.559998,101.559026,1455700
PVH,20150318,98.00,102.019997,97.940002,101.089361,2074700
PVH,20150317,94.150002,98.419998,93.800003,98.221362,2557800
PVH,20150316,97.440002,98.699997,94.050003,94.284111,2716300
PVH,20150313,97.489998,98.699997,96.879997,97.232056,1518600
PVH,20150312,97.18,98.93,96.510002,97.791662,2168600
PVH,20150311,100.260002,100.919998,96.470001,96.91228,1954200
PVH,20150310,101.650002,101.650002,99.459999,99.860216,2105500
PVH,20150309,102.760002,102.970001,101.879997,102.638274,1234300
PVH,20150306,105.139999,105.550003,102.400002,102.658264,1582600
PVH,20150305,106.139999,106.360001,105.290001,105.396349,682800
PVH,20150304,105.639999,106.480003,105.139999,105.686147,1040700
PVH,20150303,104.50,106.239998,104.25,105.756098,2060100
PVH,20150302,106.07,108.199997,106.010002,106.665458,1359900
PVH,20150227,108.00,108.440002,106.449997,106.455606,1572300
PVH,20150226,111.040001,111.959999,107.669998,107.904598,1331500
PVH,20150225,111.610001,111.93,110.709999,110.902503,1481400
PVH,20150224,110.800003,112.129997,110.75,111.602011,1419400
PVH,20150223,110.269997,110.849998,109.889999,110.734617,1229900
PVH,20150220,108.440002,110.230003,107.610001,109.885504,981500
PVH,20150219,107.339996,109.989998,107.209999,108.407041,1302200
PVH,20150218,106.150002,107.470001,105.93,107.158342,1091500
PVH,20150217,105.959999,107.279999,104.669998,106.638886,925100
PVH,20150213,106.07,106.690002,105.870003,106.429106,1142800
PVH,20150212,104.800003,105.75,104.480003,105.300285,619500
PVH,20150211,102.730003,104.550003,102.010002,104.251375,1008700
PVH,20150210,103.610001,104.559998,101.739998,102.403302,1485900
PVH,20150209,107.00,107.089996,102.00,103.082594,3332900
PVH,20150206,109.00,109.910004,107.910004,108.476968,928000
PVH,20150205,106.639999,109.410004,106.639999,108.476968,942600
PVH,20150204,112.07,112.07,106.190002,106.848667,2629400
PVH,20150203,111.800003,113.839996,111.519997,113.621609,897200
PVH,20150202,110.449997,111.449997,109.050003,111.274056,845300
PVH,20150130,111.989998,113.419998,110.129997,110.145235,995600
PVH,20150129,112.129997,113.919998,111.610001,112.822446,689400
PVH,20150128,113.00,113.580002,111.580002,111.50382,796100
PVH,20150127,109.849998,113.370003,109.00,112.562714,1867700
PVH,20150126,111.730003,112.099998,110.639999,110.814536,1745700
PVH,20150123,113.800003,114.169998,111.910004,111.893414,798400
PVH,20150122,112.529999,114.230003,112.209999,113.551682,1019300
PVH,20150121,110.75,112.269997,110.190002,111.573747,875400
PVH,20150120,111.580002,112.769997,109.82,110.814536,1218600
PVH,20150116,110.190002,111.559998,109.699997,111.304024,967000
PVH,20150115,114.699997,114.830002,110.699997,110.734617,1436800
PVH,20150114,116.349998,117.18,114.169998,114.600592,1199700
PVH,20150113,118.00,119.379997,116.440002,117.837217,825800
PVH,20150112,118.00,118.25,116.830002,117.617445,586800
PVH,20150109,118.940002,118.940002,117.529999,117.757299,667700
PVH,20150108,120.50,122.139999,117.82,118.966038,1037200
PVH,20150107,118.449997,120.419998,118.010002,119.845127,1093600
PVH,20150106,119.559998,119.800003,114.739998,116.858242,2785100
PVH,20150105,125.099998,125.330002,121.309998,121.78311,1166800
PVH,20150102,128.889999,129.029999,125.620003,126.208492,733000
PVH,20141231,127.900002,129.169998,127.230003,128.036589,594400
PVH,20141230,128.360001,128.669998,126.949997,127.227435,613200
PVH,20141229,125.830002,128.649994,125.559998,128.006622,694800
PVH,20141226,125.980003,126.93,125.660004,125.948768,246400
PVH,20141224,126.43,126.449997,125.379997,125.309435,232500
PVH,20141223,124.760002,127.160004,124.510002,126.248451,753700
PVH,20141222,123.260002,124.169998,122.690002,123.850956,435700
PVH,20141219,125.589996,125.589996,122.110001,122.78207,853900
PVH,20141218,124.860001,124.940002,123.139999,124.750013,943200
PVH,20141217,122.489998,123.959999,120.699997,123.691118,856600
PVH,20141216,125.940002,125.940002,121.610001,121.563338,1172300
PVH,20141215,127.339996,127.919998,126.089996,126.268435,1147700
PVH,20141212,125.099998,127.730003,124.699997,126.897776,1511000
PVH,20141211,123.849998,126.099998,123.690002,125.429305,1301700
PVH,20141210,122.400002,123.43,121.650002,122.552306,1219500
PVH,20141209,119.699997,123.330002,119.150002,122.272598,1318300
PVH,20141208,122.379997,123.980003,121.25,121.363542,1042800
PVH,20141205,122.510002,123.599998,121.50,122.642208,1439600
PVH,20141204,121.449997,125.480003,120.610001,122.552306,1989900
PVH,20141203,121.900002,124.400002,121.580002,124.270517,1632700
PVH,20141202,121.699997,122.650002,121.480003,121.6932,918000
PVH,20141201,126.239998,126.32,121.910004,121.962916,1111800
PVH,20141128,124.989998,127.43,124.760002,127.007662,661700
PVH,20141126,125.00,126.129997,123.980003,124.360419,606400
PVH,20141125,124.169998,125.629997,122.68,125.019736,1258600
PVH,20141124,123.099998,124.360001,122.760002,123.641167,859100
PVH,20141121,123.910004,124.589996,121.809998,122.322542,1025900
PVH,20141120,122.830002,124.660004,121.900002,122.871972,1082600
PVH,20141119,121.860001,123.809998,121.650002,122.941899,731800
PVH,20141118,121.57,122.349998,120.360001,121.663233,730500
PVH,20141117,119.339996,121.879997,118.739998,120.985938,908800
PVH,20141114,119.18,120.040001,118.669998,118.888783,833500
PVH,20141113,117.900002,118.940002,117.279999,118.639122,629500
PVH,20141112,116.879997,119.790001,116.629997,118.918742,1129200
PVH,20141111,116.339996,116.93,115.660004,116.621853,671000
PVH,20141110,117.68,118.00,115.790001,115.922804,851500
PVH,20141107,117.230003,118.419998,116.50,118.029947,673000
PVH,20141106,113.610001,117.639999,113.160004,117.251005,707100
PVH,20141105,113.019997,113.989998,112.099998,113.196498,576900
PVH,20141104,114.190002,114.339996,112.540001,112.477472,612500
PVH,20141103,114.739998,115.839996,114.139999,114.714444,764900
PVH,20141031,116.07,116.089996,113.57,114.195144,689000
PVH,20141030,113.839996,115.650002,113.650002,114.594604,630100
PVH,20141029,114.889999,116.709999,113.610001,114.065322,843000
PVH,20141028,115.519997,115.730003,114.150002,115.223748,582500
PVH,20141027,116.769997,116.980003,114.870003,115.892846,476400
PVH,20141024,114.00,117.709999,113.440002,116.841557,1652200
PVH,20141023,115.75,115.940002,113.720001,113.835631,810300
PVH,20141022,115.449997,116.940002,114.459999,114.344942,636700
PVH,20141021,112.190002,115.970001,112.169998,115.413493,828000
PVH,20141020,110.190002,111.800003,109.290001,111.478826,832900
PVH,20141017,112.440002,112.480003,110.32,110.60002,1150000
PVH,20141016,110.970001,113.870003,109.660004,111.838339,1236500
PVH,20141015,111.080002,113.110001,109.440002,112.667217,1145100
PVH,20141014,114.00,114.910004,112.209999,112.337662,909700
PVH,20141013,115.489998,116.050003,113.540001,113.566,1032500
PVH,20141010,115.459999,116.099998,113.260002,115.673143,1190200
PVH,20141009,120.169998,120.839996,115.339996,115.303641,1095500
PVH,20141008,120.389999,121.459999,118.449997,119.937357,1479600
PVH,20141007,119.790001,120.870003,118.959999,120.007262,883800
PVH,20141006,121.629997,122.139999,120.040001,119.957334,488400
PVH,20141003,122.559998,123.559998,121.330002,121.335463,780900
PVH,20141002,120.199997,122.190002,119.400002,121.764881,575400
PVH,20141001,121.220001,121.550003,119.43,120.077167,625200
PVH,20140930,122.25,122.790001,120.349998,120.985938,681300
PVH,20140929,121.870003,123.160004,121.779999,122.114405,523200
PVH,20140926,123.190002,123.949997,122.230003,122.813462,503000
PVH,20140925,123.169998,123.699997,121.919998,122.18431,706600
PVH,20140924,122.779999,123.760002,121.809998,123.53248,710200
PVH,20140923,123.739998,124.690002,122.760002,122.643686,427400
PVH,20140922,125.169998,125.480003,122.870003,123.752184,568300
PVH,20140919,127.889999,127.989998,125.610001,125.809399,568900
PVH,20140918,127.099998,127.370003,126.220001,126.987801,511800
PVH,20140917,127.00,127.769997,126.150002,126.648258,484500
PVH,20140916,125.510002,126.870003,124.230003,126.258787,530700
PVH,20140915,126.440002,127.00,125.099998,125.809399,603700
PVH,20140912,126.300003,127.00,125.379997,126.598322,883900
PVH,20140911,126.379997,126.989998,125.440002,125.67957,540600
PVH,20140910,126.169998,126.849998,125.099998,126.378627,898700
PVH,20140909,127.660004,127.940002,125.860001,126.698193,979700
PVH,20140908,128.00,128.820007,127.040001,127.596968,775400
PVH,20140905,126.849998,129.369995,126.230003,127.886576,1736500
PVH,20140904,126.540001,130.00,126.489998,128.20615,4050000
PVH,20140903,116.93,117.300003,116.029999,116.971378,1443200
PVH,20140902,116.970001,117.550003,115.07,116.172466,957200
PVH,20140829,117.75,118.00,116.110001,116.581907,416500
PVH,20140828,117.50,117.519997,116.269997,117.300933,760900
PVH,20140827,117.959999,118.290001,116.879997,118.099852,915600
PVH,20140826,117.800003,119.290001,117.550003,118.259632,1234900
PVH,20140825,118.00,118.360001,117.040001,117.822221,756500
PVH,20140822,114.160004,117.720001,114.160004,117.382963,1255800
PVH,20140821,115.769997,116.00,113.970001,113.848894,697500
PVH,20140820,113.480003,115.860001,113.260002,115.575991,976000
PVH,20140819,112.510002,114.459999,112.510002,113.459549,1186700
PVH,20140818,111.269997,112.839996,111.230003,112.351408,841100
PVH,20140815,112.900002,112.959999,110.00,110.314826,855200
PVH,20140814,112.099998,113.07,112.010002,112.47121,730200
PVH,20140813,113.75,113.75,111.510002,112.001996,1243100
PVH,20140812,115.110001,116.699997,114.169998,114.078505,833500
PVH,20140811,114.889999,116.260002,114.639999,114.957035,1510800
PVH,20140808,109.769997,114.540001,109.50,114.23824,1342300
PVH,20140807,111.290001,111.290001,109.410004,109.356435,634800
PVH,20140806,108.190002,110.610001,108.190002,110.284877,936300
PVH,20140805,107.550003,110.099998,107.050003,109.096869,769500
PVH,20140804,108.00,108.470001,107.349998,107.689236,989800
PVH,20140801,110.129997,110.940002,107.50,107.80903,1462900
PVH,20140731,112.339996,112.650002,110.099998,109.995362,722200
PVH,20140730,112.940002,113.32,112.050003,113.00032,752100
PVH,20140729,113.75,114.129997,112.279999,112.111812,603600
PVH,20140728,112.959999,114.599998,112.959999,113.639247,798300
PVH,20140725,113.620003,114.489998,113.150002,113.160048,569900
PVH,20140724,112.32,114.339996,112.169998,113.878843,927600
PVH,20140723,110.879997,112.029999,110.330002,111.632613,544200
PVH,20140722,110.440002,111.18,110.190002,110.614326,499500
PVH,20140721,110.50,111.089996,110.110001,109.985377,532000
PVH,20140718,110.68,111.139999,110.190002,110.664238,631900
PVH,20140717,109.959999,111.50,109.50,110.274892,994200
PVH,20140716,112.029999,112.519997,110.169998,110.135127,1084100
PVH,20140715,111.970001,112.940002,111.209999,111.532783,895900
PVH,20140714,112.730003,114.089996,112.300003,112.47121,957700
PVH,20140711,114.989998,115.010002,111.959999,111.982025,1811100
PVH,20140710,116.269997,116.540001,114.849998,114.707454,827400
PVH,20140709,117.290001,117.580002,116.599998,116.913749,1043600
PVH,20140708,117.809998,117.910004,116.43,116.494455,661200
PVH,20140707,119.379997,119.620003,117.730003,117.792272,737200
PVH,20140703,118.309998,119.650002,118.139999,119.399575,790900
PVH,20140702,117.18,118.50,117.019997,117.682456,609200
PVH,20140701,117.25,118.080002,116.919998,117.512742,637800
PVH,20140630,117.230003,117.559998,115.709999,116.404602,1555400
PVH,20140627,116.639999,118.209999,116.589996,117.303095,696800
PVH,20140626,116.019997,117.540001,115.610001,116.35469,1413400
PVH,20140625,114.57,116.349998,114.120003,116.025242,673800
PVH,20140624,114.620003,115.660004,113.989998,113.848894,1445700
PVH,20140623,114.980003,115.349998,114.25,114.507784,878100
PVH,20140620,116.230003,116.709999,114.809998,114.996969,1085100
PVH,20140619,117.00,117.300003,115.839996,115.975322,755800
PVH,20140618,116.809998,117.559998,115.900002,116.833882,829500
PVH,20140617,116.269997,116.849998,116.010002,116.444536,846400
PVH,20140616,116.089996,117.00,115.900002,116.404602,855300
PVH,20140613,117.019997,117.480003,115.93,116.304771,1386500
PVH,20140612,118.410004,118.779999,116.580002,116.923735,1210300
PVH,20140611,120.25,120.489998,118.379997,118.351339,1126800
PVH,20140610,121.050003,121.510002,119.93,119.868788,1102400
PVH,20140609,119.68,122.379997,119.559998,121.366275,1850900
PVH,20140606,120.099998,120.620003,119.110001,119.479442,1741000
PVH,20140605,121.839996,123.389999,119.57,119.888751,5432000
PVH,20140604,129.850006,130.940002,127.879997,130.461001,2128600
PVH,20140603,131.080002,132.339996,130.020004,130.111597,1116700
PVH,20140602,131.75,131.910004,130.649994,131.119899,871900
PVH,20140530,132.039993,132.529999,131.160004,131.409421,579400
PVH,20140529,131.00,132.059998,130.720001,131.808745,553200
PVH,20140528,132.75,132.75,130.119995,130.730553,949800
PVH,20140527,132.070007,132.949997,131.669998,132.627378,692500
PVH,20140523,131.509995,131.649994,130.710007,131.259664,453000
PVH,20140522,130.860001,132.199997,130.149994,130.950186,542100
PVH,20140521,131.059998,131.550003,129.919998,131.209744,528500
PVH,20140520,133.00,133.350006,130.25,130.25335,681400
PVH,20140519,132.740005,133.720001,132.199997,133.397164,697500
PVH,20140516,130.970001,133.119995,130.559998,132.788363,917600
PVH,20140515,131.649994,131.699997,129.720001,130.343184,767900
PVH,20140514,132.25,132.970001,131.429993,131.630641,770300
PVH,20140513,132.970001,133.889999,132.050003,132.379166,604400
PVH,20140512,130.949997,133.119995,130.350006,132.618699,809000
PVH,20140509,127.68,130.449997,127.370003,129.993866,776500
PVH,20140508,127.580002,130.660004,126.830002,129.255316,1919500
PVH,20140507,127.080002,127.50,124.949997,127.129507,781700
PVH,20140506,127.690002,128.220001,126.599998,126.41093,918700
PVH,20140505,127.43,128.25,125.839996,127.90798,707000
PVH,20140502,126.889999,128.699997,126.300003,127.96786,1092900
PVH,20140501,125.470001,127.040001,125.080002,126.351043,739600
PVH,20140430,125.449997,125.860001,123.779999,125.323069,753900
PVH,20140429,124.239998,125.540001,123.480003,125.183345,819600
PVH,20140428,122.910004,125.379997,122.370003,124.015648,1166500
PVH,20140425,121.459999,122.860001,121.190002,121.999616,901100
PVH,20140424,121.769997,121.940002,120.050003,120.712152,762400
PVH,20140423,121.589996,122.669998,121.010002,120.811961,559300
PVH,20140422,121.720001,122.300003,120.489998,121.241116,603500
PVH,20140421,122.75,122.870003,121.160004,121.151289,638400
PVH,20140417,123.879997,124.650002,122.540001,122.348926,616600
PVH,20140416,122.93,124.059998,122.300003,123.806062,871300
PVH,20140415,122.50,123.459999,120.989998,121.710185,729000
PVH,20140414,122.279999,123.25,121.339996,122.099418,639400
PVH,20140411,122.690002,123.580002,121.639999,121.470659,1761400
PVH,20140410,125.50,126.260002,123.379997,123.446769,1267900
PVH,20140409,123.529999,125.449997,123.519997,124.933837,1283000
PVH,20140408,122.50,123.690002,122.220001,123.247158,1336000
PVH,20140407,124.470001,125.019997,122.330002,122.328969,1289000
PVH,20140404,126.010002,126.470001,123.809998,124.724251,1925700
PVH,20140403,126.459999,126.849998,124.120003,124.285113,1191400
PVH,20140402,125.82,126.709999,125.099998,125.482758,931900
PVH,20140401,126.169998,127.169998,125.389999,125.672379,1264400
PVH,20140331,123.870003,125.239998,123.18,124.524639,1794100
PVH,20140328,124.099998,124.129997,122.779999,123.566528,1151600
PVH,20140327,122.589996,125.25,121.889999,122.837968,2847900
PVH,20140326,125.059998,125.889999,120.730003,121.191211,4693100
PVH,20140325,119.290001,119.769997,116.43,117.019431,2330500
PVH,20140324,114.230003,120.459999,114.230003,119.05542,1150300
PVH,20140321,120.07,120.50,118.519997,119.644256,1416600
PVH,20140320,117.940002,119.459999,117.730003,118.885756,718600
PVH,20140319,119.269997,119.730003,117.589996,118.217068,820200
PVH,20140318,118.290001,120.440002,117.760002,118.825869,1094100
PVH,20140317,115.660004,116.529999,114.57,116.101242,2076000
PVH,20140314,114.629997,116.75,114.099998,114.813777,1741300
PVH,20140313,118.949997,119.970001,115.019997,114.813777,3604700
PVH,20140312,122.489998,123.209999,121.419998,121.800012,997000
PVH,20140311,125.00,125.199997,122.43,122.498633,1021600
PVH,20140310,126.300003,126.720001,124.160004,124.46476,732300
PVH,20140307,126.110001,127.25,125.660004,126.051637,883200
PVH,20140306,125.730003,126.360001,125.139999,125.602517,502200
PVH,20140305,126.360001,126.720001,124.989998,125.422871,559600
PVH,20140304,126.25,127.050003,126.050003,126.091552,593100
PVH,20140303,125.220001,126.110001,124.510002,124.75419,710500
PVH,20140228,125.989998,126.760002,125.410004,126.181379,676800
PVH,20140227,125.68,126.57,125.279999,125.96181,793300
PVH,20140226,126.290001,126.790001,125.110001,125.502716,1084600
PVH,20140225,122.989998,127.050003,122.980003,125.273165,2018300
PVH,20140224,122.00,124.209999,121.040001,122.93777,1331600
PVH,20140221,118.089996,122.629997,118.089996,120.963658,1928800
PVH,20140220,118.07,118.830002,117.160004,117.820836,862600
PVH,20140219,117.57,118.839996,117.209999,117.930586,842200
PVH,20140218,118.50,119.330002,116.989998,117.312004,1105000
PVH,20140214,119.00,119.43,117.870003,117.980475,936300
PVH,20140213,117.400002,120.150002,116.900002,119.187716,982500
PVH,20140212,120.809998,121.580002,117.199997,117.272094,1415700
PVH,20140211,120.800003,121.190002,119.059998,120.045757,1468000
PVH,20140210,121.629997,122.07,119.089996,120.504707,878300
PVH,20140207,121.580002,123.769997,121.410004,121.582247,900900
PVH,20140206,117.339996,121.480003,117.040001,120.424888,1051200
PVH,20140205,116.720001,117.589996,114.790001,116.882984,1236800
PVH,20140204,117.080002,119.029999,116.449997,116.453963,826500
PVH,20140203,120.639999,120.650002,115.629997,116.324255,1534600
PVH,20140131,119.809998,121.230003,119.699997,120.594506,773300
PVH,20140130,121.739998,122.389999,121.25,121.173178,929300
PVH,20140129,121.07,122.279999,119.809998,120.225347,1404900
PVH,20140128,121.019997,123.00,120.800003,121.951407,749200
PVH,20140127,120.910004,122.230003,120.730003,120.883846,980700
PVH,20140124,120.589996,122.190002,120.550003,120.534638,961200
PVH,20140123,122.150002,122.540001,120.25,121.113317,1043900
PVH,20140122,122.040001,123.449997,121.260002,122.629857,683700
PVH,20140121,123.879997,124.540001,122.080002,121.921469,867600
PVH,20140117,125.57,126.139999,123.610001,123.517828,784300
PVH,20140116,126.18,126.300003,124.040001,124.85477,1058600
PVH,20140115,125.989998,127.139999,125.269997,126.590802,1262700
PVH,20140114,129.610001,130.220001,126.150002,126.211671,1714800
PVH,20140113,132.00,132.699997,129.410004,129.254722,1100200
PVH,20140110,133.00,133.470001,130.979996,131.828843,1038600
PVH,20140109,133.050003,133.600006,131.669998,132.716814,883800
PVH,20140108,135.289993,135.570007,131.770004,131.998454,956900
PVH,20140107,136.119995,136.449997,134.360001,134.762145,378400
PVH,20140106,137.600006,137.990005,135.169998,135.041505,834600
PVH,20140103,136.589996,138.940002,136.449997,137.30632,616100
PVH,20140102,135.759995,137.660004,135.490005,136.268698,817700
PVH,20131231,134.729996,136.309998,134.440002,135.709976,437600
PVH,20131230,134.380005,135.089996,133.539993,134.383006,349500
PVH,20131227,134.789993,135.529999,134.059998,134.193437,321000
PVH,20131226,134.419998,136.320007,134.020004,134.662367,352300
PVH,20131224,134.449997,134.949997,133.50,134.133576,209500
PVH,20131223,132.00,134.720001,132.00,134.083687,810200
PVH,20131220,131.669998,131.789993,130.75,130.581692,1031500
PVH,20131219,132.529999,134.649994,130.899994,130.681455,1070500
PVH,20131218,131.070007,132.740005,130.00,132.327704,832800
PVH,20131217,130.800003,132.309998,130.389999,131.110483,1006000
PVH,20131216,130.660004,131.419998,129.820007,130.182595,1247800
PVH,20131213,128.389999,129.169998,126.970001,128.765833,743000
PVH,20131212,130.00,130.160004,127.93,127.708252,1243000
PVH,20131211,132.149994,133.910004,130.410004,130.392123,1240300
PVH,20131210,125.720001,134.330002,125.720001,131.569426,2673500
PVH,20131209,130.210007,130.699997,127.279999,127.139551,1862300
PVH,20131206,132.570007,132.720001,129.429993,129.813443,1072900
PVH,20131205,129.779999,131.589996,129.779999,130.461956,589000
PVH,20131204,132.00,132.860001,130.470001,131.808885,611300
PVH,20131203,131.529999,133.350006,131.199997,131.619315,577600
PVH,20131202,133.669998,133.759995,131.259995,131.699135,699100
PVH,20131129,134.710007,135.190002,133.149994,133.614757,243600
PVH,20131127,134.380005,135.429993,133.580002,134.532658,326900
PVH,20131126,133.199997,135.259995,133.00,134.183465,693600
PVH,20131125,132.529999,133.740005,131.949997,132.497314,718300
PVH,20131122,131.630005,132.990005,131.169998,131.709107,695800
PVH,20131121,131.320007,131.610001,130.820007,130.970803,393100
PVH,20131120,132.850006,132.850006,130.100006,130.412082,512200
PVH,20131119,131.699997,133.059998,131.25,131.409803,320400
PVH,20131118,133.570007,134.149994,131.470001,131.729065,583500
PVH,20131115,133.50,133.779999,131.940002,132.709829,488400
PVH,20131114,132.740005,133.830002,131.470001,133.088847,668700
PVH,20131113,128.320007,133.589996,127.489998,132.560203,1470900
PVH,20131112,126.989998,127.449997,125.760002,126.864811,465800
PVH,20131111,125.919998,127.110001,125.50,126.485777,380600
PVH,20131108,124.459999,125.650002,124.410004,125.24895,373600
PVH,20131107,126.949997,127.290001,124.449997,124.321327,492000
PVH,20131106,125.940002,126.540001,124.900002,125.747671,607000
PVH,20131105,125.540001,125.639999,124.68,124.520813,492700
PVH,20131104,125.230003,126.07,124.959999,125.358669,398300
PVH,20131101,124.839996,125.709999,124.029999,124.211608,511100
PVH,20131031,124.400002,125.370003,123.519997,124.251506,638700
PVH,20131030,123.660004,127.160004,123.400002,124.431047,1116600
PVH,20131029,121.410004,123.339996,120.800003,122.914936,852200
PVH,20131028,118.550003,121.720001,118.32,120.580915,822400
PVH,20131025,119.529999,119.870003,118.389999,118.246901,865000
PVH,20131024,121.360001,122.389999,118.900002,118.745623,1279000
PVH,20131023,122.510002,122.970001,121.019997,121.049714,814700
PVH,20131022,123.089996,124.620003,122.510002,122.635646,969400
PVH,20131021,122.669998,123.190002,121.970001,122.835139,1001000
PVH,20131018,121.050003,122.550003,120.660004,122.107002,813700
PVH,20131017,120.110001,121.199997,119.900002,119.892677,480400
PVH,20131016,119.529999,122.349998,119.330002,120.53104,1005900
PVH,20131015,118.910004,119.410004,117.440002,118.825413,866900
PVH,20131014,118.739998,119.230003,117.580002,118.735646,418800
PVH,20131011,119.589996,119.989998,118.209999,118.615951,517500
PVH,20131010,119.379997,120.050003,118.769997,119.573495,653900
PVH,20131009,117.699997,118.529999,115.629997,117.668382,969300
PVH,20131008,121.580002,121.849998,117.599998,117.3891,1265000
PVH,20131007,123.059998,123.150002,121.519997,121.418771,893600
PVH,20131004,122.690002,124.260002,121.330002,123.633089,1469400
PVH,20131003,121.190002,125.790001,120.209999,122.376316,3002900
PVH,20131002,115.169998,117.629997,114.519997,117.249458,1436900
PVH,20131001,118.360001,118.860001,115.120003,114.915437,1702000
PVH,20130930,117.440002,119.269997,116.639999,118.386543,1076600
PVH,20130927,119.559998,119.559998,116.910004,118.207003,1489100
PVH,20130926,120.18,121.330002,119.370003,119.503674,889900
PVH,20130925,122.879997,123.230003,119.419998,119.44383,1386300
PVH,20130924,122.25,124.059998,121.410004,122.785264,1423200
PVH,20130923,123.989998,124.360001,121.330002,122.25662,1135200
PVH,20130920,127.00,127.029999,125.029999,124.770174,817000
PVH,20130919,126.529999,128.009995,126.389999,126.675294,719500
PVH,20130918,122.93,126.730003,122.769997,126.116728,810500
PVH,20130917,123.919998,124.57,122.43,122.396261,978700
PVH,20130916,125.529999,125.919998,123.510002,123.423627,771200
PVH,20130913,124.349998,124.940002,123.760002,124.131811,682600
PVH,20130912,122.510002,123.830002,121.07,123.44358,1163300
PVH,20130911,124.440002,124.739998,121.150002,122.486035,1906000
PVH,20130910,127.040001,128.00,122.769997,124.34128,4137000
PVH,20130909,130.300003,132.289993,129.279999,131.77223,1211200
PVH,20130906,129.899994,130.949997,127.629997,129.637702,851200
PVH,20130905,130.759995,131.00,128.960007,128.969416,791600
PVH,20130904,129.270004,131.100006,129.160004,130.176314,651400
PVH,20130903,130.410004,130.910004,128.600006,129.009307,309600
PVH,20130830,129.009995,129.440002,127.959999,128.42082,375900
PVH,20130829,127.169998,129.449997,127.110001,128.600352,338700
PVH,20130828,127.82,128.570007,126.629997,127.084249,358900
PVH,20130827,127.57,130.059998,127.529999,127.682706,613900
PVH,20130826,130.289993,130.720001,129.089996,128.98937,575200
PVH,20130823,130.889999,131.00,129.119995,130.099523,534400
PVH,20130822,130.520004,131.00,129.710007,130.498381,508300
PVH,20130821,129.020004,131.190002,128.800003,129.890113,749100
PVH,20130820,125.910004,130.259995,125.620003,129.022588,566600
PVH,20130819,126.610001,128.089996,125.709999,125.462726,444600
PVH,20130816,126.309998,128.009995,126.199997,126.689236,527700
PVH,20130815,127.580002,128.559998,125.949997,126.459886,589600
PVH,20130814,131.789993,132.589996,128.550003,128.214891,809000
PVH,20130813,132.410004,133.360001,131.210007,131.555369,549900
PVH,20130812,130.050003,133.600006,129.559998,132.253393,486000
PVH,20130809,129.720001,131.130005,129.050003,129.66077,316900
PVH,20130808,131.020004,131.360001,129.690002,129.451375,516000
PVH,20130807,130.440002,132.410004,128.720001,129.640823,873200
PVH,20130806,134.050003,134.050003,131.00,132.133724,628000
PVH,20130805,133.289993,134.570007,131.960007,133.350261,579000
PVH,20130802,134.100006,134.979996,132.309998,133.22064,479300
PVH,20130801,133.509995,134.759995,133.179993,134.00839,530800
PVH,20130731,132.919998,133.660004,131.710007,131.415767,459200
PVH,20130730,132.360001,133.339996,131.380005,131.774745,315400
PVH,20130729,132.25,132.869995,131.559998,131.585298,412000
PVH,20130726,131.169998,132.259995,131.00,131.784727,423100
PVH,20130725,130.919998,133.270004,130.479996,132.024035,773100
PVH,20130724,131.169998,131.990005,130.720001,130.827446,991800
PVH,20130723,130.25,131.059998,128.690002,130.56819,718200
PVH,20130722,129.460007,130.529999,129.460007,129.630857,664700
PVH,20130719,129.380005,129.919998,128.100006,129.281844,431900
PVH,20130718,127.550003,129.679993,127.370003,129.042536,426300
PVH,20130717,128.570007,128.940002,126.889999,126.958466,611200
PVH,20130716,130.570007,130.75,127.550003,127.676415,824200
PVH,20130715,131.419998,132.039993,130.259995,130.239125,681000
PVH,20130712,131.429993,132.179993,130.070007,130.807499,670600
PVH,20130711,133.619995,133.740005,130.820007,131.10665,849400
PVH,20130710,130.639999,132.070007,130.149994,131.56535,682400
PVH,20130709,129.00,130.949997,128.550003,130.488415,710700
PVH,20130708,127.50,128.50,127.07,127.915739,509900
PVH,20130705,126.709999,127.279999,125.82,126.499773,422400
PVH,20130703,124.309998,126.629997,124.089996,125.682102,266300
PVH,20130702,126.57,127.809998,125.050003,125.223409,653700
PVH,20130701,126.650002,128.580002,126.290001,126.549634,704100
PVH,20130628,124.540001,126.389999,124.239998,124.694915,981600
PVH,20130627,124.300003,125.650002,124.239998,124.655028,616100
PVH,20130626,125.309998,125.900002,123.610001,123.797469,756300
PVH,20130625,122.239998,123.82,121.120003,123.069539,893900
PVH,20130624,121.00,122.559998,118.50,120.786041,1031900
PVH,20130621,121.230003,121.580002,118.099998,120.656413,1683200
PVH,20130620,123.540001,123.629997,119.510002,119.978343,779100
PVH,20130619,126.129997,126.989998,125.230003,124.874405,702600
PVH,20130618,125.309998,126.269997,124.459999,125.901479,852500
PVH,20130617,123.709999,126.199997,123.559998,124.834517,1209900
PVH,20130614,121.889999,123.870003,120.50,122.929937,1463200
PVH,20130613,121.480003,123.199997,120.25,122.251868,3068600
PVH,20130612,111.720001,112.199997,110.32,110.964012,1373600
PVH,20130611,107.739998,112.199997,107.089996,110.884237,843300
PVH,20130610,113.860001,114.07,112.860001,113.058047,795500
PVH,20130607,113.150002,113.900002,112.489998,113.377138,632100
PVH,20130606,111.330002,112.00,110.120003,111.612168,773900
PVH,20130605,112.379997,113.029999,111.010002,110.864297,451400
PVH,20130604,111.839996,115.059998,111.739998,112.220436,807600
PVH,20130603,115.309998,115.309998,112.489998,113.74609,556400
PVH,20130531,116.00,117.440002,115.190002,114.862913,437100
PVH,20130530,115.290001,116.489998,114.889999,115.650671,369100
PVH,20130529,115.50,116.110001,114.389999,114.9028,376700
PVH,20130528,117.389999,118.510002,115.660004,115.83016,622900
PVH,20130524,115.889999,116.260002,115.209999,115.411347,490800
PVH,20130523,114.910004,118.330002,114.760002,116.57803,874800
PVH,20130522,119.50,120.230003,116.699997,116.647831,424700
PVH,20130521,119.839996,120.419998,119.260002,119.150698,434900
PVH,20130520,119.940002,120.580002,119.190002,118.971209,503700
PVH,20130517,118.190002,120.379997,117.919998,119.901556,673800
PVH,20130516,117.989998,119.150002,117.449997,117.668606,773300
PVH,20130515,119.00,120.190002,117.970001,117.648664,1001900
PVH,20130514,118.099998,120.199997,117.410004,119.034298,864400
PVH,20130513,119.00,119.910004,117.730003,117.967657,461900
PVH,20130510,118.480003,119.68,118.279999,119.044261,580300
PVH,20130509,118.93,119.239998,117.629997,118.017503,799100
PVH,20130508,117.690002,119.239998,117.379997,118.824952,439800
PVH,20130507,116.099998,118.550003,115.68,117.558951,561600
PVH,20130506,115.760002,116.349998,115.00,115.026942,525700
PVH,20130503,115.870003,116.93,115.519997,115.38581,539100
PVH,20130502,115.209999,115.209999,113.449997,114.149714,693800
PVH,20130501,115.459999,116.199997,114.260002,114.688015,796300
PVH,20130430,115.50,116.50,113.610001,115.046883,1411700
PVH,20130429,112.610001,115.949997,112.410004,113.990213,1137700
PVH,20130426,111.209999,111.790001,110.129997,111.248866,834600
PVH,20130425,109.940002,111.459999,109.660004,110.999652,739000
PVH,20130424,109.360001,110.489998,108.900002,109.1156,863100
PVH,20130423,107.510002,109.400002,107.300003,109.015916,896800
PVH,20130422,106.199997,106.959999,105.379997,106.095134,613500
PVH,20130419,104.370003,106.139999,104.18,105.746237,770000
PVH,20130418,105.019997,105.839996,103.300003,103.52325,924000
PVH,20130417,105.970001,106.379997,104.639999,104.42042,1034300
PVH,20130416,105.900002,106.559998,104.010002,106.214759,1150000
PVH,20130415,108.800003,109.290001,104.809998,104.57992,1263500
PVH,20130412,110.860001,110.989998,109.480003,109.384754,752000
PVH,20130411,109.620003,112.75,109.400002,111.079402,1379000
PVH,20130410,108.00,109.470001,107.07,109.065761,888500
PVH,20130409,108.129997,108.129997,106.360001,107.440885,881300
PVH,20130408,107.290001,108.279999,106.519997,107.919378,833000
PVH,20130405,103.519997,108.029999,102.720001,107.440885,1455400
PVH,20130404,105.010002,105.599998,104.029999,104.490199,1522500
PVH,20130403,105.849998,106.150002,104.870003,104.749383,1551700
PVH,20130402,106.900002,107.110001,105.470001,105.606678,1294600
PVH,20130401,106.540001,108.00,104.220001,105.865855,1626900
PVH,20130328,109.279999,110.669998,106.610001,106.473936,4921300
PVH,20130327,112.980003,113.239998,111.620003,112.435124,1623700
PVH,20130326,113.370003,114.07,112.550003,113.581507,943400
PVH,20130325,112.00,113.349998,111.910004,112.84383,984500
PVH,20130322,112.169998,113.269997,111.57,111.50805,860800
PVH,20130321,111.519997,113.169998,111.120003,111.478145,958400
PVH,20130320,114.800003,114.989998,112.269997,112.3484,1343700
PVH,20130319,116.260002,116.260002,113.900002,113.863125,1038500
PVH,20130318,117.540001,117.720001,115.790001,115.656868,1115800
PVH,20130315,118.18,119.690002,117.870003,117.560237,1515000
PVH,20130314,119.32,119.68,118.279999,118.307632,798200
PVH,20130313,118.370003,119.93,117.660004,119.084921,905000
PVH,20130312,118.059998,118.82,116.599998,117.600099,1324300
PVH,20130311,123.209999,123.239998,120.410004,120.499987,1079800
PVH,20130308,124.209999,124.510002,122.459999,122.851791,951900
PVH,20130307,123.089996,124.370003,122.760002,123.649015,880200
PVH,20130306,124.779999,125.50,122.510002,122.293738,826700
PVH,20130305,124.699997,125.440002,123.959999,124.635574,682800
PVH,20130304,121.760002,123.910004,121.629997,123.449705,716700
PVH,20130301,121.489998,122.82,121.129997,121.636027,853000
PVH,20130228,120.419998,122.330002,120.260002,121.426757,1176700
PVH,20130227,119.900002,121.650002,119.290001,120.290718,1116500
PVH,20130226,118.129997,120.019997,116.940002,119.373915,1160700
PVH,20130225,120.040001,120.129997,117.360001,116.952355,1155700
PVH,20130222,118.18,119.059998,117.790001,118.47704,1202400
PVH,20130221,118.300003,118.639999,116.949997,117.390829,1279300
PVH,20130220,121.68,122.00,118.110001,117.978776,956000
PVH,20130219,120.599998,121.220001,119.82,120.719224,1302100
PVH,20130215,120.07,121.43,119.050003,119.682836,1561000
PVH,20130214,119.980003,121.059998,119.400002,119.882146,1457700
PVH,20130213,120.860001,121.720001,119.709999,120.071481,17444200
PVH,20130212,120.07,121.639999,119.220001,120.300685,1251600
PVH,20130211,122.099998,122.260002,118.639999,119.084921,1233600
PVH,20130208,124.029999,124.529999,122.309998,122.044606,698000
PVH,20130207,121.220001,122.970001,119.690002,122.393389,1062500
PVH,20130206,117.730003,122.68,117.43,120.958389,1152200
PVH,20130205,116.769997,117.309998,115.720001,116.005658,917100
PVH,20130204,115.57,117.68,114.919998,115.726624,1225200
PVH,20130201,118.959999,119.57,115.889999,115.856178,1422400
PVH,20130131,118.029999,119.389999,117.010002,118.457112,589900
PVH,20130130,119.739998,119.940002,117.75,117.869158,715500
PVH,20130129,120.580002,120.75,119.110001,119.433704,561000
PVH,20130128,121.00,121.199997,119.540001,119.682836,419300
PVH,20130125,118.68,121.260002,118.269997,120.440198,848700
PVH,20130124,117.860001,118.889999,116.559998,118.277737,587300
PVH,20130123,116.00,117.82,115.279999,117.161625,908100
PVH,20130122,118.470001,118.860001,117.230003,117.19152,922300
PVH,20130118,117.349998,118.269997,115.809998,117.610059,747800
PVH,20130117,115.459999,119.919998,115.459999,118.556764,999400
PVH,20130116,118.959999,119.260002,117.18,117.948882,694400
PVH,20130115,116.00,119.620003,116.00,119.035092,585900
PVH,20130114,117.339996,118.290001,115.919998,117.331033,677300
PVH,20130111,117.980003,118.169998,116.169998,117.061974,431300
PVH,20130110,119.360001,119.360001,116.849998,117.400789,877500
PVH,20130109,118.470001,119.370003,118.07,118.048533,984900
PVH,20130108,116.769997,117.849998,116.550003,117.420724,738800
PVH,20130107,115.82,117.519997,115.330002,116.633467,1244400
PVH,20130104,114.040001,115.989998,113.690002,115.258263,804300
PVH,20130103,111.43,113.900002,110.860001,113.305064,879800
PVH,20130102,113.300003,113.830002,109.769997,111.41167,969400
