SEE,20151030,49.110001,50.119999,49.029999,49.119999,1908800
SEE,20151029,48.900002,49.299999,48.630001,49.110001,1907100
SEE,20151028,48.869999,49.459999,48.580002,49.02,2680600
SEE,20151027,52.73,52.73,46.82,48.950001,4490000
SEE,20151026,51.57,51.68,50.759998,51.18,3122800
SEE,20151023,51.860001,52.189999,51.400002,51.700001,2182000
SEE,20151022,49.720001,51.599998,49.639999,51.450001,2257000
SEE,20151021,49.779999,49.889999,48.950001,49.360001,1533100
SEE,20151020,48.830002,49.720001,48.830002,49.66,1374400
SEE,20151019,48.580002,49.009998,48.419998,48.889999,1637200
SEE,20151016,48.919998,49.099998,48.450001,48.66,1315200
SEE,20151015,48.849998,49.23,48.25,48.91,1884300
SEE,20151014,48.810001,49.119999,48.34,48.470001,1927700
SEE,20151013,49.18,49.57,48.84,48.860001,1407500
SEE,20151012,48.799999,49.48,48.529999,49.419998,1377600
SEE,20151009,48.720001,49.25,48.18,48.880001,1691500
SEE,20151008,48.27,48.860001,48.040001,48.709999,1586500
SEE,20151007,47.900002,48.509998,47.50,48.400002,2733800
SEE,20151006,48.50,48.50,47.150002,47.52,3569700
SEE,20151005,48.25,48.93,48.119999,48.349998,2227900
SEE,20151002,46.48,47.98,46.009998,47.98,1945300
SEE,20151001,47.02,47.50,46.290001,46.970001,2709300
SEE,20150930,46.380001,46.959999,46.16,46.880001,2150200
SEE,20150929,45.75,46.419998,45.389999,45.970001,3219200
SEE,20150928,46.860001,46.860001,45.639999,45.779999,3116800
SEE,20150925,47.43,47.50,46.57,46.900002,2761800
SEE,20150924,47.52,47.549999,46.639999,47.220001,2898100
SEE,20150923,48.689999,48.830002,47.799999,47.939999,2119000
SEE,20150922,49.439999,49.709999,48.48,48.549999,2892100
SEE,20150921,49.98,50.93,49.919998,50.040001,2166300
SEE,20150918,50.669998,50.889999,49.77,49.98,5751300
SEE,20150917,51.220001,51.84,51.060001,51.25,2068200
SEE,20150916,51.220001,51.790001,50.900002,51.57,1808900
SEE,20150915,50.68,51.619999,50.48,51.450001,3383300
SEE,20150914,51.139999,51.139999,50.52,51.040001,1954200
SEE,20150911,51.00,51.48,50.790001,51.139999,1881900
SEE,20150910,50.869999,51.599998,50.68,51.139999,2652200
SEE,20150909,52.029999,52.080002,51.080002,51.200001,1304200
SEE,20150908,51.349998,51.799999,51.09,51.689999,2500000
SEE,20150904,50.169998,51.049999,50.02,50.50,2107400
SEE,20150903,51.009998,51.77,50.869999,51.09,1793200
SEE,20150902,51.040001,51.25,50.16,50.970001,1664500
SEE,20150901,50.330002,51.349998,50.240002,50.480001,2312100
SEE,20150831,51.790001,52.240002,51.16,51.317843,1986800
SEE,20150828,51.810001,52.450001,51.599998,51.926277,1910500
SEE,20150827,52.009998,52.48,51.200001,51.86643,2807100
SEE,20150826,51.02,51.459999,50.169998,51.208125,3222500
SEE,20150825,51.490002,52.02,50.09,49.971309,2578100
SEE,20150824,49.279999,52.599998,48.599998,50.679488,3645000
SEE,20150821,52.669998,52.91,51.970001,52.035991,2697100
SEE,20150820,53.880001,53.900002,52.66,52.933681,2417000
SEE,20150819,54.00,54.27,53.669998,53.841343,2327200
SEE,20150818,54.639999,54.990002,54.32,54.220368,1855100
SEE,20150817,54.73,54.970001,54.43,54.669213,1616100
SEE,20150814,54.419998,55.139999,54.080002,54.888645,1682800
SEE,20150813,53.830002,54.509998,53.720001,54.000932,1713600
SEE,20150812,54.00,54.389999,53.32,53.90119,2304900
SEE,20150811,54.799999,54.919998,54.360001,54.45975,1473000
SEE,20150810,55.549999,55.84,54.830002,55.157952,2023600
SEE,20150807,54.470001,55.27,54.139999,55.12803,2274700
SEE,20150806,55.259998,55.580002,54.310001,54.479699,2363400
SEE,20150805,54.639999,55.700001,54.549999,55.257698,3253600
SEE,20150804,53.720001,54.150002,53.599998,53.861292,1658700
SEE,20150803,53.349998,53.759998,52.73,53.372549,2559100
SEE,20150731,53.259998,53.790001,52.560001,53.033422,2548700
SEE,20150730,50.84,54.959999,50.650002,52.843912,3671000
SEE,20150729,50.099998,50.77,49.580002,50.470024,3716300
SEE,20150728,49.849998,50.150002,49.77,49.841645,1917100
SEE,20150727,49.630001,49.959999,49.32,49.382824,1823400
SEE,20150724,51.189999,51.540001,49.779999,49.81172,3016700
SEE,20150723,52.169998,52.220001,50.889999,50.849049,2036900
SEE,20150722,51.98,52.599998,51.939999,51.896351,2658600
SEE,20150721,52.91,53.00,51.98,51.876402,1172300
SEE,20150720,52.650002,53.029999,52.650002,52.734194,1541900
SEE,20150717,52.639999,53.009998,52.400002,52.564632,1454000
SEE,20150716,52.939999,53.259998,52.830002,52.764119,1568900
SEE,20150715,53.25,53.299999,52.689999,52.60453,2205300
SEE,20150714,52.91,53.490002,52.810001,53.09327,3697000
SEE,20150713,52.119999,52.959999,52.099998,52.664374,2522800
SEE,20150710,51.77,52.02,51.700001,51.637021,2229400
SEE,20150709,52.130001,52.200001,50.93,50.958767,2084200
SEE,20150708,52.099998,52.209999,51.07,51.058509,2135900
SEE,20150707,52.369999,52.529999,51.580002,52.295325,2050200
SEE,20150706,51.360001,52.450001,51.119999,52.12576,1944700
SEE,20150702,52.259998,52.27,51.689999,51.736762,1409000
SEE,20150701,51.91,52.41,51.799999,51.886379,2402500
SEE,20150630,52.080002,52.18,51.380001,51.248023,2310500
SEE,20150629,52.099998,52.419998,51.580002,51.617072,2239100
SEE,20150626,52.00,52.68,51.959999,52.464887,2670700
SEE,20150625,52.110001,52.16,51.740002,51.716813,1697800
SEE,20150624,51.919998,52.189999,51.43,51.646993,1742300
SEE,20150623,52.099998,52.560001,51.50,51.786633,1515200
SEE,20150622,52.310001,52.32,51.82,52.026018,2142600
SEE,20150619,51.599998,52.639999,51.599998,51.86643,3737000
SEE,20150618,51.189999,51.860001,50.810001,51.507354,2794000
SEE,20150617,50.84,51.150002,50.029999,50.8291,2654000
SEE,20150616,49.349998,50.75,49.299999,50.579742,1837800
SEE,20150615,50.25,50.369999,49.529999,49.452648,1537900
SEE,20150612,50.330002,50.799999,50.130001,50.519899,1557700
SEE,20150611,49.970001,50.549999,49.889999,50.36031,2083500
SEE,20150610,49.669998,50.150002,49.50,49.801747,1365300
SEE,20150609,48.990002,49.68,48.73,49.432698,1284300
SEE,20150608,49.139999,49.68,48.869999,48.983854,2114400
SEE,20150605,48.099998,48.650002,47.970001,48.395369,1049800
SEE,20150604,48.360001,48.849998,48.16,48.185909,960400
SEE,20150603,48.970001,49.16,48.580002,48.614805,1439000
SEE,20150602,49.099998,49.34,48.490002,48.594853,1380400
SEE,20150601,49.099998,49.52,48.689999,48.923131,1669400
SEE,20150529,49.34,49.34,48.509998,48.445639,2163500
SEE,20150528,49.82,50.110001,49.400002,49.211618,1327100
SEE,20150527,49.189999,49.98,49.029999,49.609526,1265700
SEE,20150526,49.259998,49.34,48.900002,48.783863,851100
SEE,20150522,49.41,49.490002,48.939999,49.0624,1344700
SEE,20150521,49.630001,49.700001,49.150002,49.171826,1322100
SEE,20150520,49.700001,49.82,49.27,49.380728,892500
SEE,20150519,49.630001,49.860001,49.439999,49.370782,1561600
SEE,20150518,48.84,49.799999,48.84,49.460312,1234700
SEE,20150515,49.50,49.529999,48.740002,48.694333,1650600
SEE,20150514,48.330002,49.459999,48.060001,49.112138,2888500
SEE,20150513,48.150002,48.389999,47.860001,47.739348,1613600
SEE,20150512,48.25,48.470001,47.919998,47.699556,1324300
SEE,20150511,47.82,48.919998,47.73,48.226787,2600900
SEE,20150508,48.59,48.810001,47.860001,47.659764,3040900
SEE,20150507,46.959999,48.080002,46.93,47.719452,1878400
SEE,20150506,46.860001,47.290001,46.529999,46.655041,1014500
SEE,20150505,47.400002,47.400002,46.290001,46.426239,2784600
SEE,20150504,46.959999,47.66,46.689999,47.172322,2167700
SEE,20150501,45.790001,47.119999,45.639999,46.684883,3953100
SEE,20150430,45.470001,46.130001,44.490002,45.361828,4012900
SEE,20150429,44.400002,44.759998,43.900002,43.889559,2337200
SEE,20150428,44.16,44.59,43.970001,44.197941,1401200
SEE,20150427,44.849998,45.029999,44.169998,43.969143,1493600
SEE,20150424,44.790001,45.110001,44.509998,44.506323,998100
SEE,20150423,44.32,44.98,44.00,44.556061,1885500
SEE,20150422,43.830002,44.380001,43.43,44.098465,1380500
SEE,20150421,44.16,44.389999,43.59,43.57123,1473800
SEE,20150420,44.43,44.459999,44.07,43.919404,780700
SEE,20150417,44.349998,44.450001,43.82,43.819925,1277400
SEE,20150416,44.279999,44.84,44.279999,44.247679,1378100
SEE,20150415,45.50,45.73,44.25,44.227783,2137600
SEE,20150414,45.900002,46.119999,45.080002,44.983816,1229900
SEE,20150413,46.18,46.779999,45.91,45.799532,905600
SEE,20150410,46.119999,46.549999,45.849998,46.058173,1302000
SEE,20150409,46.049999,46.700001,45.990002,46.386451,1569500
SEE,20150408,45.220001,46.310001,45.080002,45.988539,1591200
SEE,20150407,45.490002,46.00,45.189999,44.983816,1013200
SEE,20150406,44.700001,45.689999,44.610001,45.32204,1076300
SEE,20150402,45.299999,45.869999,44.990002,44.854493,1152100
SEE,20150401,45.380001,45.43,44.720001,45.05345,1607900
SEE,20150331,45.689999,46.02,45.450001,45.32204,1314900
SEE,20150330,45.549999,46.279999,45.490002,45.680156,1022100
SEE,20150327,44.919998,45.450001,44.900002,45.033554,1320100
SEE,20150326,45.029999,45.290001,44.689999,44.814701,1107100
SEE,20150325,46.060001,46.220001,45.060001,44.86444,2318500
SEE,20150324,46.310001,46.369999,45.91,45.839324,876900
SEE,20150323,46.779999,47.209999,46.43,46.187495,1067200
SEE,20150320,46.759998,46.869999,45.919998,46.475981,1665400
SEE,20150319,46.470001,46.779999,46.349998,46.286971,1205100
SEE,20150318,45.91,46.93,45.66,46.525719,2066800
SEE,20150317,45.959999,46.209999,45.59,45.819428,1082400
SEE,20150316,46.110001,46.290001,45.77,45.978592,1427200
SEE,20150313,45.959999,46.080002,45.27,45.461308,1885500
SEE,20150312,45.91,46.439999,45.700001,45.928851,1751700
SEE,20150311,45.110001,45.610001,45.110001,45.22256,2301300
SEE,20150310,45.529999,45.77,45.139999,45.172822,1780600
SEE,20150309,45.369999,46.400002,45.279999,45.84927,1362900
SEE,20150306,45.82,46.049999,45.00,45.033554,1879600
SEE,20150305,46.57,46.689999,46.080002,45.899009,1139300
SEE,20150304,46.349998,46.880001,45.709999,46.336713,1700800
SEE,20150303,47.259998,47.560001,46.700001,46.456087,2057600
SEE,20150302,47.130001,47.880001,47.130001,47.130654,2038500
SEE,20150227,47.689999,48.00,47.09,46.753691,3173900
SEE,20150226,47.560001,48.34,47.439999,47.715943,1024700
SEE,20150225,48.16,48.41,47.27,47.170335,1459100
SEE,20150224,47.599998,48.439999,47.560001,47.914347,1042900
SEE,20150223,47.900002,48.16,47.459999,47.527462,1454000
SEE,20150220,47.50,48.439999,47.169998,47.795306,1730800
SEE,20150219,47.139999,47.700001,46.639999,47.299298,1687300
SEE,20150218,46.759998,47.099998,46.259998,46.674328,1409300
SEE,20150217,45.880001,46.91,45.77,46.277524,1887800
SEE,20150213,46.369999,46.419998,45.779999,45.682312,1957500
SEE,20150212,45.400002,46.330002,45.380001,45.841034,2813900
SEE,20150211,45.279999,45.790001,44.779999,44.858941,3278900
SEE,20150210,43.490002,45.650002,42.860001,44.908541,8133100
SEE,20150209,41.18,41.459999,40.57,40.603194,4821100
SEE,20150206,42.02,42.080002,41.369999,41.138883,3013600
SEE,20150205,41.860001,42.540001,41.75,41.634891,2401200
SEE,20150204,41.279999,41.93,41.080002,41.317446,1725800
SEE,20150203,40.669998,41.610001,40.490002,41.178561,2073800
SEE,20150202,40.630001,40.860001,40.110001,40.176627,2749400
SEE,20150130,40.27,40.93,40.240002,40.176627,2178000
SEE,20150129,39.419998,40.849998,39.419998,40.40479,3698100
SEE,20150128,39.990002,40.040001,39.27,39.115171,1699200
SEE,20150127,38.790001,39.919998,38.419998,39.204452,4571700
SEE,20150126,40.139999,40.220001,39.16,39.105248,4044000
SEE,20150123,43.080002,43.110001,39.880001,39.720301,5659200
SEE,20150122,42.00,43.09,41.810001,42.706266,3025900
SEE,20150121,41.52,41.950001,41.27,41.585287,1933500
SEE,20150120,42.07,42.310001,41.25,41.267842,1770500
SEE,20150116,41.560001,42.049999,41.32,41.535687,2670500
SEE,20150115,42.25,42.360001,41.490002,41.267842,2666400
SEE,20150114,42.509998,42.700001,41.73,41.833291,2590700
SEE,20150113,43.16,43.66,42.580002,42.557466,2393400
SEE,20150112,42.57,43.040001,42.279999,42.616984,1260200
SEE,20150109,43.25,43.470001,42.43,42.130899,1651700
SEE,20150108,42.849998,43.610001,42.849998,42.80547,2693400
SEE,20150107,42.639999,42.919998,42.27,42.031695,2935100
SEE,20150106,42.369999,42.580002,41.630001,41.972176,3261700
SEE,20150105,42.330002,42.66,41.68,41.753932,1826100
SEE,20150102,42.759998,42.939999,42.139999,42.359062,1393600
SEE,20141231,43.029999,43.07,42.360001,42.091217,1212600
SEE,20141230,42.82,43.169998,42.73,42.567384,1287100
SEE,20141229,43.349998,43.419998,42.98,42.676506,1222000
SEE,20141226,43.41,43.669998,43.27,43.122914,567300
SEE,20141224,43.040001,43.630001,43.00,43.053473,580000
SEE,20141223,42.73,43.200001,42.709999,42.636825,1136300
SEE,20141222,42.330002,42.84,42.150002,42.210258,1590100
SEE,20141219,42.529999,42.900002,42.169998,41.863054,3402600
SEE,20141218,42.689999,42.889999,41.790001,41.942413,2311700
SEE,20141217,41.459999,42.099998,41.119999,41.605128,2137400
SEE,20141216,40.700001,41.669998,40.540001,40.900798,2178900
SEE,20141215,41.00,41.279999,40.43,40.414712,3170200
SEE,20141212,41.66,41.810001,40.880001,40.593272,3152500
SEE,20141211,41.52,42.119999,41.419998,41.595209,2860400
SEE,20141210,41.57,41.759998,41.200001,41.039679,3390200
SEE,20141209,40.75,41.599998,40.18,41.238083,3781300
SEE,20141208,40.259998,40.869999,40.07,40.484153,3530100
SEE,20141205,40.110001,40.380001,40.060001,39.998064,1265200
SEE,20141204,39.889999,40.529999,39.869999,39.888942,1603300
SEE,20141203,39.470001,39.950001,39.41,39.581419,1643900
SEE,20141202,38.799999,39.630001,38.68,39.055648,1968800
SEE,20141201,39.09,39.209999,38.110001,38.17566,3005800
SEE,20141128,39.080002,39.869999,38.91,39.085309,1272700
SEE,20141126,39.119999,39.220001,39.009998,38.679922,911900
SEE,20141125,39.220001,39.41,38.889999,38.670036,1436300
SEE,20141124,39.09,39.50,38.98,38.768909,1549100
SEE,20141121,39.00,39.299999,38.669998,38.432734,1605500
SEE,20141120,37.91,38.50,37.790001,38.047122,1434300
SEE,20141119,38.490002,38.490002,38.009998,37.770273,1774000
SEE,20141118,38.119999,38.75,37.970001,38.205322,2326100
SEE,20141117,37.91,38.27,37.849998,37.691171,1829900
SEE,20141114,38.509998,38.599998,37.830002,37.532971,2188200
SEE,20141113,38.52,38.599998,37.919998,37.948248,2297600
SEE,20141112,38.119999,38.59,37.810001,38.047122,3093300
SEE,20141111,38.48,38.689999,38.00,37.691171,5469700
SEE,20141110,38.959999,39.200001,38.689999,38.314085,2543000
SEE,20141107,38.57,38.970001,38.240002,38.452509,3599200
SEE,20141106,37.799999,38.27,37.630001,37.681285,2349700
SEE,20141105,37.080002,37.799999,36.93,37.325334,2566000
SEE,20141104,36.360001,36.889999,36.360001,36.455233,2027600
SEE,20141103,36.259998,36.639999,35.810001,35.931196,1850100
SEE,20141031,35.82,36.41,35.540001,35.842208,3237200
SEE,20141030,34.950001,35.830002,34.790001,34.813907,5097900
SEE,20141029,36.43,36.82,34.360001,34.28987,8625600
SEE,20141028,32.93,33.990002,32.869999,33.479095,4436500
SEE,20141027,33.110001,33.220001,32.450001,32.51012,3320100
SEE,20141024,33.00,33.529999,32.580002,33.123144,1198200
SEE,20141023,32.990002,33.43,32.93,32.628769,2357100
SEE,20141022,33.41,33.880001,32.689999,32.35192,2732200
SEE,20141021,32.939999,33.66,32.799999,32.964944,3400400
SEE,20141020,32.439999,32.950001,32.389999,32.223381,2719600
SEE,20141017,32.360001,32.990002,32.080002,32.14428,2856000
SEE,20141016,30.57,32.310001,30.50,31.808104,2552500
SEE,20141015,30.51,31.370001,29.85,30.858905,3255100
SEE,20141014,31.16,31.450001,30.690001,30.760031,2060200
SEE,20141013,31.969999,32.389999,30.950001,30.64138,3092100
SEE,20141010,32.73,33.099998,32.009998,31.649904,2008100
SEE,20141009,33.849998,33.990002,32.66,32.440908,2183500
SEE,20141008,32.52,33.959999,31.93,33.469206,3083900
SEE,20141007,33.439999,33.470001,32.509998,32.19372,2651000
SEE,20141006,34.299999,34.490002,33.650002,33.390107,1548300
SEE,20141003,33.799999,34.369999,33.799999,33.785605,2104100
SEE,20141002,33.889999,34.049999,33.07,33.29123,2158600
SEE,20141001,34.849998,34.860001,33.700001,33.577969,3075400
SEE,20140930,35.349998,35.549999,34.57,34.487621,1491000
SEE,20140929,34.889999,35.48,34.75,34.981996,1404800
SEE,20140926,35.220001,35.560001,35.110001,34.813907,1336600
SEE,20140925,35.470001,35.639999,35.060001,34.833682,1479700
SEE,20140924,35.389999,35.599998,35.040001,35.159972,1454400
SEE,20140923,35.919998,35.959999,35.419998,35.041319,1450300
SEE,20140922,36.299999,36.529999,35.779999,35.55547,1238500
SEE,20140919,36.59,36.720001,36.200001,36.039959,3765200
SEE,20140918,36.619999,36.830002,36.25,36.03007,1881500
SEE,20140917,36.77,37.07,35.939999,36.109172,2323600
SEE,20140916,36.869999,37.169998,36.450001,36.475008,1619500
SEE,20140915,36.900002,37.02,36.529999,36.534335,1984100
SEE,20140912,37.009998,37.169998,36.73,36.54422,1917300
SEE,20140911,36.639999,37.00,36.560001,36.405796,1028900
SEE,20140910,37.009998,37.029999,36.310001,36.366245,1237400
SEE,20140909,37.00,37.139999,36.779999,36.573886,1621900
SEE,20140908,37.209999,37.66,37.09,36.741971,1735200
SEE,20140905,36.650002,37.220001,36.330002,36.791408,1669000
SEE,20140904,36.189999,36.869999,36.18,36.247596,1642400
SEE,20140903,36.68,36.759998,36.07,35.71367,1378600
SEE,20140902,36.209999,36.689999,36.080002,35.950974,1766100
SEE,20140829,35.939999,36.18,35.689999,35.566732,1304700
SEE,20140828,35.830002,35.98,35.720001,35.281018,702400
SEE,20140827,36.07,36.16,35.849998,35.37954,920500
SEE,20140826,36.09,36.16,35.84,35.41895,1037900
SEE,20140825,36.360001,36.450001,35.98,35.527325,952000
SEE,20140822,35.740002,36.509998,35.610001,35.655402,2384000
SEE,20140821,35.68,35.880001,35.41,35.281018,1767300
SEE,20140820,35.419998,35.66,35.139999,35.074117,1441700
SEE,20140819,35.310001,35.740002,35.27,35.034711,2027200
SEE,20140818,35.029999,35.310001,34.830002,34.758845,2147200
SEE,20140815,34.689999,34.950001,34.509998,34.335196,2420300
SEE,20140814,33.82,34.59,33.700001,34.059334,2123300
SEE,20140813,33.27,33.759998,33.099998,33.231742,1651900
SEE,20140812,33.27,33.369999,32.93,32.660312,1255500
SEE,20140811,33.549999,33.700001,33.139999,32.748982,1440400
SEE,20140808,33.119999,33.490002,32.790001,32.975584,1042900
SEE,20140807,33.509998,33.689999,32.830002,32.601197,2152000
SEE,20140806,32.610001,33.380001,32.509998,32.867209,1907000
SEE,20140805,32.720001,32.970001,32.48,32.35489,1741100
SEE,20140804,32.450001,33.02,32.279999,32.502675,1330200
SEE,20140801,32.110001,32.799999,31.950001,31.872126,2455000
SEE,20140731,32.549999,32.619999,32.09,31.645524,2925800
SEE,20140730,34.00,34.470001,32.349998,32.216958,6434800
SEE,20140729,31.84,32.060001,31.57,31.202173,2786200
SEE,20140728,32.48,32.52,31.790001,31.340104,2609800
SEE,20140725,32.389999,32.73,32.330002,31.970651,1638200
SEE,20140724,32.720001,33.00,32.419998,31.960797,1531700
SEE,20140723,32.950001,32.98,32.650002,32.187399,1076200
SEE,20140722,33.52,33.580002,32.93,32.463265,1140000
SEE,20140721,33.18,33.439999,33.00,32.896764,632700
SEE,20140718,33.209999,33.650002,33.139999,32.92632,876600
SEE,20140717,33.43,33.650002,33.029999,32.650457,868400
SEE,20140716,33.73,33.869999,33.490002,33.192332,931400
SEE,20140715,33.48,33.93,33.25,33.133221,1121900
SEE,20140714,33.509998,33.669998,33.34,32.896764,765800
SEE,20140711,33.209999,33.349998,33.16,32.748982,1016600
SEE,20140710,33.029999,33.349998,32.830002,32.719423,1149900
SEE,20140709,33.330002,33.470001,33.139999,32.916469,1143800
SEE,20140708,33.130001,33.259998,32.900002,32.620902,1143300
SEE,20140707,33.73,33.77,33.209999,32.758833,813900
SEE,20140703,33.790001,33.98,33.400002,33.271152,1152400
SEE,20140702,34.029999,34.150002,33.529999,33.034696,1328100
SEE,20140701,34.330002,34.419998,34.040001,33.6948,1590400
SEE,20140630,34.720001,34.75,34.07,33.665241,1567000
SEE,20140627,34.349998,34.84,34.32,34.187414,1860000
SEE,20140626,34.16,34.509998,33.779999,33.960812,1474600
SEE,20140625,34.259998,34.509998,33.77,33.576574,1233200
SEE,20140624,34.599998,34.669998,34.23,33.753912,1388500
SEE,20140623,34.950001,35.099998,34.48,34.20712,1239100
SEE,20140620,34.630001,34.990002,34.580002,34.423867,2460000
SEE,20140619,34.299999,34.599998,34.209999,34.019924,1236000
SEE,20140618,34.259998,34.380001,33.779999,33.832732,1130800
SEE,20140617,33.919998,34.490002,33.880001,33.793322,1834100
SEE,20140616,33.220001,34.150002,33.09,33.56672,2679300
SEE,20140613,33.279999,33.369999,32.98,32.798243,1452300
SEE,20140612,33.610001,33.639999,33.139999,32.739128,1646400
SEE,20140611,33.470001,33.700001,33.130001,33.182481,2397900
SEE,20140610,33.959999,34.099998,33.25,33.281003,5985700
SEE,20140609,33.310001,33.43,33.040001,32.571641,931400
SEE,20140606,32.59,33.369999,32.59,32.758833,1445400
SEE,20140605,32.419998,32.599998,32.080002,32.000207,1023300
SEE,20140604,32.75,32.919998,32.209999,31.763754,1723900
SEE,20140603,33.009998,33.169998,32.82,32.315481,1232000
SEE,20140602,33.040001,33.299999,32.779999,32.51175,1152700
SEE,20140530,32.830002,33.07,32.580002,32.315481,1846900
SEE,20140529,32.950001,33.150002,32.68,32.462683,682600
SEE,20140528,33.23,33.380001,32.919998,32.335108,1021800
SEE,20140527,32.939999,33.43,32.880001,32.649136,1317800
SEE,20140523,32.610001,32.889999,32.439999,32.178094,860700
SEE,20140522,32.599998,32.68,32.439999,31.893505,740400
SEE,20140521,32.52,32.82,32.389999,31.913132,756900
SEE,20140520,33.09,33.169998,32.259998,31.785557,1225000
SEE,20140519,32.549999,33.380001,32.490002,32.482307,1332700
SEE,20140516,32.279999,32.720001,32.220001,32.040707,1636800
SEE,20140515,33.060001,33.150002,32.139999,31.687425,2002400
SEE,20140514,33.509998,33.540001,33.049999,32.551,1224600
SEE,20140513,33.77,33.860001,33.349998,32.757084,1000100
SEE,20140512,33.529999,33.84,33.52,33.061297,1454600
SEE,20140509,33.139999,33.41,32.790001,32.776711,1765000
SEE,20140508,33.200001,33.77,32.98,32.551,1877500
SEE,20140507,32.93,33.330002,32.529999,32.698203,1610700
SEE,20140506,33.169998,33.400002,32.880001,32.325293,1574900
SEE,20140505,33.009998,33.490002,32.810001,32.747269,1360700
SEE,20140502,33.509998,33.759998,33.200001,32.580443,1773500
SEE,20140501,34.07,34.240002,33.220001,32.933725,4092300
SEE,20140430,36.639999,37.200001,33.549999,33.669729,5143300
SEE,20140429,32.52,32.84,32.360001,31.981826,1636700
SEE,20140428,32.59,32.900002,32.150002,31.775746,1580200
SEE,20140425,33.02,33.07,32.380001,31.913132,2865600
SEE,20140424,33.34,33.360001,32.970001,32.51175,2358700
SEE,20140423,33.119999,33.360001,32.810001,32.60007,1833200
SEE,20140422,32.630001,33.27,32.529999,32.482307,1344600
SEE,20140421,32.299999,32.720001,32.009998,32.040707,1283700
SEE,20140417,32.139999,32.43,31.90,31.667798,1386900
SEE,20140416,32.110001,32.369999,31.870001,31.550038,1762300
SEE,20140415,31.120001,31.780001,30.459999,31.12806,3079400
SEE,20140414,30.700001,30.879999,30.40,30.117283,2129700
SEE,20140411,31.040001,31.10,30.290001,29.793441,1989800
SEE,20140410,32.169998,32.27,31.16,30.735525,1739800
SEE,20140409,31.66,32.279999,31.33,31.667798,1614700
SEE,20140408,31.58,31.98,31.24,31.010301,1522100
SEE,20140407,32.18,32.439999,31.51,31.147688,2010000
SEE,20140404,33.419998,33.630001,32.209999,31.775746,1720900
SEE,20140403,33.470001,33.630001,32.779999,32.531377,1902300
SEE,20140402,32.939999,33.540001,32.709999,32.825778,2231600
SEE,20140401,33.080002,33.220001,32.41,32.354736,1735800
SEE,20140331,31.799999,33.049999,31.799999,32.256599,2265700
SEE,20140328,31.440001,31.77,31.32,30.941607,799700
SEE,20140327,31.200001,31.41,30.82,30.784593,1222300
SEE,20140326,32.119999,32.200001,31.25,30.666832,1260900
SEE,20140325,31.85,32.029999,31.34,31.373395,1600900
SEE,20140324,32.259998,32.619999,31.48,31.206567,1082000
SEE,20140321,32.610001,32.689999,32.110001,31.628543,1603800
SEE,20140320,32.02,32.41,32.00,31.805185,911500
SEE,20140319,32.860001,32.880001,31.91,31.55985,1140100
SEE,20140318,32.57,32.919998,32.490002,32.197721,661300
SEE,20140317,32.34,32.759998,32.080002,31.952387,1141500
SEE,20140314,32.290001,32.700001,31.879999,31.491156,2086800
SEE,20140313,32.900002,33.240002,32.209999,31.775746,2102400
SEE,20140312,32.91,33.32,32.709999,32.158467,1540100
SEE,20140311,33.349998,33.529999,32.889999,32.501934,1658000
SEE,20140310,33.490002,33.509998,32.889999,32.649136,1772900
SEE,20140307,34.310001,34.48,33.360001,32.894471,2844800
SEE,20140306,34.650002,34.849998,34.389999,33.944503,955200
SEE,20140305,34.630001,34.720001,34.299999,33.807116,1513400
SEE,20140304,34.299999,34.799999,34.200001,33.875811,1801600
SEE,20140303,33.630001,34.09,33.459999,33.035026,1436600
SEE,20140228,33.50,34.560001,33.459999,33.27944,2412500
SEE,20140227,33.259998,33.619999,33.130001,32.712397,1607000
SEE,20140226,33.669998,33.900002,33.130001,32.575526,2355700
SEE,20140225,32.799999,33.82,32.799999,32.868822,2343300
SEE,20140224,32.75,33.299999,32.700001,32.106251,1958400
SEE,20140221,32.799999,33.099998,32.52,32.04759,1546000
SEE,20140220,32.439999,32.799999,31.92,31.988933,1643200
SEE,20140219,32.50,33.009998,32.330002,31.676083,1420800
SEE,20140218,32.279999,32.75,32.259998,31.920497,1379700
SEE,20140214,32.369999,32.580002,32.23,31.548987,1126100
SEE,20140213,31.780001,32.450001,31.73,31.685858,1568900
SEE,20140212,32.810001,32.950001,31.809999,31.265465,2864800
SEE,20140211,32.09,32.959999,31.860001,32.008487,1659800
SEE,20140210,31.35,32.169998,31.16,31.34368,2316600
SEE,20140207,30.10,31.530001,30.030001,30.747308,2927900
SEE,20140206,29.91,30.799999,28.18,29.192834,4816000
SEE,20140205,30.370001,31.030001,29.959999,30.199819,2310400
SEE,20140204,30.34,30.709999,30.15,29.730544,1587900
SEE,20140203,31.18,31.33,29.959999,29.359036,1654100
SEE,20140131,30.92,31.48,30.75,30.493117,1285700
SEE,20140130,31.41,31.530001,31.23,30.688648,1371500
SEE,20140129,30.73,31.58,30.360001,30.366021,2182500
SEE,20140128,31.200001,31.389999,30.92,30.317139,1809000
SEE,20140127,31.299999,31.530001,30.709999,30.405128,1952800
SEE,20140124,31.950001,31.98,31.030001,30.375798,1910200
SEE,20140123,32.740002,32.82,31.93,31.373008,1980100
SEE,20140122,33.080002,33.119999,32.759998,32.292004,1115800
SEE,20140121,33.200001,33.25,32.709999,32.233347,1111100
SEE,20140117,33.68,33.68,32.990002,32.321337,1086600
SEE,20140116,33.52,33.75,33.360001,32.927483,1014600
SEE,20140115,33.799999,34.029999,33.450001,32.859047,1260100
SEE,20140114,33.360001,33.779999,33.209999,32.96659,1413300
SEE,20140113,33.84,34.029999,33.099998,32.526644,1168700
SEE,20140110,33.959999,34.040001,33.669998,33.259886,1112100
SEE,20140109,34.060001,34.299999,33.639999,32.995918,1564000
SEE,20140108,33.919998,34.150002,33.639999,33.289215,1355300
SEE,20140107,33.68,34.259998,33.650002,33.171897,819700
SEE,20140106,33.91,34.130001,33.540001,32.888376,1505200
SEE,20140103,33.700001,33.869999,33.50,32.917704,946100
SEE,20140102,34.02,34.040001,33.459999,32.976365,1112000
SEE,20131231,34.27,34.27,33.779999,33.289215,781500
SEE,20131230,33.75,34.369999,33.66,33.367429,853900
SEE,20131227,34.130001,34.130001,33.650002,33.064354,552200
SEE,20131226,34.009998,34.110001,33.619999,33.201225,1115400
SEE,20131224,33.200001,34.00,33.200001,33.230558,861700
SEE,20131223,33.130001,33.16,32.880001,32.350665,966400
SEE,20131220,32.790001,33.139999,32.529999,32.213794,1919900
SEE,20131219,32.34,32.66,32.209999,31.822729,1069900
SEE,20131218,31.75,32.490002,31.379999,31.65653,1784300
SEE,20131217,31.84,32.029999,31.559999,31.021051,1358600
SEE,20131216,32.110001,32.299999,31.74,31.265465,1800800
SEE,20131213,31.709999,32.240002,31.629999,31.138371,1730900
SEE,20131212,31.389999,31.700001,31.280001,30.845073,1117200
SEE,20131211,32.380001,32.540001,31.290001,30.688648,1789400
SEE,20131210,32.040001,32.790001,31.91,31.793401,1524000
SEE,20131209,32.52,32.650002,31.99,31.412115,980300
SEE,20131206,31.799999,32.630001,31.639999,31.793401,1498300
SEE,20131205,31.799999,31.959999,31.35,30.757083,1383900
SEE,20131204,31.559999,32.029999,31.40,31.216583,1383700
SEE,20131203,31.85,32.299999,31.67,31.069933,1278600
SEE,20131202,32.16,32.27,31.73,30.972566,1607600
SEE,20131129,32.27,32.400002,31.98,31.264669,516000
SEE,20131127,32.439999,32.470001,32.139999,31.488613,981600
SEE,20131126,32.110001,32.400002,32.049999,31.430192,1297400
SEE,20131125,31.91,32.450001,31.860001,31.323087,1319800
SEE,20131122,32.040001,32.130001,31.700001,30.943357,1252000
SEE,20131121,30.90,32.25,30.90,31.264669,1841600
SEE,20131120,31.440001,31.530001,30.77,29.998892,1317300
SEE,20131119,31.620001,31.879999,31.27,30.612307,1089900
SEE,20131118,31.77,31.99,31.549999,30.855726,1556200
SEE,20131115,30.940001,31.969999,30.860001,30.894672,1670800
SEE,20131114,30.91,31.09,30.610001,30.144942,854500
SEE,20131113,30.58,31.02,30.450001,29.998892,1288300
SEE,20131112,31.00,31.15,30.700001,30.086523,977500
SEE,20131111,30.82,31.15,30.77,30.281258,1339700
SEE,20131108,30.549999,30.940001,30.530001,30.008629,2074500
SEE,20131107,31.280001,31.41,30.469999,29.697053,1841800
SEE,20131106,31.290001,31.450001,30.889999,30.281258,1183000
SEE,20131105,31.52,31.559999,31.040001,30.290995,1530800
SEE,20131104,31.24,31.639999,30.99,30.71941,1928300
SEE,20131101,30.33,31.299999,30.33,30.388361,3520500
SEE,20131031,29.91,30.610001,29.91,29.385478,3622600
SEE,20131030,29.91,31.290001,29.50,29.551003,4881700
SEE,20131029,28.139999,28.74,28.110001,27.76918,2126800
SEE,20131028,28.360001,28.370001,27.90,27.340762,1220600
SEE,20131025,28.440001,28.60,28.24,27.584181,1009700
SEE,20131024,28.139999,28.48,27.98,27.701023,1254500
SEE,20131023,28.26,28.309999,27.799999,27.301816,1191300
SEE,20131022,28.040001,28.59,27.959999,27.652338,1005200
SEE,20131021,27.92,28.110001,27.74,27.204449,754800
SEE,20131018,27.959999,27.99,27.66,27.194712,1300800
SEE,20131017,27.030001,27.940001,27.030001,27.146027,1808600
SEE,20131016,27.42,27.459999,27.030001,26.376826,1765500
SEE,20131015,27.209999,27.27,26.92,26.444982,1811400
SEE,20131014,27.17,27.389999,27.09,26.60077,1230600
SEE,20131011,27.120001,27.60,27.07,26.717612,1148100
SEE,20131010,27.030001,27.43,27.02,26.668927,1451700
SEE,20131009,26.74,26.799999,26.129999,25.889989,1887700
SEE,20131008,26.450001,27.469999,26.379999,26.016565,2967300
SEE,20131007,26.68,26.959999,26.50,25.860778,1379900
SEE,20131004,26.870001,27.219999,26.620001,26.357352,1097300
SEE,20131003,27.030001,27.08,26.440001,26.104196,2793800
SEE,20131002,27.200001,27.440001,26.99,26.406036,1914000
SEE,20131001,27.139999,27.48,27.139999,26.756558,1654200
SEE,20130930,26.99,27.530001,26.860001,26.474193,2571200
SEE,20130927,27.540001,27.700001,27.40,26.766295,2571000
SEE,20130926,27.17,27.68,27.17,26.892873,1727600
SEE,20130925,27.110001,27.459999,26.92,26.435245,1774000
SEE,20130924,27.01,27.59,26.98,26.532613,3412900
SEE,20130923,28.07,28.25,26.549999,26.298932,7505300
SEE,20130920,30.059999,30.42,28.360001,27.808125,7332200
SEE,20130919,30.35,30.559999,29.82,29.044692,3921000
SEE,20130918,29.860001,30.41,29.559999,29.521792,2262900
SEE,20130917,30.35,30.42,29.540001,29.025218,2910100
SEE,20130916,30.60,30.68,30.139999,29.570477,1887700
SEE,20130913,29.950001,30.049999,29.610001,29.249164,1203000
SEE,20130912,30.049999,30.129999,29.68,29.034955,1111300
SEE,20130911,30.57,30.57,29.940001,29.34653,1068000
SEE,20130910,30.459999,30.73,30.24,29.76521,1193600
SEE,20130909,29.60,30.34,29.559999,29.463372,1565000
SEE,20130906,29.60,29.75,29.049999,28.742853,1469900
SEE,20130905,29.389999,29.66,29.27,28.75259,1355300
SEE,20130904,28.379999,29.57,28.379999,28.616275,2276500
SEE,20130903,28.85,29.00,28.309999,27.662077,1624800
SEE,20130830,28.440001,28.52,28.110001,27.526382,1461100
SEE,20130829,28.07,28.700001,27.940001,27.536075,765800
SEE,20130828,28.190001,28.52,27.969999,27.245304,1405800
SEE,20130827,28.90,28.969999,28.01,27.27438,1386700
SEE,20130826,29.41,29.700001,29.17,28.408389,725400
SEE,20130823,29.059999,29.459999,28.780001,28.505313,862900
SEE,20130822,29.110001,29.16,28.559999,28.059465,918200
SEE,20130821,28.870001,29.200001,28.76,28.078848,1293700
SEE,20130820,28.799999,29.00,28.65,27.991616,1239900
SEE,20130819,29.16,29.23,28.66,27.807462,1236200
SEE,20130816,29.549999,29.559999,29.08,28.263004,2292100
SEE,20130815,29.92,30.049999,29.530001,28.670084,1882700
SEE,20130814,30.190001,30.65,30.129999,29.377628,1412800
SEE,20130813,30.35,30.389999,29.93,29.338859,1436900
SEE,20130812,29.91,30.290001,29.809999,29.26132,1475700
SEE,20130809,29.99,30.49,29.92,29.164396,1479200
SEE,20130808,30.26,30.530001,30.00,29.145011,1596100
SEE,20130807,29.940001,30.280001,29.370001,29.125626,1795200
SEE,20130806,30.15,30.440001,29.549999,29.115935,3050400
SEE,20130805,30.469999,31.200001,29.950001,29.232243,2452000
SEE,20130802,28.360001,30.66,28.35,29.426091,6135500
SEE,20130801,27.52,28.059999,27.41,27.022377,1923600
SEE,20130731,27.309999,27.59,27.16,26.402065,1802200
SEE,20130730,26.99,27.280001,26.84,26.334219,1392100
SEE,20130729,27.030001,27.17,26.82,26.072524,1225200
SEE,20130726,26.91,27.16,26.74,26.285758,1016800
SEE,20130725,26.639999,27.16,26.60,26.237294,1766400
SEE,20130724,27.15,27.24,26.700001,25.907753,3145200
SEE,20130723,27.459999,27.459999,26.860001,26.198526,2342800
SEE,20130722,27.530001,27.76,27.25,26.489297,1477400
SEE,20130719,27.360001,27.559999,27.16,26.702529,2513800
SEE,20130718,27.540001,27.639999,27.290001,26.498989,1824100
SEE,20130717,27.51,27.66,27.309999,26.692838,1573200
SEE,20130716,27.58,27.67,27.389999,26.66376,3073000
SEE,20130715,27.52,27.67,27.43,26.760684,2117700
SEE,20130712,27.25,27.65,27.08,26.66376,3485500
SEE,20130711,27.139999,27.27,26.85,26.42145,1634300
SEE,20130710,26.799999,26.870001,26.23,25.946524,2952100
SEE,20130709,26.01,26.17,25.780001,25.287441,1562700
SEE,20130708,25.75,25.950001,25.65,25.045131,1542400
SEE,20130705,25.08,25.58,24.889999,24.773744,1503700
SEE,20130703,24.48,24.959999,24.43,24.1922,2660700
SEE,20130702,24.48,24.84,24.41,23.891736,2442700
SEE,20130701,24.629999,24.860001,24.309999,23.69789,2033700
SEE,20130628,23.959999,24.110001,23.76,23.21327,3699100
SEE,20130627,23.75,24.10,23.690001,23.300502,1994300
SEE,20130626,23.469999,23.67,23.209999,22.854651,1914700
SEE,20130625,23.049999,23.33,23.00,22.544495,1769900
SEE,20130624,23.18,23.18,22.690001,22.098644,2254100
SEE,20130621,23.66,23.84,23.110001,22.748034,1965800
SEE,20130620,24.01,24.049999,23.309999,22.80619,1979800
SEE,20130619,24.610001,24.75,24.25,23.542812,1448100
SEE,20130618,24.360001,24.74,24.360001,23.882044,1232200
SEE,20130617,24.120001,24.33,23.969999,23.552503,1336900
SEE,20130614,23.870001,23.969999,23.68,23.145422,700800
SEE,20130613,23.440001,23.91,23.299999,23.126039,1142100
SEE,20130612,24.08,24.08,23.389999,22.728651,992200
SEE,20130611,23.85,24.030001,23.719999,23.116346,1188700
SEE,20130610,24.50,24.530001,24.139999,23.397424,1216200
SEE,20130607,23.799999,24.43,23.620001,23.659119,1619600
SEE,20130606,23.57,23.870001,23.24,22.874036,1953000
SEE,20130605,24.33,24.42,23.559999,22.874036,2125400
SEE,20130604,24.459999,24.83,24.27,23.678503,2070400
SEE,20130603,24.200001,24.540001,24.030001,23.63994,2162100
SEE,20130531,24.08,24.52,24.01,23.157886,1833600
SEE,20130530,24.360001,24.58,23.67,23.369989,1815400
SEE,20130529,24.15,24.42,24.02,23.495324,2204600
SEE,20130528,24.09,24.40,24.09,23.4664,1896900
SEE,20130524,23.60,23.83,23.48,22.907217,1043600
SEE,20130523,23.35,23.959999,23.209999,22.955422,1266600
SEE,20130522,23.84,24.209999,23.50,22.801165,1638200
SEE,20130521,23.76,23.950001,23.65,22.984346,1786200
SEE,20130520,23.82,24.040001,23.74,22.936141,1172100
SEE,20130517,23.67,24.040001,23.620001,23.003629,2082200
SEE,20130516,23.219999,23.799999,23.219999,22.772243,3255500
SEE,20130515,23.120001,23.43,22.90,22.49265,1934200
SEE,20130514,22.82,23.23,22.82,22.357676,2077100
SEE,20130513,22.99,23.120001,22.700001,22.029879,1327500
SEE,20130510,22.75,23.17,22.75,22.270906,2977300
SEE,20130509,22.77,23.030001,22.68,21.923826,1388000
SEE,20130508,22.809999,22.98,22.639999,22.000955,2620000
SEE,20130507,22.719999,22.940001,22.60,22.020238,1413800
SEE,20130506,22.50,22.98,22.50,21.95275,1460700
SEE,20130503,22.030001,22.540001,22.01,21.702082,2340100
SEE,20130502,22.209999,22.51,21.68,20.988642,2784900
SEE,20130501,22.059999,23.040001,21.66,21.403209,3039500
SEE,20130430,22.129999,22.32,21.870001,21.32608,1982800
SEE,20130429,21.91,22.200001,21.76,21.297156,1924100
SEE,20130426,22.25,22.309999,21.790001,21.007924,1793300
SEE,20130425,22.190001,22.450001,21.879999,21.509259,1809800
SEE,20130424,21.959999,22.290001,21.90,21.277874,1704600
SEE,20130423,21.690001,21.92,21.559999,21.113975,1668800
SEE,20130422,21.50,21.75,21.280001,20.815102,1275400
SEE,20130419,21.200001,21.709999,21.16,20.709049,1327100
SEE,20130418,21.43,21.469999,20.98,20.390894,2094100
SEE,20130417,21.68,21.74,21.139999,20.62228,2407700
SEE,20130416,21.610001,21.950001,21.530001,21.085053,2247100
SEE,20130415,22.440001,22.440001,21.42,20.689767,2369700
SEE,20130412,22.809999,22.84,22.290001,21.837056,1710400
SEE,20130411,22.700001,23.01,22.559999,22.078084,2898600
SEE,20130410,22.120001,23.030001,22.120001,21.875622,2903700
SEE,20130409,22.23,22.32,21.91,21.297156,1763900
SEE,20130408,22.030001,22.389999,21.84,21.441772,2407200
SEE,20130405,21.690001,21.940001,21.459999,21.113975,5646700
SEE,20130404,22.35,22.559999,22.040001,21.248951,3959100
SEE,20130403,23.049999,23.110001,21.73,21.432131,7770100
SEE,20130402,23.809999,23.92,22.940001,22.222699,4058800
SEE,20130401,24.110001,24.309999,23.75,22.965063,1281000
SEE,20130328,24.33,24.549999,23.940001,23.244656,2218000
SEE,20130327,23.959999,24.26,23.85,23.360348,1096700
SEE,20130326,23.90,24.25,23.82,23.331426,1331600
SEE,20130325,23.82,24.02,23.50,22.887935,2346800
SEE,20130322,23.639999,23.83,23.450001,22.859011,1555000
SEE,20130321,24.10,24.200001,23.57,22.733678,1898400
SEE,20130320,24.10,24.379999,23.99,23.408554,1947600
SEE,20130319,24.040001,24.360001,23.73,23.138603,1961600
SEE,20130318,24.049999,24.35,23.940001,23.157886,2052300
SEE,20130315,24.280001,25.08,24.110001,23.398913,4841700
SEE,20130314,23.35,24.200001,23.35,23.283219,3371200
SEE,20130313,22.82,23.639999,22.809999,22.483009,2995300
SEE,20130312,22.870001,23.07,22.68,21.95275,1773000
SEE,20130311,22.52,23.07,22.50,22.010596,2149600
SEE,20130308,22.52,22.719999,22.49,21.692441,2495800
SEE,20130307,22.32,22.540001,22.00,21.557466,3909200
SEE,20130306,22.82,22.870001,22.33,21.538183,2889200
SEE,20130305,22.549999,22.82,22.50,21.914185,1843300
SEE,20130304,22.33,22.52,22.190001,21.624953,1852900
SEE,20130301,22.129999,22.440001,21.99,21.576747,2536200
SEE,20130228,21.879999,22.280001,21.799999,21.412848,2891900
SEE,20130227,21.379999,21.98,21.190001,21.056129,3183100
SEE,20130226,21.15,21.620001,21.08,20.680127,3622200
SEE,20130225,21.08,21.629999,20.93,20.200976,5200900
SEE,20130222,20.74,21.440001,20.74,20.143479,3583100
SEE,20130221,20.440001,20.719999,20.18,19.79849,3621900
SEE,20130220,21.049999,21.450001,20.49,19.683495,7209200
SEE,20130219,19.51,23.27,19.469999,20.268057,18274500
SEE,20130215,19.040001,19.50,18.93,18.591031,2462400
SEE,20130214,18.93,19.049999,18.85,18.178962,1753500
SEE,20130213,18.950001,19.110001,18.870001,18.188545,1587100
SEE,20130212,19.08,19.129999,18.83,18.159797,2683400
SEE,20130211,19.209999,19.24,19.059999,18.313125,1132100
SEE,20130208,19.24,19.299999,19.09,18.447286,1332000
SEE,20130207,19.51,19.540001,19.139999,18.42812,2275800
SEE,20130206,19.299999,19.620001,19.24,18.706028,2725700
SEE,20130205,19.00,19.450001,18.940001,18.610198,2176300
SEE,20130204,18.93,19.059999,18.799999,18.111881,2774500
SEE,20130201,18.83,19.280001,18.809999,18.284375,2306000
SEE,20130131,18.59,18.84,18.59,17.939386,1201800
SEE,20130130,18.639999,18.83,18.620001,17.881889,1474200
SEE,20130129,18.58,18.690001,18.50,17.910639,971500
SEE,20130128,18.620001,18.780001,18.41,17.862722,1398200
SEE,20130125,18.99,19.02,18.49,17.843558,3184300
SEE,20130124,18.93,19.040001,18.82,18.14063,1383700
SEE,20130123,18.82,19.00,18.77,18.14063,1738800
SEE,20130122,18.76,18.860001,18.50,18.07355,3496600
SEE,20130118,18.85,18.889999,18.52,18.01605,1291800
SEE,20130117,18.700001,18.950001,18.60,18.0448,1652100
SEE,20130116,18.559999,18.65,18.40,17.814808,1812900
SEE,20130115,18.200001,18.299999,18.08,17.517735,1308000
SEE,20130114,18.23,18.389999,18.200001,17.56565,1612200
SEE,20130111,18.27,18.27,17.860001,17.460236,1917400
SEE,20130110,18.299999,18.33,18.110001,17.527319,2091000
SEE,20130109,18.219999,18.35,18.139999,17.460236,1546100
SEE,20130108,18.17,18.290001,18.10,17.441071,2511700
SEE,20130107,18.00,18.17,18.00,17.402739,1679000
SEE,20130104,18.02,18.15,17.969999,17.354824,1398000
SEE,20130103,17.940001,18.32,17.92,17.249411,2034400
SEE,20130102,17.90,18.10,17.780001,17.191913,2142800
