WMT,20151030,57.73,58.119999,57.240002,57.240002,15759400
WMT,20151029,57.720001,58.119999,57.48,57.959999,12573100
WMT,20151028,57.66,57.720001,57.16,57.639999,11803100
WMT,20151027,58.009998,58.040001,57.380001,57.48,10427700
WMT,20151026,58.400002,58.450001,57.970001,58.02,10820500
WMT,20151023,59.189999,59.279999,58.220001,58.299999,13015000
WMT,20151022,58.939999,59.959999,58.639999,58.900002,14553400
WMT,20151021,58.799999,59.040001,58.57,58.639999,13117600
WMT,20151020,58.860001,59.00,58.57,58.75,10264200
WMT,20151019,58.790001,59.299999,58.50,58.849998,17685800
WMT,20151016,59.470001,59.490002,58.369999,58.889999,25860500
WMT,20151015,59.700001,60.470001,58.610001,59.330002,45746400
WMT,20151014,66.610001,67.949997,60.02,60.029999,80604500
WMT,20151013,66.620003,66.940002,66.260002,66.730003,8803100
WMT,20151012,66.669998,67.00,66.580002,66.93,5629300
WMT,20151009,66.940002,67.019997,66.510002,66.690002,6659100
WMT,20151008,66.230003,66.989998,66.150002,66.879997,5939400
WMT,20151007,65.839996,66.360001,65.769997,66.360001,7136000
WMT,20151006,65.540001,65.949997,65.18,65.68,7296300
WMT,20151005,65.209999,65.919998,65.139999,65.870003,6106500
WMT,20151002,63.759998,64.980003,63.41,64.980003,7049900
WMT,20151001,64.760002,64.940002,63.880001,64.269997,7767900
WMT,20150930,64.43,64.940002,63.93,64.839996,7899600
WMT,20150929,63.75,64.040001,63.23,63.779999,7631100
WMT,20150928,63.599998,63.950001,63.48,63.66,9260600
WMT,20150925,64.07,64.459999,63.619999,63.779999,7142500
WMT,20150924,63.360001,63.98,63.299999,63.830002,6822300
WMT,20150923,63.720001,63.93,63.119999,63.720001,5856700
WMT,20150922,63.23,63.82,62.919998,63.59,8592000
WMT,20150921,63.75,64.00,63.369999,63.720001,7117300
WMT,20150918,63.75,64.230003,63.259998,63.34,12786000
WMT,20150917,64.699997,65.290001,64.160004,64.470001,7039800
WMT,20150916,64.599998,64.769997,64.050003,64.690002,5624100
WMT,20150915,64.480003,64.699997,64.050003,64.32,6800200
WMT,20150914,64.650002,64.669998,63.82,64.279999,6900100
WMT,20150911,64.18,64.68,63.990002,64.650002,8027300
WMT,20150910,64.07,64.650002,63.830002,64.120003,14510800
WMT,20150909,66.860001,67.010002,65.010002,65.120003,9420500
WMT,20150908,65.230003,66.50,65.18,66.379997,17611200
WMT,20150904,64.07,64.300003,63.509998,63.889999,9208000
WMT,20150903,64.720001,65.010002,64.389999,64.860001,8486300
WMT,20150902,64.589996,64.940002,64.059998,64.440002,9437400
WMT,20150901,63.799999,64.32,63.27,63.82,13374000
WMT,20150831,64.82,65.00,64.290001,64.730003,8126000
WMT,20150828,66.089996,66.120003,64.449997,64.940002,14296800
WMT,20150827,65.32,66.18,64.949997,66.080002,13737900
WMT,20150826,64.230003,64.849998,63.02,64.830002,13888600
WMT,20150825,65.449997,65.709999,63.00,63.099998,14801000
WMT,20150824,63.740002,66.160004,61.50,63.950001,22018100
WMT,20150821,67.910004,68.309998,66.540001,66.540001,15550200
WMT,20150820,68.080002,69.300003,67.940002,68.43,9841000
WMT,20150819,68.870003,69.389999,67.769997,68.57,16301600
WMT,20150818,70.00,70.50,69.239998,69.480003,21166300
WMT,20150817,71.830002,72.230003,71.760002,71.910004,7496400
WMT,20150814,72.300003,72.599998,72.040001,72.379997,5853300
WMT,20150813,72.400002,72.769997,71.970001,72.110001,7547500
WMT,20150812,71.529999,72.660004,71.269997,72.580002,8841400
WMT,20150811,71.25,72.370003,71.150002,71.93,6713100
WMT,20150810,71.50,71.75,71.339996,71.480003,5913600
WMT,20150807,72.709999,72.830002,71.169998,71.25,7785800
WMT,20150806,73.349998,73.379997,72.660004,72.790001,6367700
WMT,20150805,72.389999,73.690002,72.25,73.510002,8715800
WMT,20150804,72.419998,72.800003,71.93,71.760001,5873400
WMT,20150803,71.839996,72.379997,71.839996,71.690476,5131800
WMT,20150731,72.440002,72.489998,71.660004,71.491835,7928400
WMT,20150730,72.029999,72.529999,71.779999,71.670615,4604500
WMT,20150729,72.25,72.629997,72.089996,71.74014,4939700
WMT,20150728,71.529999,72.389999,71.230003,71.611017,8592300
WMT,20150727,71.379997,71.650002,71.010002,70.895898,6197600
WMT,20150724,72.529999,72.559998,71.50,71.094547,5951100
WMT,20150723,73.07,73.220001,72.419998,72.01824,4252900
WMT,20150722,72.779999,73.82,72.779999,72.663833,6961600
WMT,20150721,73.099998,73.290001,72.529999,72.246676,6441100
WMT,20150720,73.349998,73.440002,73.059998,72.604235,5085600
WMT,20150717,73.739998,74.07,73.309998,72.892269,5680600
WMT,20150716,73.970001,74.139999,73.760002,73.329287,5231700
WMT,20150715,73.589996,73.900002,73.190002,73.150508,4566700
WMT,20150714,73.980003,74.089996,73.480003,73.289557,5518200
WMT,20150713,73.510002,74.110001,73.510002,73.378943,6084500
WMT,20150710,73.080002,73.550003,73.080002,72.624103,5579300
WMT,20150709,73.669998,73.730003,72.709999,72.286405,8695800
WMT,20150708,73.300003,73.589996,72.900002,72.564505,7791000
WMT,20150707,72.660004,73.860001,72.00,73.289557,12421300
WMT,20150706,71.379997,72.690002,71.379997,72.038101,10536500
WMT,20150702,72.019997,72.559998,71.660004,71.372646,6586100
WMT,20150701,71.599998,71.949997,70.360001,71.392507,10773900
WMT,20150630,71.809998,71.809998,70.779999,70.448953,11102600
WMT,20150629,71.800003,72.00,71.410004,70.935628,8187800
WMT,20150626,71.959999,72.459999,71.870003,71.630885,6897800
WMT,20150625,72.449997,72.629997,71.830002,71.372646,5293200
WMT,20150624,72.559998,72.650002,72.139999,71.889116,7338400
WMT,20150623,72.889999,72.940002,72.339996,72.07783,7876300
WMT,20150622,72.980003,73.190002,72.690002,72.296339,6489500
WMT,20150619,72.800003,73.220001,72.699997,72.246676,14550700
WMT,20150618,72.739998,73.480003,72.739998,72.485053,8376600
WMT,20150617,72.629997,72.900002,72.339996,72.236749,5703900
WMT,20150616,72.220001,72.580002,71.720001,71.859321,6215600
WMT,20150615,72.199997,72.400002,71.699997,71.442171,7566800
WMT,20150612,72.739998,72.900002,72.400002,71.93878,7246600
WMT,20150611,73.230003,73.669998,72.839996,72.445324,7420000
WMT,20150610,72.709999,73.330002,72.339996,72.435389,11215800
WMT,20150609,72.699997,72.849998,72.360001,71.97851,8335600
WMT,20150608,73.43,73.489998,72.599998,72.11756,9593000
WMT,20150605,74.169998,74.269997,72.980003,72.564505,10635100
WMT,20150604,74.459999,74.980003,73.949997,73.647117,8982800
WMT,20150603,74.699997,75.199997,74.470001,74.382096,6093800
WMT,20150602,74.540001,75.00,74.419998,74.024537,5797800
WMT,20150601,74.690002,75.080002,74.410004,74.223185,5646000
WMT,20150529,74.82,74.879997,74.150002,73.766298,6375100
WMT,20150528,75.07,75.160004,74.650002,74.332432,5025500
WMT,20150527,75.010002,75.510002,75.00,74.680064,6987100
WMT,20150526,75.769997,75.830002,74.82,74.39203,10573600
WMT,20150522,76.199997,76.379997,75.860001,75.345518,6815000
WMT,20150521,75.800003,76.419998,75.559998,75.593823,6756200
WMT,20150520,76.480003,76.50,75.830002,75.385248,10541900
WMT,20150519,78.18,78.360001,76.230003,75.911652,22458600
WMT,20150518,79.370003,79.940002,79.160004,79.377981,8300300
WMT,20150515,78.709999,79.25,78.57,78.702593,6617200
WMT,20150514,78.370003,78.769997,78.019997,78.186123,6170200
WMT,20150513,79.18,79.43,77.980003,77.629923,8421200
WMT,20150512,78.019997,79.480003,77.870003,78.424493,8449000
WMT,20150511,78.32,78.610001,78.029999,77.570325,3744900
WMT,20150508,78.599998,79.25,78.400002,77.997409,5347400
WMT,20150507,77.730003,78.339996,77.300003,77.5008,5538100
WMT,20150506,77.919998,78.120003,77.169998,77.12338,5480100
WMT,20150505,79.010002,79.010002,78.059998,77.11344,5855400
WMT,20150504,78.980003,79.550003,78.459999,78.149782,6669200
WMT,20150501,78.199997,78.760002,78.169998,77.577326,4999700
WMT,20150430,77.830002,78.480003,77.589996,77.034487,8795900
WMT,20150429,78.699997,78.790001,77.790001,76.866693,7108400
WMT,20150428,79.459999,79.480003,78.769997,78.070821,4895900
WMT,20150427,79.769997,79.860001,79.290001,78.337312,6449800
WMT,20150424,79.379997,80.93,79.239998,78.80119,6867800
WMT,20150423,78.379997,79.540001,78.199997,78.149782,7468900
WMT,20150422,77.730003,78.639999,77.550003,77.40954,7594700
WMT,20150421,78.610001,78.839996,77.910004,77.014743,6200200
WMT,20150420,78.389999,78.830002,78.019997,77.123312,8847600
WMT,20150417,78.940002,79.150002,77.550003,76.866693,11822800
WMT,20150416,79.50,79.889999,79.129997,78.208998,8015100
WMT,20150415,80.580002,80.980003,79.650002,78.702493,6200400
WMT,20150414,80.290001,80.419998,79.68,79.107162,5531700
WMT,20150413,80.400002,80.919998,80.269997,79.24534,4698100
WMT,20150410,80.860001,81.00,80.550003,79.600656,5480300
WMT,20150409,80.839996,81.389999,80.580002,79.788179,3923600
WMT,20150408,80.389999,81.230003,80.360001,79.97571,6694700
WMT,20150407,81.089996,81.290001,80.459999,79.452607,6606100
WMT,20150406,80.459999,81.330002,80.150002,79.936229,6380700
WMT,20150402,80.730003,81.32,80.550003,79.679617,5795700
WMT,20150401,82.279999,82.279999,80.43,79.659873,8306700
WMT,20150331,82.389999,83.040001,82.25,81.179837,5587700
WMT,20150330,81.699997,82.800003,81.43,81.456193,5701700
WMT,20150327,81.849998,82.18,81.25,80.291546,5717400
WMT,20150326,80.93,82.309998,80.650002,80.824521,8267200
WMT,20150325,83.089996,83.25,81.309998,80.261937,6645900
WMT,20150324,83.190002,83.709999,82.959999,81.969431,5359100
WMT,20150323,83.18,83.900002,83.120003,82.226043,6505700
WMT,20150320,81.830002,83.489998,81.709999,82.156954,12365300
WMT,20150319,82.330002,82.440002,81.370003,80.459332,7212900
WMT,20150318,81.980003,82.959999,81.160004,81.456193,10252300
WMT,20150317,82.980003,83.010002,82.239998,81.545026,4802000
WMT,20150316,82.449997,83.370003,82.440002,82.206307,6519100
WMT,20150313,81.949997,82.25,81.290001,80.834393,4762200
WMT,20150312,80.809998,82.120003,80.779999,80.834393,5225800
WMT,20150311,81.82,81.970001,80.540001,79.640137,6160900
WMT,20150310,82.269997,82.50,82.07,80.518556,6311100
WMT,20150309,82.589996,83.339996,82.540001,81.313241,4671500
WMT,20150306,82.809998,83.099998,82.379997,81.028722,5731000
WMT,20150305,83.150002,83.870003,82.959999,81.9902,5997500
WMT,20150304,83.209999,83.209999,82.199997,81.018917,6214400
WMT,20150303,83.660004,83.82,83.169998,81.793984,6460800
WMT,20150302,83.93,84.00,83.199997,82.372827,6061500
WMT,20150227,83.720001,84.160004,83.400002,82.343395,5877400
WMT,20150226,83.849998,83.860001,83.269997,82.215855,5888100
WMT,20150225,84.629997,84.720001,83.519997,81.9902,6808400
WMT,20150224,84.519997,84.82,83.919998,82.971296,5197700
WMT,20150223,84.389999,84.860001,84.230003,83.000728,6730400
WMT,20150220,82.730003,84.379997,82.550003,82.706403,13840400
WMT,20150219,84.50,84.800003,83.389999,81.941142,18646800
WMT,20150218,85.959999,86.300003,85.519997,84.658782,6032700
WMT,20150217,85.43,85.970001,84.970001,84.335019,5087200
WMT,20150213,85.839996,86.160004,85.32,84.187853,5597000
WMT,20150212,86.559998,86.68,85.230003,84.266342,6941600
WMT,20150211,86.629997,87.120003,85.919998,84.707833,5853100
WMT,20150210,86.620003,87.410004,86.419998,85.639878,5732100
WMT,20150209,86.970001,87.190002,85.639999,84.285969,5456200
WMT,20150206,87.260002,88.00,86.779999,85.679123,5550700
WMT,20150205,87.110001,87.360001,86.559998,85.630065,5090800
WMT,20150204,86.110001,87.040001,86.00,85.011978,8932300
WMT,20150203,85.830002,86.529999,85.660004,84.560674,8283500
WMT,20150202,84.790001,85.870003,83.93,84.089745,6927200
WMT,20150130,86.779999,87.360001,84.900002,83.373549,10280200
WMT,20150129,87.07,87.720001,86.269997,86.06175,6522800
WMT,20150128,88.019997,88.230003,86.769997,85.178762,5936800
WMT,20150127,88.279999,88.459999,87.260002,85.875339,6020500
WMT,20150126,88.309998,89.160004,88.120003,86.954544,4666700
WMT,20150123,88.419998,89.260002,87.889999,86.836817,7565800
WMT,20150122,87.230003,88.400002,86.860001,86.630788,7123800
WMT,20150121,86.099998,86.910004,85.709999,85.002165,8173800
WMT,20150120,86.82,87.699997,85.550003,85.051222,7853100
WMT,20150116,87.199997,87.459999,86.230003,85.129704,8408900
WMT,20150115,87.00,87.779999,86.699997,85.728174,9412700
WMT,20150114,87.650002,88.519997,86.50,84.972733,11954300
WMT,20150113,90.800003,90.970001,88.93,87.621689,8215400
WMT,20150112,89.360001,90.309998,89.220001,88.318267,7372500
WMT,20150109,90.32,90.389999,89.25,87.660934,8522500
WMT,20150108,89.209999,90.669998,89.07,88.759764,12713600
WMT,20150107,86.779999,88.68,86.669998,86.925112,8498400
WMT,20150106,85.980003,86.75,85.790001,84.678401,8205100
WMT,20150105,85.720001,86.32,85.510002,84.030882,6979000
WMT,20150102,86.269997,86.720001,85.550003,84.276156,4501800
WMT,20141231,87.080002,87.440002,85.860001,84.256529,4151400
WMT,20141230,86.519997,87.129997,86.480003,85.14933,3265400
WMT,20141229,86.459999,87.07,86.400002,85.002165,3605600
WMT,20141226,86.18,87.139999,86.010002,85.267065,3249300
WMT,20141224,86.970001,87.07,86.389999,84.796135,2491800
WMT,20141223,86.690002,87.080002,86.360001,85.021791,5552600
WMT,20141222,85.32,86.400002,85.290001,84.747077,4575800
WMT,20141219,86.260002,86.339996,85.160004,83.550147,12068800
WMT,20141218,84.800003,85.949997,84.279999,84.3154,8645900
WMT,20141217,83.279999,84.260002,82.949997,82.637727,6641000
WMT,20141216,83.620003,84.760002,82.940002,81.391731,7437400
WMT,20141215,84.260002,84.699997,83.050003,82.353208,6317700
WMT,20141212,83.519997,85.00,83.519997,82.225661,7284100
WMT,20141211,83.199997,84.50,83.160004,82.245287,8032800
WMT,20141210,83.93,84.309998,82.900002,81.411357,6973600
WMT,20141209,83.650002,84.209999,82.650002,81.980387,6633600
WMT,20141208,84.150002,84.669998,83.849998,82.637727,6266000
WMT,20141205,84.809998,84.82,83.510002,82.529806,6570100
WMT,20141204,84.129997,84.82,83.650002,83.157707,6901400
WMT,20141203,85.949997,86.00,84.68,83.334304,6374300
WMT,20141202,86.269997,86.699997,85.93,84.295776,6738900
WMT,20141201,86.720001,87.07,85.75,84.12016,9140900
WMT,20141128,86.18,88.089996,85.900002,85.408012,7820600
WMT,20141126,84.900002,85.110001,84.480003,82.910361,3942800
WMT,20141125,85.50,85.510002,84.389999,82.881086,6673700
WMT,20141124,84.849998,85.610001,84.769997,83.320131,7995500
WMT,20141121,85.339996,85.440002,84.580002,82.588397,6649600
WMT,20141120,84.809998,85.290001,84.040001,82.520102,7812300
WMT,20141119,83.959999,85.639999,83.919998,82.920113,12187000
WMT,20141118,83.50,83.919998,83.339996,81.749341,6096400
WMT,20141117,82.580002,83.720001,82.529999,81.534698,7993300
WMT,20141114,82.580002,83.150002,82.099998,80.939553,10634000
WMT,20141113,80.959999,83.059998,80.860001,80.920044,22805800
WMT,20141112,78.830002,79.440002,78.650002,77.271124,6791200
WMT,20141111,79.400002,79.419998,78.849998,77.085756,5602400
WMT,20141110,78.599998,80.129997,78.419998,77.505284,12640500
WMT,20141107,77.839996,79.080002,77.610001,76.851596,9498800
WMT,20141106,78.150002,78.18,77.169998,75.914977,4621900
WMT,20141105,77.870003,78.230003,77.300003,75.807656,5673800
WMT,20141104,76.489998,77.370003,76.279999,75.378377,6904900
WMT,20141103,76.349998,76.379997,75.589996,74.422241,6894400
WMT,20141031,76.889999,77.400002,76.010002,74.412482,7570700
WMT,20141030,76.169998,76.599998,75.980003,74.588099,4872400
WMT,20141029,76.550003,76.639999,75.970001,74.529562,5759700
WMT,20141028,76.629997,76.800003,76.00,74.490536,4979600
WMT,20141027,76.330002,76.980003,76.309998,74.724688,4107400
WMT,20141024,76.129997,76.50,75.50,74.519804,4479600
WMT,20141023,76.370003,76.650002,75.779999,74.392973,6367100
WMT,20141022,76.470001,76.660004,76.010002,74.178329,5927600
WMT,20141021,75.18,76.199997,75.010002,74.168571,8299700
WMT,20141020,74.139999,75.220001,73.919998,73.310005,7040700
WMT,20141017,74.18,74.50,73.029999,72.295333,11462300
WMT,20141016,73.230003,74.07,72.610001,72.022154,14346600
WMT,20141015,77.580002,77.690002,74.360001,73.368542,21057700
WMT,20141014,77.830002,78.629997,77.669998,76.080843,7901100
WMT,20141013,78.029999,78.580002,77.449997,75.671066,8201200
WMT,20141010,77.93,79.370003,77.93,76.38329,10078000
WMT,20141009,78.110001,78.830002,77.660004,75.963763,7072700
WMT,20141008,77.410004,78.489998,76.809998,76.334505,8107100
WMT,20141007,77.029999,77.690002,76.720001,75.417403,7059900
WMT,20141006,77.050003,77.919998,76.989998,75.466181,5429700
WMT,20141003,76.57,77.480003,76.529999,75.436913,5819700
WMT,20141002,76.209999,76.910004,75.959999,74.373463,4921200
WMT,20141001,76.510002,76.860001,75.910004,74.266141,6524900
WMT,20140930,76.040001,76.720001,75.769997,74.607616,5640700
WMT,20140929,76.059998,76.25,75.650002,74.227115,4959300
WMT,20140926,76.25,76.57,75.860001,74.627125,3752900
WMT,20140925,76.93,77.050003,76.120003,74.266141,4963500
WMT,20140924,75.730003,77.309998,75.699997,75.20276,8434600
WMT,20140923,76.00,76.220001,75.57,73.758801,6708000
WMT,20140922,76.790001,76.860001,76.25,74.451509,4450700
WMT,20140919,76.449997,77.07,76.379997,74.9686,13323500
WMT,20140918,76.309998,76.580002,75.910004,74.363704,4751700
WMT,20140917,76.360001,76.470001,76.010002,74.383214,4239000
WMT,20140916,75.639999,76.57,75.599998,74.461267,4109500
WMT,20140915,75.779999,75.889999,75.610001,73.963686,3748500
WMT,20140912,75.970001,76.050003,75.660004,73.924659,5693800
WMT,20140911,76.349998,76.440002,76.089996,74.246624,4953300
WMT,20140910,76.790001,77.080002,76.370003,74.646643,6697100
WMT,20140909,76.559998,77.00,76.169998,74.871037,5632000
WMT,20140908,77.129997,77.32,76.43,74.666152,5938900
WMT,20140905,76.519997,77.730003,76.480003,75.622288,7841800
WMT,20140904,76.160004,76.599998,76.110001,74.69542,5282300
WMT,20140903,75.949997,76.330002,75.879997,74.15882,4709400
WMT,20140902,75.419998,75.940002,75.410004,73.90515,4532400
WMT,20140829,75.75,75.879997,75.290001,73.661238,5080500
WMT,20140828,75.470001,75.940002,75.470001,74.051498,2923700
WMT,20140827,75.510002,75.860001,75.440002,74.002713,3200400
WMT,20140826,75.830002,76.150002,75.440002,73.680748,4222900
WMT,20140825,75.93,76.019997,75.510002,73.846613,3393600
WMT,20140822,75.779999,76.199997,75.639999,73.88564,4137800
WMT,20140821,75.059998,75.910004,75.00,73.710024,5260600
WMT,20140820,74.830002,75.050003,74.510002,73.134389,4898300
WMT,20140819,74.809998,74.940002,74.139999,73.056336,5047900
WMT,20140818,74.150002,74.68,74.050003,72.675834,4015700
WMT,20140815,74.650002,74.650002,73.489998,72.100207,6942700
WMT,20140814,73.889999,74.43,73.610001,72.578271,6136300
WMT,20140813,74.269997,74.410004,73.510002,72.227038,6619100
WMT,20140812,74.309998,74.440002,74.010002,72.412413,3928200
WMT,20140811,74.290001,74.599998,74.019997,72.549003,4721400
WMT,20140808,74.059998,74.730003,73.849998,72.851451,4996300
WMT,20140807,74.339996,74.809998,73.760002,72.148985,7049000
WMT,20140806,73.190002,74.290001,73.18,72.392896,7934800
WMT,20140805,73.309998,73.519997,72.769997,71.085532,10579900
WMT,20140804,73.379997,73.629997,73.059998,71.279388,5402100
WMT,20140801,73.32,73.879997,73.220001,71.279388,8223900
WMT,20140731,73.989998,74.25,73.540001,71.31816,9631600
WMT,20140730,75.879997,75.919998,74.669998,72.481269,9977200
WMT,20140729,75.209999,76.010002,75.150002,73.120984,6293500
WMT,20140728,75.43,75.93,75.360001,73.382681,5509900
WMT,20140725,76.190002,76.360001,75.800003,73.634691,3948400
WMT,20140724,76.68,76.790001,76.190002,74.003007,7228300
WMT,20140723,76.629997,77.059998,76.589996,74.623333,3994300
WMT,20140722,76.839996,76.889999,76.400002,74.284093,4383200
WMT,20140721,76.760002,76.910004,76.480003,74.410094,3457600
WMT,20140718,76.620003,77.099998,76.510002,74.720257,4913300
WMT,20140717,76.580002,77.050003,76.440002,74.255017,4630300
WMT,20140716,76.900002,77.050003,76.699997,74.497332,3743500
WMT,20140715,76.559998,76.93,76.559998,74.477942,4656900
WMT,20140714,77.129997,77.25,76.480003,74.196863,4822900
WMT,20140711,76.870003,76.970001,76.559998,74.45856,4547500
WMT,20140710,76.910004,77.57,76.910004,74.691181,5372500
WMT,20140709,76.769997,77.330002,76.620003,74.836571,6240100
WMT,20140708,76.089996,76.980003,76.029999,74.293788,7960500
WMT,20140707,75.690002,76.209999,75.550003,73.731615,5028000
WMT,20140703,75.610001,76.050003,75.519997,73.421452,2874000
WMT,20140702,75.260002,75.900002,75.25,73.295451,4366800
WMT,20140701,75.269997,75.419998,74.75,72.965899,6604500
WMT,20140630,75.400002,75.690002,74.940002,72.762355,6666600
WMT,20140627,74.800003,75.379997,74.669998,73.024052,13960800
WMT,20140626,75.519997,75.610001,74.699997,72.607277,6922100
WMT,20140625,75.760002,75.839996,75.279999,73.295451,4318200
WMT,20140624,76.029999,76.209999,75.68,73.634691,5652300
WMT,20140623,75.559998,75.940002,75.300003,73.460224,4267400
WMT,20140620,76.160004,76.169998,75.120003,73.353604,11330700
WMT,20140619,75.879997,76.279999,75.800003,73.537766,5255300
WMT,20140618,75.040001,75.959999,74.919998,73.372986,6740700
WMT,20140617,75.290001,75.419998,74.919998,72.684813,6544200
WMT,20140616,75.110001,75.480003,75.019997,73.024052,3846900
WMT,20140613,75.669998,75.760002,75.120003,72.965899,4981500
WMT,20140612,76.050003,76.190002,75.580002,73.40207,5336600
WMT,20140611,76.550003,76.739998,76.050003,73.818853,4463300
WMT,20140610,76.809998,76.940002,76.510002,74.264711,3365700
WMT,20140609,77.07,77.760002,76.699997,74.642722,5547600
WMT,20140606,77.459999,77.589996,77.07,74.836571,4188900
WMT,20140605,77.050003,77.440002,76.870003,74.94319,4695800
WMT,20140604,76.599998,77.300003,76.529999,74.759029,6199900
WMT,20140603,76.739998,76.970001,76.360001,74.351941,7213600
WMT,20140602,76.580002,77.110001,76.470001,74.400407,4390400
WMT,20140530,76.059998,76.809998,76.010002,74.410094,5964800
WMT,20140529,75.669998,76.190002,75.57,73.644385,4003500
WMT,20140528,75.379997,75.940002,75.339996,73.208214,5036900
WMT,20140527,75.709999,75.809998,75.290001,73.266367,5370800
WMT,20140523,75.559998,75.75,75.43,73.285756,3703600
WMT,20140522,75.790001,75.919998,75.239998,73.072518,5243700
WMT,20140521,75.940002,75.959999,75.269997,73.334222,5704100
WMT,20140520,76.360001,76.370003,75.519997,73.363299,7436700
WMT,20140519,77.110001,77.129997,76.50,74.255017,6131300
WMT,20140516,77.00,77.379997,76.650002,74.642722,7243800
WMT,20140515,76.279999,77.440002,76.25,74.468255,13035800
WMT,20140514,79.050003,79.050003,78.07,76.319538,5608300
WMT,20140513,79.169998,79.370003,78.989998,76.707243,4363700
WMT,20140512,78.949997,79.230003,78.650002,76.716938,5999800
WMT,20140509,78.519997,79.279999,78.519997,76.765397,4896400
WMT,20140508,78.00,78.830002,78.00,76.271079,4820600
WMT,20140507,77.849998,78.099998,77.529999,75.563516,6086200
WMT,20140506,78.330002,78.389999,77.970001,75.146737,5638900
WMT,20140505,78.860001,78.949997,78.510002,75.734348,4591000
WMT,20140502,79.599998,79.760002,79.010002,76.215996,5620000
WMT,20140501,79.730003,79.730003,79.160004,76.774702,5098000
WMT,20140430,79.589996,79.93,79.510002,76.784337,6111700
WMT,20140429,79.839996,79.870003,79.57,76.745804,4695700
WMT,20140428,78.860001,79.989998,78.830002,76.832505,9598700
WMT,20140425,78.309998,78.779999,78.019997,75.734348,5392600
WMT,20140424,78.169998,78.470001,77.699997,75.435721,4347500
WMT,20140423,77.82,78.279999,77.57,75.175634,5806200
WMT,20140422,77.519997,77.830002,77.389999,74.713249,6465500
WMT,20140421,77.410004,77.730003,77.18,74.751782,4595100
WMT,20140417,77.080002,77.75,77.080002,74.809584,6964700
WMT,20140416,77.309998,77.470001,77.029999,74.385732,5036800
WMT,20140415,77.029999,77.309998,76.440002,74.058207,6928600
WMT,20140414,76.940002,77.550003,76.790001,74.539855,5375900
WMT,20140411,76.779999,77.230003,76.290001,73.692157,7979000
WMT,20140410,77.949997,78.139999,76.650002,74.067842,7599600
WMT,20140409,78.199997,78.220001,77.279999,75.108204,6877800
WMT,20140408,77.089996,78.309998,76.800003,75.310495,7498700
WMT,20140407,77.230003,77.720001,77.089996,74.472425,7675700
WMT,20140404,77.580002,77.900002,77.25,74.472425,6760200
WMT,20140403,77.199997,77.550003,77.00,74.616921,6040500
WMT,20140402,76.580002,77.190002,76.339996,74.347199,6078100
WMT,20140401,76.760002,77.25,76.540001,73.952244,5770000
WMT,20140331,76.349998,76.779999,76.019997,73.624727,4695600
WMT,20140328,76.260002,76.599998,75.769997,73.220144,5871100
WMT,20140327,76.379997,76.82,76.040001,73.34537,5596600
WMT,20140326,77.080002,77.529999,76.230003,73.432071,7727800
WMT,20140325,76.879997,77.139999,76.160004,74.04858,7382200
WMT,20140324,76.209999,76.800003,76.110001,73.942616,7279500
WMT,20140321,75.889999,77.019997,75.449997,73.306837,17160200
WMT,20140320,74.019997,75.68,73.860001,72.613263,8637500
WMT,20140319,74.559998,75.110001,74.019997,71.649967,5761100
WMT,20140318,74.660004,74.989998,74.449997,72.025652,3943800
WMT,20140317,74.300003,74.849998,74.010002,71.938959,5780400
WMT,20140314,74.669998,75.07,74.269997,71.553639,6619000
WMT,20140313,75.709999,76.18,74.910004,72.179783,5824500
WMT,20140312,74.849998,75.75,74.82,72.757759,8627600
WMT,20140311,74.720001,74.970001,74.199997,72.170148,9005600
WMT,20140310,74.519997,74.599998,74.050003,71.698135,4827000
WMT,20140307,74.959999,74.959999,74.360001,71.84263,5054600
WMT,20140306,74.860001,75.110001,74.510002,71.669232,5106600
WMT,20140305,75.32,75.330002,74.580002,71.592668,5524800
WMT,20140304,74.769997,75.489998,74.660004,71.908513,7543800
WMT,20140303,74.489998,74.669998,73.830002,70.941825,5347600
WMT,20140228,74.480003,75.190002,74.199997,71.49695,7444600
WMT,20140227,74.779999,74.779999,74.089996,71.362954,5448200
WMT,20140226,73.940002,75.099998,73.790001,71.573522,9022200
WMT,20140225,73.18,73.739998,73.089996,70.204838,9482700
WMT,20140224,73.239998,73.82,73.139999,70.204838,7321500
WMT,20140221,73.190002,73.400002,72.82,69.984704,8971000
WMT,20140220,73.050003,74.00,72.809998,70.367547,13079100
WMT,20140219,75.010002,75.32,74.410004,71.64052,8130300
WMT,20140218,75.489998,75.650002,74.860001,72.099941,5993800
WMT,20140214,75.400002,75.989998,75.099998,72.540216,4908900
WMT,20140213,74.68,75.489998,74.559998,72.128654,5250200
WMT,20140212,74.220001,75.18,74.220001,71.745804,5339800
WMT,20140211,73.900002,74.849998,73.669998,71.592668,6511200
WMT,20140210,73.589996,73.760002,72.959999,70.597261,6204100
WMT,20140207,73.050003,73.800003,72.50,70.587688,7287600
WMT,20140206,72.970001,73.209999,72.50,69.697565,7353100
WMT,20140205,72.269997,73.160004,72.269997,69.745424,4774300
WMT,20140204,72.669998,73.099998,72.300003,69.611428,7755500
WMT,20140203,74.190002,74.50,72.540001,69.544429,10430700
WMT,20140131,73.919998,75.190002,73.639999,71.477811,10544800
WMT,20140130,74.540001,75.089996,74.360001,71.544809,6732900
WMT,20140129,75.290001,75.370003,74.07,70.922679,8433700
WMT,20140128,74.260002,75.400002,74.099998,71.468238,6023400
WMT,20140127,74.129997,74.370003,73.830002,70.970538,9088700
WMT,20140124,74.730003,75.120003,74.230003,71.228957,9332800
WMT,20140123,74.839996,75.120003,74.470001,71.745804,6006300
WMT,20140122,76.080002,76.080002,75.029999,72.11908,5853700
WMT,20140121,76.25,76.389999,74.860001,72.588068,8971100
WMT,20140117,76.730003,76.82,76.029999,72.923066,11440700
WMT,20140116,77.389999,77.470001,76.349998,73.468625,7201500
WMT,20140115,77.959999,78.099998,77.57,74.330035,4992400
WMT,20140114,77.459999,78.00,77.379997,74.617167,4088200
WMT,20140113,77.599998,77.970001,77.239998,74.167319,6157900
WMT,20140110,78.309998,78.720001,77.540001,74.693739,5181300
WMT,20140109,78.389999,78.400002,77.489998,74.74159,5916300
WMT,20140108,78.50,78.510002,77.599998,74.492744,5955200
WMT,20140107,78.169998,78.849998,77.919998,75.086155,5012300
WMT,20140106,78.860001,78.910004,77.790001,74.856448,7280200
WMT,20140103,78.809998,79.129997,78.519997,75.277583,4957400
WMT,20140102,78.720001,79.470001,78.50,75.526437,6878000
WMT,20131231,78.660004,78.870003,78.349998,75.315869,3859100
WMT,20131230,78.610001,78.879997,78.43,75.258437,3086500
WMT,20131227,78.599998,78.93,78.300003,75.105301,3050000
WMT,20131226,78.059998,78.519997,77.970001,75.02873,2778200
WMT,20131224,77.949997,78.239998,77.629997,74.665026,2094900
WMT,20131223,77.730003,77.989998,77.370003,74.53103,4491900
WMT,20131220,77.279999,77.879997,77.25,74.109894,9568800
WMT,20131219,77.669998,77.830002,77.199997,73.928039,5955400
WMT,20131218,77.279999,77.980003,76.809998,74.598028,10633700
WMT,20131217,77.739998,77.889999,77.220001,73.937612,5765400
WMT,20131216,78.25,78.50,77.599998,74.4066,6146900
WMT,20131213,78.730003,78.769997,77.93,74.732025,4981200
WMT,20131212,79.110001,79.260002,78.400002,75.134014,5691600
WMT,20131211,79.099998,79.720001,79.050003,75.698712,5998800
WMT,20131210,79.720001,79.800003,79.050003,75.689146,6285700
WMT,20131209,80.239998,80.43,79.699997,76.521836,4491600
WMT,20131206,79.709999,80.230003,79.639999,76.512271,5088100
WMT,20131205,79.720001,79.769997,78.870003,76.03371,6450000
WMT,20131204,80.639999,81.370003,79.910004,76.780263,7641200
WMT,20131203,81.209999,81.330002,80.699997,77.277965,7506400
WMT,20131202,80.889999,81.279999,80.370003,77.182808,6178400
WMT,20131129,81.169998,81.349998,80.82,77.087651,3447200
WMT,20131127,80.550003,81.00,80.379997,77.011523,4813300
WMT,20131126,80.440002,80.68,80.110001,76.773628,5537800
WMT,20131125,80.059998,80.57,79.910004,76.535732,5670400
WMT,20131122,78.870003,79.870003,78.75,75.945749,4812100
WMT,20131121,78.739998,79.199997,78.550003,75.041749,3841000
WMT,20131120,79.309998,79.389999,78.489998,75.079813,4511300
WMT,20131119,79.300003,79.349998,78.879997,75.412865,4455000
WMT,20131118,79.230003,79.32,78.910004,75.384319,5962700
WMT,20131115,78.93,79.290001,78.75,75.384319,5911100
WMT,20131114,77.75,79.529999,77.68,75.251098,9302100
WMT,20131113,78.419998,78.989998,78.349998,75.079813,8286700
WMT,20131112,78.849998,78.970001,78.25,74.89901,5266100
WMT,20131111,77.860001,79.07,77.790001,75.184488,7450500
WMT,20131108,77.489998,77.959999,76.790001,74.185324,5793800
WMT,20131107,78.190002,78.220001,77.239998,73.757115,8347600
WMT,20131106,77.639999,78.279999,77.300003,74.375644,4829200
WMT,20131105,76.809998,77.610001,76.720001,73.671469,5085500
WMT,20131104,77.220001,77.650002,77.199997,73.58583,4704100
WMT,20131101,76.970001,77.400002,76.589996,73.338416,5116100
WMT,20131031,76.879997,77.150002,76.599998,73.03391,4612400
WMT,20131030,77.269997,77.529999,76.559998,73.186167,4646000
WMT,20131029,77.25,77.629997,76.75,73.328899,7437600
WMT,20131028,76.160004,77.209999,76.050003,73.405027,7032400
WMT,20131025,76.370003,76.760002,75.779999,72.396352,6458800
WMT,20131024,76.029999,76.510002,75.82,72.719887,5864300
WMT,20131023,76.18,76.349998,75.809998,72.225067,5870100
WMT,20131022,75.43,76.489998,75.209999,72.62473,6948500
WMT,20131021,75.720001,75.82,74.82,71.511381,5364100
WMT,20131018,75.800003,75.93,75.480003,72.044264,6788500
WMT,20131017,75.489998,76.120003,71.690002,72.110875,6395100
WMT,20131016,74.809998,75.620003,74.57,71.93959,5914500
WMT,20131015,74.43,75.370003,73.989998,70.769148,8993300
WMT,20131014,74.339996,74.709999,73.75,71.064136,5904000
WMT,20131011,74.610001,74.830002,73.830002,71.197357,6529200
WMT,20131010,73.480003,74.870003,73.269997,71.168811,7680200
WMT,20131009,72.830002,73.339996,72.57,69.465478,6467400
WMT,20131008,71.849998,73.190002,71.800003,69.370322,9224200
WMT,20131007,72.419998,72.419998,71.510002,68.390193,6886400
WMT,20131004,73.010002,73.379997,72.790001,69.275165,5747700
WMT,20131003,73.529999,73.529999,72.949997,69.617735,7179600
WMT,20131002,73.389999,73.720001,73.040001,70.150618,7376100
WMT,20131001,73.870003,73.889999,73.32,70.026908,5675500
WMT,20130930,74.279999,74.599998,73.739998,70.378996,6752500
WMT,20130927,74.379997,74.459999,74.07,70.75963,4214600
WMT,20130926,74.779999,74.980003,74.220001,71.007044,5078100
WMT,20130925,75.910004,75.940002,73.559998,71.03559,14972300
WMT,20130924,76.400002,76.730003,75.690002,72.082329,6874800
WMT,20130923,75.389999,76.43,75.199997,72.719887,5604700
WMT,20130920,76.32,76.449997,75.830002,72.158457,8847600
WMT,20130919,76.50,76.529999,75.620003,72.520055,7109500
WMT,20130918,75.160004,76.529999,74.900002,72.719887,6881700
WMT,20130917,74.839996,75.470001,74.790001,71.511381,4291800
WMT,20130916,74.900002,75.190002,74.690002,71.159293,4200600
WMT,20130913,74.129997,74.400002,73.980003,70.75963,4020400
WMT,20130912,74.18,74.519997,73.769997,70.331421,5261800
WMT,20130911,74.00,74.239998,73.660004,70.464642,5335800
WMT,20130910,73.660004,74.209999,73.57,70.378996,6845300
WMT,20130909,72.849998,73.650002,72.699997,69.950787,5523000
WMT,20130906,72.699997,73.160004,72.190002,69.075326,5790200
WMT,20130905,72.839996,73.480003,72.620003,69.151455,4680500
WMT,20130904,72.699997,73.120003,72.449997,69.379839,4667500
WMT,20130903,73.480003,73.580002,72.540001,69.160972,7157000
WMT,20130830,72.639999,73.07,72.580002,69.44645,6066200
WMT,20130829,72.349998,72.879997,72.230003,68.923077,4088200
WMT,20130828,72.660004,72.860001,72.269997,68.875495,5608600
WMT,20130827,72.68,73.110001,72.510002,69.332257,5787600
WMT,20130826,73.639999,73.75,73.029999,69.494025,5348200
WMT,20130823,73.650002,73.75,73.029999,69.884177,5474100
WMT,20130822,73.809998,74.029999,73.239998,69.903205,3947400
WMT,20130821,73.160004,74.129997,72.93,69.988851,8077900
WMT,20130820,73.550003,73.620003,73.199997,69.684345,6663100
WMT,20130819,73.879997,73.93,73.209999,70.017398,5364900
WMT,20130816,74.120003,74.50,73.699997,70.521735,7254500
WMT,20130815,74.459999,75.080002,74.029999,70.807212,13221500
WMT,20130814,76.809998,77.220001,76.230003,72.700858,6820100
WMT,20130813,77.169998,77.25,76.220001,73.138585,6381000
WMT,20130812,76.559998,77.389999,76.489998,73.347934,5787000
WMT,20130809,77.209999,77.32,76.769997,73.176649,5764600
WMT,20130808,77.510002,77.889999,76.93,73.509701,4474700
WMT,20130807,77.160004,77.629997,76.620003,73.623894,5819700
WMT,20130806,78.559998,78.57,77.559998,73.652443,6700900
WMT,20130805,78.620003,79.00,78.43,74.503692,3906100
WMT,20130802,78.25,78.75,78.00,74.484778,6123900
WMT,20130801,78.419998,78.669998,78.110001,73.983485,5168700
WMT,20130731,77.919998,78.480003,77.730003,73.718651,6040800
WMT,20130730,78.209999,78.360001,77.690002,73.671356,4533700
WMT,20130729,77.830002,78.25,77.779999,73.765939,3465000
WMT,20130726,77.93,78.029999,77.099998,73.775399,5349100
WMT,20130725,78.050003,78.459999,77.629997,73.78486,5920200
WMT,20130724,78.68,78.690002,77.720001,73.992945,4930000
WMT,20130723,77.959999,78.629997,77.800003,74.295613,5252900
WMT,20130722,77.889999,78.25,77.730003,73.652443,4158200
WMT,20130719,77.449997,78.169998,77.339996,73.851068,6825900
WMT,20130718,77.220001,77.550003,77.010002,73.151142,4149900
WMT,20130717,77.620003,77.790001,77.089996,73.018726,5351300
WMT,20130716,76.980003,77.449997,76.900002,73.179524,4707600
WMT,20130715,77.300003,77.300003,76.699997,72.857935,4887200
WMT,20130712,77.610001,77.669998,77.330002,73.425436,4457700
WMT,20130711,77.449997,77.75,77.330002,73.425436,4680700
WMT,20130710,76.959999,77.50,76.449997,72.612015,5144300
WMT,20130709,76.959999,77.440002,76.739998,72.857935,5273100
WMT,20130708,75.68,76.769997,75.68,72.555267,6713400
WMT,20130705,75.150002,75.260002,74.410004,71.136509,5443900
WMT,20130703,74.410004,75.120003,74.089996,70.710885,2316400
WMT,20130702,74.309998,75.68,74.209999,70.66359,6726400
WMT,20130701,74.989998,75.279999,74.099998,70.550087,6697700
WMT,20130628,75.110001,75.660004,74.449997,70.455504,14548300
WMT,20130627,75.480003,76.110001,75.239998,71.183804,7087800
WMT,20130626,74.620003,75.18,74.540001,70.947344,5478400
WMT,20130625,74.269997,74.75,73.839996,70.342008,7217800
WMT,20130624,73.050003,74.790001,72.900002,70.18121,9697300
WMT,20130621,73.519997,74.199997,73.25,69.528587,14564500
WMT,20130620,74.50,74.660004,73.010002,69.074581,9069700
WMT,20130619,75.739998,75.959999,74.339996,70.42713,8329100
WMT,20130618,75.00,75.879997,74.800003,71.628349,6739700
WMT,20130617,75.00,75.449997,74.510002,70.890589,6480600
WMT,20130614,74.839996,75.269997,74.800003,70.814927,6351500
WMT,20130613,74.779999,75.330002,74.559998,70.937884,7239500
WMT,20130612,75.470001,75.709999,74.650002,70.786546,4731100
WMT,20130611,75.419998,75.830002,74.989998,71.174343,6006400
WMT,20130610,76.279999,76.650002,75.660004,71.647263,6731500
WMT,20130607,76.379997,76.870003,76.190002,72.195851,8347200
WMT,20130606,75.269997,75.739998,74.839996,71.533759,9425100
WMT,20130605,75.720001,75.949997,75.07,71.174343,6778600
WMT,20130604,75.769997,76.379997,75.470001,71.826974,9344000
WMT,20130603,75.059998,75.800003,74.639999,71.590515,8440500
WMT,20130531,75.360001,75.629997,74.82,70.786546,9745700
WMT,20130530,76.489998,76.540001,75.610001,71.533759,6228000
WMT,20130529,77.050003,77.050003,76.059998,72.101268,5882300
WMT,20130528,77.519997,78.040001,77.059998,73.132229,6059200
WMT,20130524,76.32,77.410004,76.150002,73.122768,7589600
WMT,20130523,76.830002,76.940002,76.25,72.195851,8048200
WMT,20130522,77.190002,77.800003,76.75,72.857935,9031300
WMT,20130521,77.620003,78.18,77.25,73.198437,7484300
WMT,20130520,77.879997,77.900002,77.360001,73.207898,5582600
WMT,20130517,78.300003,78.589996,77.400002,73.652443,10669300
WMT,20130516,78.099998,78.860001,77.339996,74.248318,12128600
WMT,20130515,78.800003,79.959999,78.650002,75.534659,8001100
WMT,20130514,77.980003,78.860001,77.669998,74.513152,10013700
WMT,20130513,78.800003,78.940002,77.919998,74.248318,7713900
WMT,20130510,78.470001,78.910004,78.279999,74.617195,5831200
WMT,20130509,78.309998,78.959999,77.900002,74.153736,6516800
WMT,20130508,78.559998,78.660004,77.779999,74.011859,8008500
WMT,20130507,79.099998,79.139999,78.769997,74.115904,6571100
WMT,20130506,79.099998,79.160004,78.769997,74.115904,4805700
WMT,20130503,78.919998,79.339996,78.900002,74.510786,5604100
WMT,20130502,77.910004,78.489998,77.800003,73.768028,4519600
WMT,20130501,77.849998,78.660004,77.690002,73.391947,6260300
WMT,20130430,78.279999,78.300003,77.370003,73.072283,7965800
WMT,20130429,79.080002,79.25,78.150002,73.702214,6156800
WMT,20130426,78.580002,79.150002,78.57,74.313345,5923600
WMT,20130425,78.18,78.830002,77.879997,73.946668,5729100
WMT,20130424,79.230003,79.50,77.919998,73.363742,8083600
WMT,20130423,78.110001,79.220001,78.050003,74.360351,6653600
WMT,20130422,78.290001,78.440002,77.50,73.307332,5154900
WMT,20130419,77.50,78.440002,77.400002,73.608196,7840500
WMT,20130418,78.760002,79.050003,76.610001,72.545773,14218900
WMT,20130417,78.529999,79.07,78.110001,73.815041,7248600
WMT,20130416,78.230003,78.860001,78.029999,73.974873,6854400
WMT,20130415,78.440002,79.279999,78.43,73.777432,8545500
WMT,20130412,77.629997,78.849998,77.580002,73.862047,6336800
WMT,20130411,77.360001,78.370003,77.269997,73.138096,7129100
WMT,20130410,78.279999,78.379997,77.370003,72.743214,8599000
WMT,20130409,77.239998,78.459999,77.019997,73.448364,8669900
WMT,20130408,76.099998,77.449997,75.830002,72.667997,8075100
WMT,20130405,75.550003,76.410004,75.43,71.821816,5880300
WMT,20130404,75.959999,76.580002,75.959999,71.643176,7508200
WMT,20130403,76.309998,76.68,75.720001,71.455139,7453900
WMT,20130402,75.550003,76.050003,75.419998,71.47394,6642800
WMT,20130401,75.00,75.93,74.900002,70.919226,8415400
WMT,20130328,74.839996,74.970001,74.379997,70.355108,7368300
WMT,20130327,74.309998,74.959999,74.239998,70.308095,5970300
WMT,20130326,74.93,75.089996,74.43,70.298691,6642400
WMT,20130325,74.139999,75.110001,74.120003,70.373908,10438700
WMT,20130322,73.349998,74.290001,73.290001,69.837995,7323800
WMT,20130321,72.870003,73.470001,72.849998,68.756765,5506700
WMT,20130320,72.809998,73.379997,72.739998,68.625137,6320300
WMT,20130319,72.419998,72.870003,72.190002,68.117429,5752800
WMT,20130318,72.290001,72.730003,72.010002,67.929392,5771000
WMT,20130315,73.010002,73.50,72.43,68.164442,17195100
WMT,20130314,73.870003,74.00,73.129997,68.841386,6353200
WMT,20130313,73.889999,74.199997,73.540001,69.245672,5326100
WMT,20130312,72.949997,73.900002,72.839996,69.198659,8153400
WMT,20130311,73.089996,73.239998,72.809998,68.615741,5148700
WMT,20130308,73.300003,73.389999,72.839996,68.662746,5744600
WMT,20130307,73.489998,73.610001,73.199997,68.493511,6680000
WMT,20130306,73.75,74.129997,73.25,68.549559,7149600
WMT,20130305,73.470001,74.040001,72.989998,68.867181,9142000
WMT,20130304,71.519997,73.260002,71.510002,68.437463,10567200
WMT,20130301,70.779999,71.900002,70.779999,67.017517,8902300
WMT,20130228,71.589996,71.879997,70.779999,66.120712,18883600
WMT,20130227,70.919998,71.959999,70.580002,66.942788,8819000
WMT,20130226,70.690002,71.389999,70.610001,66.428991,10557600
WMT,20130225,70.50,71.339996,70.440002,65.803097,11817600
WMT,20130222,70.220001,70.540001,69.889999,65.765729,9165200
WMT,20130221,70.00,71.470001,69.720001,65.634946,20413100
WMT,20130220,68.720001,69.849998,68.300003,64.654062,11973600
WMT,20130219,69.190002,69.449997,68.540001,64.233687,14682300
WMT,20130215,69.540001,70.00,68.129997,64.738141,25683700
WMT,20130214,71.099998,71.230003,70.75,66.15808,6821000
WMT,20130213,71.290001,71.699997,71.209999,66.690558,3968600
WMT,20130212,71.489998,71.660004,71.099998,66.699902,4762000
WMT,20130211,71.25,71.510002,70.529999,66.699902,6202600
WMT,20130208,71.199997,71.639999,71.07,66.774637,5906600
WMT,20130207,71.440002,71.639999,70.900002,66.541094,8306900
WMT,20130206,70.480003,71.32,70.300003,66.615822,9757800
WMT,20130205,69.870003,71.07,69.760002,66.111369,10525500
WMT,20130204,69.440002,69.900002,69.129997,65.046413,10759300
WMT,20130201,70.110001,70.540001,69.949997,65.849802,6449800
WMT,20130131,69.690002,70.440002,69.690002,65.345348,7016200
WMT,20130130,70.120003,70.120003,69.50,65.158516,7020600
WMT,20130129,69.209999,70.199997,69.199997,65.2893,9560900
WMT,20130128,69.080002,69.50,68.800003,64.784846,7054800
WMT,20130125,69.910004,70.00,68.93,64.457887,7967700
WMT,20130124,69.650002,69.989998,69.349998,65.195884,9139000
WMT,20130123,69.389999,69.639999,69.150002,64.915629,6365400
WMT,20130122,69.050003,69.650002,68.959999,64.999708,5747900
WMT,20130118,68.849998,69.199997,68.849998,64.644718,7813400
WMT,20130117,69.300003,69.32,68.709999,64.31776,7232600
WMT,20130116,68.940002,69.370003,68.889999,64.654062,4917900
WMT,20130115,68.190002,69.239998,68.099998,64.439207,6140400
WMT,20130114,68.489998,68.669998,68.110001,63.803969,5490400
WMT,20130111,68.599998,68.790001,68.209999,64.112241,6224500
WMT,20130110,68.660004,69.029999,67.720001,63.860017,11453800
WMT,20130109,68.660004,68.709999,68.220001,64.056192,5055200
WMT,20130108,68.279999,68.889999,68.209999,64.074873,5866900
WMT,20130107,68.830002,68.919998,68.129997,63.897385,6201400
WMT,20130104,68.730003,69.18,68.339996,64.513935,6438000
WMT,20130103,69.25,69.349998,68.379997,64.271055,8910100
WMT,20130102,68.93,69.239998,68.449997,64.682086,10390800
