XYL,20151030,36.509998,36.779999,36.07,36.41,1862900
XYL,20151029,35.82,36.740002,35.82,36.34,1769300
XYL,20151028,35.970001,36.599998,35.700001,36.380001,1557300
XYL,20151027,35.57,35.959999,35.279999,35.849998,2315800
XYL,20151026,36.139999,36.310001,35.639999,35.91,1340600
XYL,20151023,35.900002,36.220001,35.759998,36.189999,1507800
XYL,20151022,34.860001,35.830002,34.860001,35.619999,1415100
XYL,20151021,34.970001,35.240002,34.639999,34.720001,1396900
XYL,20151020,34.560001,35.18,34.41,34.880001,1205300
XYL,20151019,34.509998,34.669998,34.23,34.639999,1297500
XYL,20151016,34.689999,34.77,34.009998,34.740002,2124400
XYL,20151015,33.939999,34.82,33.669998,34.740002,1909200
XYL,20151014,34.290001,34.50,33.82,33.869999,1424500
XYL,20151013,34.330002,34.849998,34.220001,34.330002,1806700
XYL,20151012,34.849998,34.959999,34.610001,34.639999,1001400
XYL,20151009,35.080002,35.349998,34.709999,34.889999,1944600
XYL,20151008,33.939999,35.240002,33.880001,34.990002,1770100
XYL,20151007,33.59,34.189999,33.380001,34.040001,1669800
XYL,20151006,33.509998,33.84,33.360001,33.389999,1675700
XYL,20151005,33.580002,33.84,33.360001,33.560001,2376800
XYL,20151002,32.25,33.540001,32.16,33.509998,1406700
XYL,20151001,32.880001,33.200001,32.419998,32.689999,1490600
XYL,20150930,32.220001,32.950001,32.029999,32.849998,1705900
XYL,20150929,32.209999,32.439999,31.90,31.99,1344100
XYL,20150928,32.060001,32.27,31.950001,32.07,2123200
XYL,20150925,32.650002,32.779999,32.32,32.470001,2088300
XYL,20150924,31.60,32.73,31.27,32.52,2293700
XYL,20150923,32.470001,32.66,31.76,31.780001,1046900
XYL,20150922,32.16,32.50,32.009998,32.400002,1333500
XYL,20150921,32.450001,33.00,32.130001,32.630001,1905700
XYL,20150918,32.560001,32.68,32.169998,32.25,1505300
XYL,20150917,33.32,33.560001,32.98,33.080002,1452200
XYL,20150916,33.00,33.439999,32.959999,33.369999,1087700
XYL,20150915,32.389999,33.130001,32.23,33.029999,1870300
XYL,20150914,32.450001,32.48,32.02,32.220001,1258400
XYL,20150911,32.040001,32.490002,31.889999,32.490002,1463900
XYL,20150910,31.99,32.419998,31.83,32.130001,1397000
XYL,20150909,32.82,32.889999,32.049999,32.110001,1334700
XYL,20150908,32.259998,32.540001,32.119999,32.439999,1395000
XYL,20150904,31.889999,32.240002,31.66,31.68,1702200
XYL,20150903,31.82,32.610001,31.82,32.349998,1931300
XYL,20150902,31.60,31.82,31.200001,31.379999,1913200
XYL,20150901,31.76,32.029999,30.98,31.129999,973000
XYL,20150831,32.43,32.68,32.049999,32.450001,1032800
XYL,20150828,32.240002,32.790001,32.16,32.559001,1874000
XYL,20150827,31.77,32.400002,31.610001,32.230422,1697100
XYL,20150826,31.00,31.440001,30.780001,31.244691,2430400
XYL,20150825,31.93,31.98,30.43,30.328658,2221500
XYL,20150824,30.49,31.92,29.90,30.776718,2479100
XYL,20150821,32.48,32.580002,32.049999,31.931716,1535200
XYL,20150820,32.84,33.119999,32.650002,32.519173,1047000
XYL,20150819,33.23,33.360001,32.93,33.007061,692600
XYL,20150818,33.779999,33.799999,33.380001,33.265939,995700
XYL,20150817,33.549999,33.790001,33.330002,33.624387,1057500
XYL,20150814,33.619999,33.77,33.279999,33.554689,1194900
XYL,20150813,33.619999,33.720001,33.419998,33.345595,1368500
XYL,20150812,33.32,33.740002,33.18,33.514861,975800
XYL,20150811,33.720001,33.82,33.48,33.435208,1099300
XYL,20150810,33.82,34.16,33.720001,33.943007,1165600
XYL,20150807,33.639999,33.860001,33.380001,33.355551,887700
XYL,20150806,33.950001,34.130001,33.57,33.534775,1507800
XYL,20150805,33.98,34.299999,33.650002,33.743868,1276700
XYL,20150804,33.880001,34.18,33.66,33.594518,1043200
XYL,20150803,34.50,34.50,33.599998,33.70404,1104500
XYL,20150731,35.259998,35.459999,34.34,34.381108,1142500
XYL,20150730,34.91,35.66,34.73,35.068135,1029300
XYL,20150729,34.759998,35.32,34.639999,35.078091,886300
XYL,20150728,34.560001,34.939999,34.50,34.63003,1400100
XYL,20150727,34.32,34.490002,34.25,34.251671,1366600
XYL,20150724,34.610001,34.68,34.490002,34.480679,1121900
XYL,20150723,34.970001,35.130001,34.57,34.520504,1125100
XYL,20150722,35.00,35.200001,34.860001,34.829169,968700
XYL,20150721,35.700001,35.709999,35.09,35.038262,951200
XYL,20150720,35.82,35.93,35.709999,35.615763,556300
XYL,20150717,35.919998,36.029999,35.689999,35.655592,514800
XYL,20150716,36.220001,36.380001,35.799999,35.864685,562000
XYL,20150715,36.459999,36.580002,35.900002,35.794987,611400
XYL,20150714,36.040001,36.709999,35.75,36.33266,1899000
XYL,20150713,35.700001,36.09,35.52,35.904514,920400
XYL,20150710,35.91,35.950001,35.349998,35.237401,1670300
XYL,20150709,36.009998,36.25,35.540001,35.386755,668600
XYL,20150708,36.099998,36.27,35.459999,35.416625,657400
XYL,20150707,36.240002,36.41,35.619999,36.223133,863100
XYL,20150706,36.330002,36.490002,36.040001,36.093693,938100
XYL,20150702,36.889999,37.009998,36.52,36.571623,698300
XYL,20150701,37.32,37.32,36.689999,36.65128,1183300
XYL,20150630,36.77,37.349998,36.529999,36.910157,2068400
XYL,20150629,36.700001,36.75,36.25,36.103648,987600
XYL,20150626,37.029999,37.18,36.880001,36.780716,3002800
XYL,20150625,37.240002,37.34,36.889999,36.800631,863100
XYL,20150624,37.200001,37.34,37.07,37.089381,1060600
XYL,20150623,36.970001,37.700001,36.959999,37.139165,1732500
XYL,20150622,36.950001,37.07,36.57,36.840459,981600
XYL,20150619,36.830002,36.830002,36.400002,36.282872,1299100
XYL,20150618,36.509998,37.119999,36.389999,36.740892,841100
XYL,20150617,36.580002,36.84,36.23,36.223133,814500
XYL,20150616,36.240002,36.560001,36.00,36.292831,750000
XYL,20150615,36.360001,36.43,36.049999,35.964252,575600
XYL,20150612,36.810001,36.900002,36.43,36.382443,443700
XYL,20150611,36.549999,36.990002,36.439999,36.750847,725500
XYL,20150610,36.310001,36.639999,36.23,36.362529,648300
XYL,20150609,36.209999,36.389999,36.040001,35.944338,292700
XYL,20150608,36.360001,36.509998,36.07,35.984167,453100
XYL,20150605,36.209999,36.41,36.080002,36.223133,723900
XYL,20150604,36.75,36.75,36.32,36.262958,612400
XYL,20150603,36.689999,37.040001,36.57,36.800631,455100
XYL,20150602,36.52,37.07,36.43,36.531794,1009200
XYL,20150601,36.73,36.759998,36.310001,36.442182,762000
XYL,20150529,36.700001,36.869999,36.419998,36.412313,1275800
XYL,20150528,36.360001,36.810001,36.16,36.541753,1088700
XYL,20150527,36.41,36.57,36.189999,36.342615,589600
XYL,20150526,36.779999,36.849998,36.27,36.183305,482000
XYL,20150522,37.119999,37.150002,36.799999,36.690112,576400
XYL,20150521,36.75,37.200001,36.720001,36.838894,1343000
XYL,20150520,36.779999,36.950001,36.639999,36.511571,533100
XYL,20150519,37.049999,37.139999,36.669998,36.481812,630600
XYL,20150518,36.830002,37.049999,36.75,36.709947,618200
XYL,20150515,37.080002,37.150002,36.68,36.53141,918000
XYL,20150514,36.959999,37.099998,36.779999,36.7893,834800
XYL,20150513,36.66,36.970001,36.650002,36.491733,942200
XYL,20150512,36.549999,36.73,36.259998,36.194166,821600
XYL,20150511,36.849998,37.119999,36.740002,36.511571,976000
XYL,20150508,37.110001,37.16,36.849998,36.600842,1238200
XYL,20150507,36.52,36.709999,36.240002,36.392542,636400
XYL,20150506,36.77,36.900002,36.27,36.233839,774600
XYL,20150505,36.990002,37.48,36.57,36.342948,946900
XYL,20150504,37.16,37.25,36.73,36.600842,920200
XYL,20150501,37.290001,37.32,36.23,36.838894,1650300
XYL,20150430,36.650002,37.48,36.130001,36.719868,1920800
XYL,20150429,36.16,36.77,36.150002,36.33303,1706100
XYL,20150428,36.130001,36.380001,35.919998,36.075136,913100
XYL,20150427,35.73,36.310001,35.700001,36.005704,798400
XYL,20150424,35.880001,35.970001,35.400002,35.341138,673900
XYL,20150423,35.490002,36.189999,35.369999,35.608949,816000
XYL,20150422,35.400002,35.470001,35.09,35.172514,513100
XYL,20150421,35.52,35.68,35.09,35.073326,521300
XYL,20150420,35.360001,35.57,35.259998,35.172514,661100
XYL,20150417,35.509998,35.509998,34.959999,34.855109,1145300
XYL,20150416,35.400002,36.029999,35.25,35.539517,914000
XYL,20150415,35.32,35.720001,35.27,35.202273,1276200
XYL,20150414,35.07,35.360001,35.02,34.914624,780700
XYL,20150413,35.09,35.419998,35.080002,34.874947,663500
XYL,20150410,35.110001,35.310001,34.98,34.914624,1463700
XYL,20150409,35.139999,35.23,34.799999,34.676568,1404300
XYL,20150408,35.959999,36.119999,35.009998,34.964218,1642000
XYL,20150407,36.02,36.209999,35.880001,35.777569,916400
XYL,20150406,35.48,36.299999,35.48,35.777569,779100
XYL,20150402,35.43,36.009998,35.310001,35.49984,873600
XYL,20150401,35.48,35.630001,34.950001,35.12292,1057400
XYL,20150331,35.25,35.25,34.73,34.736083,789300
XYL,20150330,35.029999,35.41,35.029999,35.063405,696500
XYL,20150327,34.610001,35.080002,34.540001,34.686489,1077300
XYL,20150326,34.540001,34.799999,34.459999,34.388918,676200
XYL,20150325,35.220001,35.220001,34.740002,34.458354,772200
XYL,20150324,35.060001,35.259998,34.889999,34.785677,964700
XYL,20150323,35.27,35.599998,35.099998,34.815432,1406000
XYL,20150320,35.84,36.040001,35.77,35.69822,1424000
XYL,20150319,35.740002,35.759998,35.349998,35.251867,883500
XYL,20150318,34.560001,36.00,34.360001,35.57919,1209100
XYL,20150317,34.950001,34.950001,34.509998,34.388918,683500
XYL,20150316,34.779999,35.040001,34.59,34.746,766900
XYL,20150313,35.16,35.189999,34.41,34.329407,1423800
XYL,20150312,34.669998,35.27,34.619999,34.884864,815000
XYL,20150311,34.720001,34.720001,34.189999,34.299651,959600
XYL,20150310,34.810001,34.900002,34.580002,34.418677,1161900
XYL,20150309,35.23,35.470001,35.119999,34.964218,849600
XYL,20150306,35.310001,35.580002,35.060001,34.884864,1722100
XYL,20150305,35.689999,35.900002,35.439999,35.291544,871800
XYL,20150304,35.900002,35.900002,35.52,35.400649,968600
XYL,20150303,36.029999,36.380001,35.939999,35.807325,816500
XYL,20150302,35.700001,36.25,35.540001,35.876757,822400
XYL,20150227,35.709999,35.950001,35.580002,35.41057,663200
XYL,20150226,36.060001,36.060001,35.639999,35.480002,906600
XYL,20150225,35.900002,36.279999,35.900002,35.747814,788200
XYL,20150224,35.740002,36.029999,35.700001,35.66846,730700
XYL,20150223,35.970001,36.119999,35.57,35.519679,934700
XYL,20150220,35.599998,36.169998,35.369999,35.737893,770600
XYL,20150219,35.689999,35.970001,35.549999,35.370893,962900
XYL,20150218,35.880001,36.099998,35.689999,35.539517,622700
XYL,20150217,35.990002,36.029999,35.529999,35.589111,836000
XYL,20150213,35.599998,36.099998,35.389999,35.767652,1057700
XYL,20150212,35.389999,35.669998,35.16,35.181442,848900
XYL,20150211,35.27,35.389999,35.02,34.825774,729500
XYL,20150210,35.23,35.439999,35.009998,34.964089,1244600
XYL,20150209,35.099998,35.669998,34.950001,34.68746,1828700
XYL,20150206,34.869999,35.400002,34.75,34.766495,1974600
XYL,20150205,34.880001,35.389999,34.41,34.440468,2360500
XYL,20150204,35.18,35.369999,34.709999,34.470106,1372200
XYL,20150203,35.029999,35.48,34.860001,34.964089,1196900
XYL,20150202,34.25,34.810001,33.810001,34.321914,1554400
XYL,20150130,33.919998,34.400002,33.91,33.689613,1633000
XYL,20150129,34.189999,34.369999,33.540001,33.748892,1959500
XYL,20150128,34.900002,35.25,34.169998,33.847687,802200
XYL,20150127,34.599998,34.91,34.419998,34.321914,661400
XYL,20150126,35.119999,35.25,34.830002,34.766495,691100
XYL,20150123,35.200001,35.52,35.169998,34.746735,596900
XYL,20150122,35.32,35.540001,34.959999,34.904813,871700
XYL,20150121,34.25,35.139999,34.25,34.677578,918900
XYL,20150120,34.599998,34.720001,34.040001,33.986005,971200
XYL,20150116,34.040001,34.490002,33.98,34.055163,905400
XYL,20150115,34.630001,34.900002,34.200001,33.808171,974400
XYL,20150114,34.040001,34.66,33.93,34.045281,640700
XYL,20150113,34.720001,35.18,34.150002,34.262634,1139500
XYL,20150112,35.34,35.389999,34.380001,34.183595,1437500
XYL,20150109,36.080002,36.110001,35.32,34.944329,757000
XYL,20150108,36.009998,36.09,35.68,35.616146,821800
XYL,20150107,35.869999,36.00,35.25,35.349395,1038600
XYL,20150106,35.700001,35.919998,35.110001,35.072766,1333200
XYL,20150105,37.34,37.419998,35.669998,35.280237,1369900
XYL,20150102,38.400002,38.59,37.50,37.621718,605900
XYL,20141231,38.650002,38.650002,38.040001,37.611836,466700
XYL,20141230,38.82,38.91,38.419998,37.967504,437700
XYL,20141229,38.93,39.169998,38.799999,38.392329,351800
XYL,20141226,38.880001,39.150002,38.880001,38.481246,249400
XYL,20141224,38.75,39.07,38.740002,38.293531,302200
XYL,20141223,38.919998,39.23,38.66,38.254015,645300
XYL,20141222,38.740002,38.990002,38.470001,38.273775,467200
XYL,20141219,38.25,38.700001,38.060001,38.125578,1534200
XYL,20141218,37.57,38.099998,37.23,37.641474,698900
XYL,20141217,36.23,37.00,35.689999,36.465796,1241600
XYL,20141216,36.07,37.049999,36.07,35.833499,712900
XYL,20141215,36.43,36.73,36.009998,35.803861,724500
XYL,20141212,36.610001,37.00,36.189999,35.764342,722700
XYL,20141211,37.009998,37.450001,36.889999,36.534954,586000
XYL,20141210,37.939999,38.02,36.77,36.396639,781000
XYL,20141209,37.389999,38.18,37.389999,37.661233,616100
XYL,20141208,38.57,38.75,37.740002,37.364845,468800
XYL,20141205,38.669998,38.799999,38.459999,38.125578,392200
XYL,20141204,38.810001,38.810001,38.32,38.105818,443000
XYL,20141203,38.009998,38.990002,38.009998,38.421967,691700
XYL,20141202,38.50,38.759998,37.970001,37.562438,958600
XYL,20141201,38.110001,38.470001,37.84,37.977382,850000
XYL,20141128,38.459999,38.689999,38.189999,37.878587,676400
XYL,20141126,38.360001,38.560001,38.07,38.076181,550900
XYL,20141125,38.50,38.59,38.09,37.927984,772700
XYL,20141124,38.290001,38.57,38.240002,37.937866,643300
XYL,20141121,37.950001,38.50,37.73,37.78967,1030600
XYL,20141120,37.139999,37.540001,36.990002,37.009176,610700
XYL,20141119,38.02,38.110001,37.139999,36.890622,857300
XYL,20141118,37.709999,38.490002,37.549999,37.75015,908400
XYL,20141117,37.599998,37.860001,37.459999,37.275928,700900
XYL,20141114,37.380001,37.630001,37.099998,37.167251,1101500
XYL,20141113,37.439999,37.630001,37.209999,36.999298,1109100
XYL,20141112,37.23,37.560001,37.080002,37.098093,762500
XYL,20141111,37.240002,37.369999,37.040001,36.9005,534600
XYL,20141110,37.130001,37.360001,37.00,36.831342,625800
XYL,20141107,37.099998,37.25,36.82,36.594233,669300
XYL,20141106,36.41,37.119999,36.259998,36.66339,1218200
XYL,20141105,36.32,36.450001,35.970001,35.952054,823700
XYL,20141104,35.91,36.200001,35.790001,35.507469,693800
XYL,20141103,36.34,36.43,35.869999,35.606268,781100
XYL,20141031,36.439999,36.599998,36.029999,35.922416,1161000
XYL,20141030,35.450001,36.049999,35.07,35.379036,658400
XYL,20141029,36.549999,36.740002,35.549999,35.280237,907400
XYL,20141028,35.470001,36.50,34.639999,36.040971,1857800
XYL,20141027,35.02,35.259998,34.610001,34.598543,1397900
XYL,20141024,35.040001,35.349998,34.759998,34.788232,788900
XYL,20141023,34.48,35.299999,34.389999,34.502759,945000
XYL,20141022,34.580002,34.709999,34.009998,33.528218,919400
XYL,20141021,33.990002,34.650002,33.869999,33.971189,1314100
XYL,20141020,34.139999,34.290001,33.549999,33.18368,1385400
XYL,20141017,34.330002,34.66,33.810001,33.675874,1407900
XYL,20141016,32.59,34.290001,32.470001,33.50853,1921100
XYL,20141015,32.23,33.700001,31.799999,32.780082,2094300
XYL,20141014,32.369999,33.259998,32.32,32.189451,1382100
XYL,20141013,32.549999,32.82,31.879999,31.411785,1173000
XYL,20141010,33.32,33.389999,32.50,31.992573,1116300
XYL,20141009,34.50,34.580002,33.32,32.858834,667400
XYL,20141008,34.07,34.66,33.68,34.089318,1073100
XYL,20141007,35.279999,35.279999,34.139999,33.616813,1199000
XYL,20141006,35.150002,35.630001,35.07,35.024486,1036900
XYL,20141003,35.23,35.299999,34.919998,34.522447,1223200
XYL,20141002,34.810001,35.049999,34.189999,34.463382,1028300
XYL,20141001,35.450001,35.529999,34.68,34.315727,997000
XYL,20140930,36.18,36.23,35.380001,34.935891,1101900
XYL,20140929,36.200001,36.349998,36.060001,35.684024,574900
XYL,20140926,36.490002,36.689999,36.27,36.028558,425000
XYL,20140925,37.16,37.18,36.48,35.939963,1059300
XYL,20140924,37.32,37.52,37.049999,36.796382,1036700
XYL,20140923,37.139999,37.669998,36.950001,36.806224,884100
XYL,20140922,37.709999,37.709999,37.130001,36.747163,623400
XYL,20140919,37.790001,37.950001,37.48,37.180292,1491000
XYL,20140918,37.50,37.84,37.32,37.180292,668300
XYL,20140917,37.450001,37.759998,37.23,36.81607,484200
XYL,20140916,37.130001,37.650002,37.040001,36.92435,598000
XYL,20140915,37.16,37.330002,37.040001,36.599504,403900
XYL,20140912,37.43,37.50,37.02,36.569973,414600
XYL,20140911,37.139999,37.549999,37.119999,36.825912,496700
XYL,20140910,37.369999,37.41,36.959999,36.737317,314600
XYL,20140909,37.560001,37.720001,37.279999,36.786536,489000
XYL,20140908,37.59,37.73,37.439999,37.081851,710500
XYL,20140905,37.82,37.82,37.360001,37.054289,528600
XYL,20140904,37.889999,38.34,37.790001,37.162205,1065000
XYL,20140903,38.169998,38.259998,37.740002,37.132771,751000
XYL,20140902,37.50,38.099998,37.380001,37.338794,930900
XYL,20140829,37.369999,37.48,36.950001,36.553951,395200
XYL,20140828,37.349998,37.400002,37.150002,36.553951,547000
XYL,20140827,37.650002,37.650002,37.25,36.720731,324400
XYL,20140826,37.880001,38.040001,37.639999,36.936564,314600
XYL,20140825,37.59,37.880001,37.43,37.103341,402700
XYL,20140822,37.66,37.73,37.360001,36.691301,578700
XYL,20140821,38.060001,38.060001,37.689999,37.064098,432400
XYL,20140820,37.509998,38.130001,37.459999,37.289739,899500
XYL,20140819,37.43,37.599998,37.380001,36.799213,575800
XYL,20140818,37.009998,37.41,36.98,36.691301,539200
XYL,20140815,36.889999,37.049999,36.48,36.024186,680800
XYL,20140814,36.720001,36.880001,36.57,35.994752,342600
XYL,20140813,36.610001,36.790001,36.439999,36.043808,553300
XYL,20140812,36.549999,37.07,36.439999,35.818163,753200
XYL,20140811,36.25,36.73,36.240002,35.867218,710000
XYL,20140808,36.02,36.169998,35.790001,35.376693,1029100
XYL,20140807,35.900002,36.23,35.650002,35.357071,1650200
XYL,20140806,35.279999,35.919998,35.25,34.96465,1061700
XYL,20140805,35.150002,35.919998,35.110001,34.954841,1247500
XYL,20140804,35.049999,35.41,34.77,34.631092,1167100
XYL,20140801,35.18,35.23,34.860001,34.317156,1630000
XYL,20140731,36.220001,36.490002,35.259998,34.621283,1195900
XYL,20140730,37.470001,37.509998,36.419998,35.739681,1653800
XYL,20140729,37.380001,38.869999,37.189999,36.49509,2247900
XYL,20140728,36.849998,36.849998,36.34,35.769111,1560300
XYL,20140725,36.959999,37.02,36.700001,36.141911,1494100
XYL,20140724,37.450001,37.52,37.080002,36.504899,590100
XYL,20140723,37.599998,37.75,37.209999,36.622628,526400
XYL,20140722,37.779999,38.040001,37.560001,36.887508,547600
XYL,20140721,37.41,37.830002,37.259998,36.936564,622000
XYL,20140718,36.82,37.490002,36.59,36.740353,587500
XYL,20140717,37.27,37.27,36.68,36.033995,785900
XYL,20140716,37.360001,37.610001,37.009998,36.877699,723900
XYL,20140715,37.509998,37.75,36.919998,36.52452,1077100
XYL,20140714,37.279999,37.599998,37.110001,36.809026,956100
XYL,20140711,37.240002,37.330002,36.77,36.396983,1030000
XYL,20140710,36.990002,37.529999,36.700001,36.534333,725700
XYL,20140709,37.450001,37.630001,37.279999,36.828648,690700
XYL,20140708,37.82,37.869999,37.110001,36.652058,1299800
XYL,20140707,38.830002,38.830002,37.84,37.27993,1026900
XYL,20140703,38.880001,39.16,38.77,38.280602,433400
XYL,20140702,39.060001,39.23,38.450001,37.917615,759000
XYL,20140701,39.330002,39.43,39.080002,38.388518,644200
XYL,20140630,39.220001,39.310001,38.919998,38.339467,846000
XYL,20140627,38.970001,39.32,38.970001,38.506243,1616200
XYL,20140626,38.599998,39.50,38.599998,38.388518,760100
XYL,20140625,39.07,39.439999,39.07,38.623969,809800
XYL,20140624,39.639999,40.00,39.139999,38.486622,908000
XYL,20140623,39.720001,39.959999,39.43,39.026199,1028400
XYL,20140620,39.419998,39.84,39.029999,38.918283,1568800
XYL,20140619,39.00,39.470001,38.59,38.594538,995400
XYL,20140618,38.709999,39.080002,38.25,38.182495,889200
XYL,20140617,38.32,38.73,38.130001,37.848941,678600
XYL,20140616,38.490002,38.740002,38.330002,37.741025,869800
XYL,20140613,37.740002,38.650002,37.73,37.868559,1301400
XYL,20140612,37.84,38.040001,37.459999,37.054289,2333400
XYL,20140611,37.959999,37.98,37.52,37.240687,759900
XYL,20140610,38.029999,38.27,37.740002,37.407468,811000
XYL,20140609,37.57,38.50,37.57,37.387846,1028100
XYL,20140606,37.209999,37.799999,36.959999,37.034667,1426100
XYL,20140605,36.950001,37.490002,36.889999,36.661867,1182200
XYL,20140604,37.18,37.310001,36.830002,36.181154,913600
XYL,20140603,37.34,37.43,37.200001,36.52452,1268100
XYL,20140602,37.389999,37.66,37.060001,36.818835,1171300
XYL,20140530,36.720001,37.34,36.720001,36.593194,1674200
XYL,20140529,38.130001,38.18,36.50,36.053617,2807700
XYL,20140528,38.50,38.630001,38.139999,37.436898,741300
XYL,20140527,38.560001,38.91,38.43,37.809698,550000
XYL,20140523,37.93,38.650002,37.759998,37.69197,1272000
XYL,20140522,37.82,38.209999,37.650002,37.230878,952700
XYL,20140521,37.349998,38.34,37.290001,37.103341,2069200
XYL,20140520,37.810001,37.939999,37.099998,36.573572,1014700
XYL,20140519,36.740002,37.950001,36.610001,37.181826,940000
XYL,20140516,37.16,37.279999,36.650002,36.075202,938000
XYL,20140515,37.57,37.700001,37.040001,36.397824,668400
XYL,20140514,37.950001,38.02,37.529999,36.915976,649400
XYL,20140513,38.150002,38.369999,37.869999,37.111507,785600
XYL,20140512,37.459999,38.060001,37.310001,37.179942,714100
XYL,20140509,37.18,37.189999,36.75,36.358717,432500
XYL,20140508,38.50,38.50,36.93,36.466259,702600
XYL,20140507,37.18,37.279999,36.689999,36.388049,641100
XYL,20140506,36.709999,37.139999,36.529999,36.104531,716200
XYL,20140505,36.630001,37.02,36.330002,35.948107,527800
XYL,20140502,37.00,37.360001,36.830002,36.036096,776700
XYL,20140501,37.529999,37.610001,36.720001,36.133859,1230400
XYL,20140430,37.150002,37.639999,36.630001,36.749778,1765900
XYL,20140429,37.389999,37.580002,36.080002,35.625482,1478300
XYL,20140428,35.669998,35.73,34.93,34.569624,1091300
XYL,20140425,35.630001,35.630001,35.02,34.618506,929100
XYL,20140424,35.91,36.200001,35.43,34.999788,834300
XYL,20140423,35.610001,35.900002,35.57,34.882471,510100
XYL,20140422,35.529999,35.939999,35.380001,34.911799,635200
XYL,20140421,35.310001,35.59,35.02,34.726048,606200
XYL,20140417,35.529999,35.73,35.23,34.510964,1431800
XYL,20140416,35.150002,35.759998,34.93,34.696719,1106600
XYL,20140415,35.119999,35.18,34.50,34.110128,1391700
XYL,20140414,35.450001,35.470001,34.77,34.334987,1137700
XYL,20140411,35.970001,36.290001,35.110001,34.432754,1295000
XYL,20140410,37.119999,37.119999,35.880001,35.10733,1586100
XYL,20140409,36.209999,37.029999,35.98,36.182741,813100
XYL,20140408,36.23,36.549999,35.970001,35.234425,1469300
XYL,20140407,37.220001,37.349998,36.049999,35.566825,1380900
XYL,20140404,37.470001,37.880001,37.25,36.466259,1543700
XYL,20140403,37.799999,37.93,37.240002,36.436931,1576500
XYL,20140402,37.139999,37.779999,36.950001,36.925755,1345700
XYL,20140401,36.470001,37.25,36.349998,36.319614,1385500
XYL,20140331,36.220001,36.509998,36.099998,35.605928,771500
XYL,20140328,35.830002,36.310001,35.779999,35.195318,626300
XYL,20140327,35.73,35.950001,35.34,34.980234,974900
XYL,20140326,36.77,36.950001,35.82,35.038894,762200
XYL,20140325,35.970001,36.82,35.970001,35.801459,1431400
XYL,20140324,36.419998,36.720001,35.700001,34.911799,1100800
XYL,20140321,36.639999,36.759998,36.25,35.469058,2900600
XYL,20140320,36.290001,36.580002,35.880001,35.527718,1077500
XYL,20140319,36.779999,36.869999,36.150002,35.625482,810100
XYL,20140318,36.900002,36.93,36.709999,35.957882,920000
XYL,20140317,36.950001,37.220001,36.639999,35.987214,953900
XYL,20140314,36.650002,37.18,36.650002,35.967661,863000
XYL,20140313,37.490002,37.700001,36.560001,35.918779,1083400
XYL,20140312,37.599998,37.82,37.25,36.564026,930800
XYL,20140311,38.00,38.389999,37.73,37.003965,1349700
XYL,20140310,38.50,38.580002,37.830002,37.199495,970400
XYL,20140307,38.549999,38.84,38.349998,37.776307,1323900
XYL,20140306,38.50,38.860001,38.259998,37.443907,1523100
XYL,20140305,38.669998,38.93,38.470001,37.639437,1163100
XYL,20140304,38.98,39.200001,38.57,37.922956,1493200
XYL,20140303,39.139999,39.240002,38.34,37.737201,1407700
XYL,20140228,39.279999,39.540001,39.060001,38.470436,866900
XYL,20140227,39.240002,39.470001,38.93,38.48999,573400
XYL,20140226,38.93,39.439999,38.709999,38.372673,1059500
XYL,20140225,39.450001,39.599998,38.66,37.893624,919700
XYL,20140224,38.919998,39.790001,38.77,38.519322,1167700
XYL,20140221,38.799999,39.07,38.709999,37.991391,1321000
XYL,20140220,37.759998,38.790001,37.66,37.844742,852200
XYL,20140219,38.529999,38.75,37.529999,36.779106,1100200
XYL,20140218,38.240002,38.73,38.07,37.707872,1426000
XYL,20140214,37.73,38.060001,37.709999,37.199495,881200
XYL,20140213,37.169998,37.84,37.02,36.869051,1030000
XYL,20140212,37.25,37.59,37.220001,36.440343,1110000
XYL,20140211,37.009998,37.41,36.849998,36.148038,1414400
XYL,20140210,37.00,37.130001,36.41,35.933685,835900
XYL,20140207,36.740002,37.220001,36.66,36.011631,1436100
XYL,20140206,35.59,36.650002,35.59,35.52446,1622500
XYL,20140205,36.310001,36.48,35.389999,34.608581,2203800
XYL,20140204,34.860001,36.419998,34.419998,35.339337,3716300
XYL,20140203,33.360001,33.52,32.630001,31.958373,3086600
XYL,20140131,33.00,33.389999,32.619999,32.504006,1939700
XYL,20140130,33.57,33.68,33.330002,32.504006,1397700
XYL,20140129,33.709999,34.32,33.209999,32.387086,1217300
XYL,20140128,33.540001,34.009998,33.43,33.039892,909500
XYL,20140127,33.709999,33.799999,33.080002,32.533235,1654700
XYL,20140124,35.240002,35.310001,33.639999,32.815794,1574700
XYL,20140123,36.240002,36.32,35.290001,34.530632,1027100
XYL,20140122,36.27,36.639999,36.00,35.553693,1207400
XYL,20140121,36.689999,36.73,35.669998,34.998315,1515000
XYL,20140117,36.759998,37.049999,36.43,35.631638,868300
XYL,20140116,36.279999,37.009998,36.099998,35.699842,1238300
XYL,20140115,35.779999,36.439999,35.779999,35.436769,2145200
XYL,20140114,35.040001,35.59,34.860001,34.667043,1716700
XYL,20140113,34.889999,35.299999,34.830002,34.121411,1856700
XYL,20140110,34.549999,35.290001,34.549999,34.014233,955700
XYL,20140109,34.549999,34.77,34.369999,33.741419,760800
XYL,20140108,34.439999,34.630001,34.130001,33.605012,1235000
XYL,20140107,34.470001,34.84,34.400002,33.624495,611100
XYL,20140106,34.639999,34.889999,34.330002,33.527063,849400
XYL,20140103,34.150002,34.849998,34.150002,33.585524,454500
XYL,20140102,34.389999,34.50,33.990002,33.283477,765100
XYL,20131231,34.650002,34.869999,34.59,33.712186,558000
XYL,20131230,34.490002,34.84,34.439999,33.692702,561700
XYL,20131227,34.689999,34.880001,34.470001,33.66347,242700
XYL,20131226,34.509998,34.790001,34.48,33.799877,270800
XYL,20131224,34.23,34.50,34.18,33.449117,311200
XYL,20131223,34.310001,34.549999,34.169998,33.312706,704900
XYL,20131220,34.290001,34.459999,33.950001,33.205532,1959300
XYL,20131219,34.52,34.790001,34.07,33.283477,1205100
XYL,20131218,34.200001,34.740002,33.959999,33.809622,1218900
XYL,20131217,33.849998,34.110001,33.720001,33.225016,1044000
XYL,20131216,33.869999,34.23,33.790001,33.020405,867300
XYL,20131213,33.529999,33.900002,33.509998,32.94246,1077600
XYL,20131212,32.939999,33.68,32.790001,32.650154,1312600
XYL,20131211,33.509998,33.560001,32.889999,32.065552,938200
XYL,20131210,33.529999,33.93,33.529999,32.679387,785500
XYL,20131209,33.639999,33.950001,33.549999,32.767078,980400
XYL,20131206,34.080002,34.080002,33.41,32.650154,1535600
XYL,20131205,33.52,33.98,33.43,32.913227,1124500
XYL,20131204,33.450001,33.73,33.07,32.698874,1062500
XYL,20131203,33.849998,34.080002,33.169998,32.718362,2468700
XYL,20131202,34.68,34.68,33.849998,33.039892,1295200
XYL,20131129,34.759998,34.860001,34.529999,33.673215,563800
XYL,20131127,34.790001,34.849998,34.540001,33.877826,368700
XYL,20131126,34.610001,34.82,34.369999,33.780389,822000
XYL,20131125,34.599998,34.880001,34.369999,33.643982,1008900
XYL,20131122,34.560001,34.66,34.330002,33.692702,1158600
XYL,20131121,34.400002,34.720001,34.240002,33.692702,1410800
XYL,20131120,34.389999,34.93,34.060001,33.419884,1382800
XYL,20131119,33.950001,34.279999,33.950001,33.273736,1273100
XYL,20131118,34.470001,34.529999,33.84,33.069121,999500
XYL,20131115,34.369999,34.650002,34.220001,33.585524,795100
XYL,20131114,34.450001,34.59,33.919998,33.497834,1167100
XYL,20131113,33.810001,34.34,33.630001,33.439372,987700
XYL,20131112,33.82,34.09,33.630001,33.069121,1118800
XYL,20131111,33.98,34.169998,33.830002,33.088609,842600
XYL,20131108,33.139999,34.07,33.119999,33.108096,1457300
XYL,20131107,33.59,33.689999,33.049999,32.26042,1592000
XYL,20131106,33.880001,33.93,33.169998,32.650154,1935000
XYL,20131105,33.75,33.869999,33.470001,32.883998,1612900
XYL,20131104,33.389999,34.099998,33.27,33.039892,1749800
XYL,20131101,34.529999,34.639999,32.98,32.367598,3774800
XYL,20131031,33.450001,34.66,33.389999,33.614753,2501000
XYL,20131030,32.48,33.560001,32.330002,32.620925,3006300
XYL,20131029,33.130001,33.799999,31.559999,31.695301,7931900
XYL,20131028,28.940001,29.120001,28.620001,28.187676,1647800
XYL,20131025,28.74,29.02,28.610001,28.246136,983700
XYL,20131024,28.370001,28.75,28.299999,27.953835,781800
XYL,20131023,28.139999,28.42,27.99,27.612815,983500
XYL,20131022,28.35,28.43,27.91,27.48615,1403900
XYL,20131021,27.82,28.35,27.74,27.603071,2116000
XYL,20131018,27.610001,27.85,27.58,27.002877,898900
XYL,20131017,27.84,27.91,27.370001,26.672982,2235100
XYL,20131016,28.02,28.049999,27.76,27.090202,1117200
XYL,20131015,28.040001,28.24,27.879999,27.090202,1376400
XYL,20131014,28.040001,28.24,27.959999,27.332772,1045600
XYL,20131011,27.85,28.15,27.700001,27.264853,943100
XYL,20131010,27.49,27.959999,27.459999,27.099905,728000
XYL,20131009,27.48,27.530001,26.99,26.401303,1478300
XYL,20131008,28.00,28.08,27.389999,26.585657,1093400
XYL,20131007,27.969999,28.110001,27.889999,27.167825,1045600
XYL,20131004,27.90,28.27,27.799999,27.342475,624700
XYL,20131003,28.02,28.120001,27.709999,27.070796,1390600
XYL,20131002,28.030001,28.120001,27.82,27.284259,1601300
XYL,20131001,27.959999,28.280001,27.93,27.400692,1110400
XYL,20130930,27.77,27.98,27.709999,27.099905,1112900
XYL,20130927,28.059999,28.15,27.889999,27.158122,1658800
XYL,20130926,28.02,28.40,28.02,27.390989,2730700
XYL,20130925,27.41,27.610001,27.379999,26.711794,1673200
XYL,20130924,27.040001,27.469999,27.00,26.546846,1378800
XYL,20130923,27.120001,27.280001,26.940001,26.197545,980600
XYL,20130920,27.66,27.719999,27.15,26.362493,3528000
XYL,20130919,27.57,28.09,27.34,26.692388,2545300
XYL,20130918,27.219999,27.66,26.709999,26.672982,2833300
XYL,20130917,27.17,27.299999,27.01,26.440115,1527000
XYL,20130916,27.26,27.299999,27.049999,26.35279,2203800
XYL,20130913,26.93,26.99,26.84,26.149032,2205300
XYL,20130912,27.049999,27.09,26.889999,26.158733,1407500
XYL,20130911,27.01,27.18,27.00,26.304277,3056900
XYL,20130910,26.889999,27.16,26.870001,26.265465,1922100
XYL,20130909,26.23,26.85,26.219999,25.984084,1924200
XYL,20130906,26.08,26.360001,25.780001,25.392213,1870000
XYL,20130905,25.50,26.01,25.50,25.139941,1055800
XYL,20130904,25.040001,25.65,25.040001,24.742126,913000
XYL,20130903,25.030001,25.16,24.950001,24.334609,1935800
XYL,20130830,24.940001,24.940001,24.68,24.043526,1844200
XYL,20130829,24.469999,25.01,24.42,24.095921,1687900
XYL,20130828,24.219999,24.540001,24.219999,23.670982,840000
XYL,20130827,24.41,24.48,24.18,23.439198,1338000
XYL,20130826,24.35,24.690001,24.35,23.738586,1059400
XYL,20130823,24.450001,24.50,24.27,23.46817,1656000
XYL,20130822,24.200001,24.48,24.139999,23.545431,1113400
XYL,20130821,24.42,24.530001,24.190001,23.361937,1029200
XYL,20130820,24.60,24.610001,24.26,23.46817,1491300
XYL,20130819,24.57,24.76,24.43,23.777217,832900
XYL,20130816,24.639999,24.700001,24.290001,23.68064,1352500
XYL,20130815,24.780001,24.959999,24.60,23.873793,3129200
XYL,20130814,25.00,25.030001,24.83,24.134551,1350200
XYL,20130813,24.950001,25.030001,24.77,24.115235,1580000
XYL,20130812,24.879999,25.02,24.719999,23.980028,1474400
XYL,20130809,24.93,25.059999,24.82,24.124893,2123200
XYL,20130808,25.08,25.209999,24.950001,24.124893,1776200
XYL,20130807,25.360001,25.360001,24.82,24.047631,2168600
XYL,20130806,25.26,25.48,25.200001,24.559489,1934500
XYL,20130805,25.17,25.40,25.059999,24.414624,1635900
XYL,20130802,25.09,25.41,25.040001,24.404966,1796500
XYL,20130801,25.18,25.43,24.91,24.327705,5562300
XYL,20130731,25.450001,25.450001,24.790001,24.076605,6312300
XYL,20130730,26.00,26.68,23.610001,24.665724,10022400
XYL,20130729,28.469999,28.66,28.42,27.485766,659300
XYL,20130726,28.59,28.870001,28.49,27.688578,632100
XYL,20130725,28.49,28.940001,28.49,27.843101,826600
XYL,20130724,28.74,28.870001,28.52,27.611317,546400
XYL,20130723,28.90,28.91,28.65,27.727208,897900
XYL,20130722,28.84,29.00,28.68,27.881733,560600
XYL,20130719,28.76,28.959999,28.639999,27.804471,602800
XYL,20130718,28.76,29.25,28.76,27.939678,609600
XYL,20130717,28.75,28.82,28.549999,27.649947,539100
XYL,20130716,29.129999,29.18,28.559999,27.601659,901700
XYL,20130715,29.209999,29.299999,29.059999,28.065227,903700
XYL,20130712,29.030001,29.209999,28.92,28.084543,671000
XYL,20130711,29.379999,29.790001,28.93,28.036255,1195100
XYL,20130710,28.540001,29.049999,28.50,27.978308,1069100
XYL,20130709,28.34,29.01,28.299999,27.563029,1425600
XYL,20130708,28.059999,28.27,28.01,27.196036,759400
XYL,20130705,27.780001,28.00,27.65,27.022198,570100
XYL,20130703,27.389999,27.709999,27.34,26.684178,330300
XYL,20130702,27.59,27.709999,27.389999,26.558629,1432800
XYL,20130701,27.120001,28.50,27.120001,26.703494,1479900
XYL,20130628,26.50,27.040001,26.43,26.0178,1758900
XYL,20130627,26.23,26.629999,26.129999,25.71841,1213800
XYL,20130626,26.07,26.18,25.98,25.187238,971200
XYL,20130625,25.950001,26.10,25.809999,25.042373,1245000
XYL,20130624,25.889999,26.02,25.559999,24.88785,1399900
XYL,20130621,26.620001,26.700001,25.870001,25.206554,1933200
XYL,20130620,26.99,27.120001,26.389999,25.505942,1268200
XYL,20130619,27.65,27.690001,27.24,26.317187,605400
XYL,20130618,27.360001,27.67,27.35,26.713152,666700
XYL,20130617,27.26,27.540001,27.07,26.336503,750600
XYL,20130614,27.24,27.51,27.049999,26.191638,349600
XYL,20130613,26.940001,27.389999,26.91,26.336503,805800
XYL,20130612,27.48,27.48,26.959999,26.085403,834400
XYL,20130611,27.25,27.49,27.110001,26.278556,654300
XYL,20130610,27.629999,27.629999,27.299999,26.558629,625100
XYL,20130607,27.48,27.799999,27.33,26.606917,866300
XYL,20130606,26.50,27.440001,26.49,26.365475,867900
XYL,20130605,27.82,27.860001,27.190001,26.2689,668800
XYL,20130604,28.24,28.469999,27.73,26.906306,479800
XYL,20130603,28.219999,28.389999,27.77,27.282956,1013600
XYL,20130531,28.41,28.700001,28.139999,27.17672,910900
XYL,20130530,28.129999,28.68,28.049999,27.572685,1034500
XYL,20130529,27.90,28.129999,27.77,27.089801,888000
XYL,20130528,28.17,28.389999,27.98,27.099459,715900
XYL,20130524,27.85,27.959999,27.610001,26.896649,582600
XYL,20130523,28.280001,28.450001,27.92,27.089801,931600
XYL,20130522,28.68,28.969999,28.370001,27.534056,1412200
XYL,20130521,28.90,29.190001,28.68,27.717552,450100
XYL,20130520,28.77,29.15,28.639999,27.891389,666600
XYL,20130517,28.85,29.09,28.790001,27.827648,502700
XYL,20130516,28.59,28.950001,28.59,27.548698,799000
XYL,20130515,28.190001,28.940001,28.129999,27.510223,1695900
XYL,20130514,27.610001,28.40,27.59,27.231272,1665300
XYL,20130513,27.75,27.82,27.35,26.490614,1150200
XYL,20130510,27.959999,28.09,27.700001,26.740705,863900
XYL,20130509,28.120001,28.200001,27.790001,26.817656,924000
XYL,20130508,27.709999,28.200001,27.639999,27.038894,1139700
XYL,20130507,27.530001,27.83,27.459999,26.625278,1070100
XYL,20130506,27.379999,27.66,27.26,26.365566,1050600
XYL,20130503,27.74,27.74,27.24,26.317472,1387000
XYL,20130502,27.51,27.709999,27.41,26.394424,1041300
XYL,20130501,27.610001,27.700001,27.120001,26.452137,1728700
XYL,20130430,27.809999,28.10,26.379999,26.692611,2809700
XYL,20130429,27.76,28.290001,27.690001,27.173559,664400
XYL,20130426,27.879999,27.879999,27.530001,26.654134,721500
XYL,20130425,27.790001,27.950001,27.74,26.79842,1025000
XYL,20130424,27.459999,27.969999,27.459999,26.634898,630400
XYL,20130423,26.92,27.43,26.92,26.346328,621900
XYL,20130422,26.959999,27.110001,26.639999,25.817286,907000
XYL,20130419,27.10,27.389999,26.93,25.96157,789500
XYL,20130418,27.370001,27.52,26.879999,26.009666,772800
XYL,20130417,27.48,27.610001,27.02,26.24052,1192600
XYL,20130416,27.530001,27.690001,27.25,26.60604,1391500
XYL,20130415,28.200001,28.360001,27.290001,26.375185,1603800
XYL,20130412,28.709999,28.76,28.42,27.510223,618600
XYL,20130411,28.65,28.860001,28.469999,27.760316,924700
XYL,20130410,28.049999,28.690001,28.030001,27.596793,1110000
XYL,20130409,27.85,28.030001,27.59,26.894608,754000
XYL,20130408,27.59,27.85,27.379999,26.788801,642000
XYL,20130405,27.41,27.65,27.200001,26.548327,1421700
XYL,20130404,27.16,27.719999,27.16,26.663753,982500
XYL,20130403,27.15,27.33,26.799999,26.086617,1416400
XYL,20130402,27.42,27.66,27.120001,26.182805,552600
XYL,20130401,27.559999,27.65,27.040001,26.211663,661400
XYL,20130328,27.370001,27.59,27.26,26.50985,1392700
XYL,20130327,27.50,27.540001,27.280001,26.25014,1269700
XYL,20130326,27.82,27.969999,27.57,26.634898,1082400
XYL,20130325,28.639999,28.639999,27.57,26.673372,865100
XYL,20130322,28.690001,28.76,28.35,27.356319,1154600
XYL,20130321,28.32,28.76,28.27,27.471746,1205900
XYL,20130320,28.629999,28.76,28.360001,27.423652,709300
XYL,20130319,28.85,28.85,28.209999,27.356319,548400
XYL,20130318,28.66,28.98,28.549999,27.683364,502000
XYL,20130315,28.59,29.030001,28.450001,27.856504,1381200
XYL,20130314,28.57,28.82,28.530001,27.61603,524100
XYL,20130313,28.52,28.57,28.370001,27.385175,608500
XYL,20130312,28.700001,28.74,28.33,27.44289,988600
XYL,20130311,28.469999,28.959999,28.450001,27.664126,910400
XYL,20130308,28.58,28.690001,28.200001,27.3467,1790000
XYL,20130307,29.059999,29.49,28.32,27.317843,2082000
XYL,20130306,28.57,29.43,28.559999,28.222025,1701300
XYL,20130305,27.68,28.51,27.67,27.365939,1210600
XYL,20130304,27.389999,27.51,27.139999,26.442518,682900
XYL,20130301,27.32,27.66,26.940001,26.442518,865600
XYL,20130228,27.530001,27.77,27.450001,26.452137,771500
XYL,20130227,27.00,27.549999,26.940001,26.423279,1019100
XYL,20130226,27.139999,27.23,26.799999,25.971189,1204400
XYL,20130225,28.02,28.16,27.02,25.990427,1093800
XYL,20130222,27.75,27.860001,27.60,26.731087,483600
XYL,20130221,27.85,28.049999,27.52,26.625278,1037700
XYL,20130220,28.709999,28.76,27.93,26.894608,765800
XYL,20130219,28.360001,28.85,28.360001,27.664126,1186200
XYL,20130215,28.219999,28.469999,28.02,27.202416,806500
XYL,20130214,28.219999,28.620001,28.209999,27.273596,927100
XYL,20130213,28.00,28.370001,27.940001,27.072422,622300
XYL,20130212,27.52,28.10,27.48,26.775449,905000
XYL,20130211,27.110001,27.530001,27.02,26.306039,875100
XYL,20130208,27.01,27.639999,27.01,25.951589,1206300
XYL,20130207,28.030001,28.030001,26.84,25.779153,1576400
XYL,20130206,27.610001,28.030001,27.540001,26.679651,1350700
XYL,20130205,27.73,27.99,27.65,26.603013,695300
XYL,20130204,27.870001,27.90,27.50,26.392257,914100
XYL,20130201,28.00,28.309999,27.91,26.832928,1239100
XYL,20130131,27.93,28.01,27.889999,26.756289,922700
XYL,20130130,27.950001,28.16,27.90,26.765869,811100
XYL,20130129,27.879999,28.01,27.809999,26.794608,1000700
XYL,20130128,27.76,28.00,27.549999,26.74671,874100
XYL,20130125,28.09,28.139999,27.559999,26.535955,831400
XYL,20130124,27.860001,28.26,27.799999,26.804188,1095100
XYL,20130123,27.620001,27.92,27.58,26.72755,977400
XYL,20130122,27.65,27.68,27.34,26.516795,1457900
XYL,20130118,27.549999,27.549999,27.139999,26.353939,711400
XYL,20130117,27.059999,27.469999,26.83,26.267721,653400
XYL,20130116,27.030001,27.120001,26.65,25.817473,431800
XYL,20130115,27.10,27.16,26.73,25.989907,734400
XYL,20130114,27.09,27.24,26.75,26.066545,417400
XYL,20130111,27.58,27.60,27.09,26.037807,353400
XYL,20130110,27.34,27.549999,27.120001,26.325199,842000
XYL,20130109,26.82,27.139999,26.76,25.961169,985500
XYL,20130108,26.93,26.940001,26.389999,25.558819,1084500
XYL,20130107,27.190001,27.32,26.93,25.874951,481300
XYL,20130104,27.51,27.639999,27.25,26.219823,563400
XYL,20130103,27.50,27.790001,27.24,26.258141,610800
XYL,20130102,27.629999,27.99,27.42,26.344359,927300
